date,region,product_line,units_sold,unit_price,revenue,on_promotion
2022-01-01,North,Apparel,30,22.29,668.85,0
2022-01-01,North,Electronics,42,19.23,807.85,0
2022-01-01,North,Home & Garden,24,23.27,558.48,0
2022-01-01,South,Apparel,26,18.79,488.57,0
2022-01-01,South,Electronics,27,21.2,572.5,0
2022-01-01,South,Home & Garden,22,19.05,419.1,0
2022-01-01,West,Apparel,22,24.42,537.22,0
2022-01-01,West,Electronics,34,21.85,742.99,0
2022-01-01,West,Home & Garden,41,18.99,778.61,1
2022-01-02,North,Apparel,28,21.69,607.33,0
2022-01-02,North,Electronics,45,19.21,864.26,0
2022-01-02,North,Home & Garden,25,22.97,574.17,0
2022-01-02,South,Apparel,28,18.32,513.02,0
2022-01-02,South,Electronics,31,21.23,658.25,0
2022-01-02,South,Home & Garden,25,19.05,476.13,0
2022-01-02,West,Apparel,24,24.71,593.13,0
2022-01-02,West,Electronics,33,21.94,723.9,0
2022-01-02,West,Home & Garden,22,19.03,418.69,0
2022-01-03,North,Apparel,20,21.54,430.71,0
2022-01-03,North,Electronics,38,18.79,714.03,0
2022-01-03,North,Home & Garden,19,23.07,438.31,0
2022-01-03,South,Apparel,23,18.78,431.96,0
2022-01-03,South,Electronics,26,21.36,555.29,0
2022-01-03,South,Home & Garden,21,19.62,411.99,0
2022-01-03,West,Apparel,19,23.76,451.53,0
2022-01-03,West,Electronics,29,22.06,639.86,0
2022-01-03,West,Home & Garden,23,19.07,438.54,0
2022-01-04,North,Apparel,23,22.04,506.84,0
2022-01-04,North,Electronics,36,18.82,677.45,0
2022-01-04,North,Home & Garden,19,23.21,440.97,0
2022-01-04,South,Apparel,22,18.38,404.44,0
2022-01-04,South,Electronics,27,21.14,570.71,0
2022-01-04,South,Home & Garden,18,19.29,347.31,0
2022-01-04,West,Apparel,19,23.73,450.89,0
2022-01-04,West,Electronics,28,22.03,616.82,0
2022-01-04,West,Home & Garden,21,19.24,403.94,0
2022-01-05,North,Apparel,21,22.14,464.93,0
2022-01-05,North,Electronics,41,18.84,772.47,0
2022-01-05,North,Home & Garden,30,23.46,703.73,1
2022-01-05,South,Apparel,22,18.17,399.74,0
2022-01-05,South,Electronics,27,21.16,571.28,0
2022-01-05,South,Home & Garden,15,19.65,294.69,0
2022-01-05,West,Apparel,17,24.39,414.59,0
2022-01-05,West,Electronics,26,22.11,574.76,0
2022-01-05,West,Home & Garden,21,18.4,386.31,0
2022-01-06,North,Apparel,22,21.73,478.07,0
2022-01-06,North,Electronics,38,18.91,718.65,0
2022-01-06,North,Home & Garden,19,23.99,455.83,0
2022-01-06,South,Apparel,20,18.22,364.5,0
2022-01-06,South,Electronics,27,21.13,570.58,0
2022-01-06,South,Home & Garden,16,19.44,310.98,0
2022-01-06,West,Apparel,16,23.64,378.31,0
2022-01-06,West,Electronics,33,21.73,717.09,0
2022-01-06,West,Home & Garden,18,18.57,334.26,0
2022-01-07,North,Apparel,23,21.59,496.56,0
2022-01-07,North,Electronics,33,19.02,627.78,0
2022-01-07,North,Home & Garden,14,24.1,337.4,0
2022-01-07,South,Apparel,19,18.94,359.87,0
2022-01-07,South,Electronics,30,21.21,636.38,0
2022-01-07,South,Home & Garden,18,18.94,340.84,0
2022-01-07,West,Apparel,17,24.84,422.21,0
2022-01-07,West,Electronics,27,22.1,596.72,0
2022-01-07,West,Home & Garden,19,19.02,361.46,0
2022-01-08,North,Apparel,28,22.03,616.72,0
2022-01-08,North,Electronics,43,19.19,825.21,0
2022-01-08,North,Home & Garden,30,23.32,699.58,1
2022-01-08,South,Apparel,30,18.6,557.98,0
2022-01-08,South,Electronics,27,21.02,567.53,0
2022-01-08,South,Home & Garden,23,19.03,437.78,0
2022-01-08,West,Apparel,24,23.96,575.02,0
2022-01-08,West,Electronics,33,21.88,722.11,0
2022-01-08,West,Home & Garden,24,18.59,446.12,0
2022-01-09,North,Apparel,29,21.99,637.68,0
2022-01-09,North,Electronics,40,19.11,764.58,0
2022-01-09,North,Home & Garden,21,23.57,495.02,0
2022-01-09,South,Apparel,30,18.78,563.54,0
2022-01-09,South,Electronics,26,21.26,552.76,0
2022-01-09,South,Home & Garden,23,19.44,447.1,0
2022-01-09,West,Apparel,23,23.8,547.44,0
2022-01-09,West,Electronics,34,21.8,741.31,0
2022-01-09,West,Home & Garden,22,18.93,416.49,0
2022-01-10,North,Apparel,25,21.68,541.95,0
2022-01-10,North,Electronics,38,19.11,726.24,0
2022-01-10,North,Home & Garden,18,23.96,431.31,0
2022-01-10,South,Apparel,24,18.49,443.67,0
2022-01-10,South,Electronics,23,21.07,484.56,0
2022-01-10,South,Home & Garden,18,19.43,349.66,0
2022-01-10,West,Apparel,19,24.13,458.47,0
2022-01-10,West,Electronics,28,21.79,610.07,0
2022-01-10,West,Home & Garden,22,18.59,408.89,0
2022-01-11,North,Apparel,23,21.78,501.0,0
2022-01-11,North,Electronics,57,18.86,1075.17,1
2022-01-11,North,Home & Garden,20,23.28,465.63,0
2022-01-11,South,Apparel,23,18.92,435.24,0
2022-01-11,South,Electronics,29,21.41,621.0,0
2022-01-11,South,Home & Garden,17,19.69,334.72,0
2022-01-11,West,Apparel,18,24.4,439.15,0
2022-01-11,West,Electronics,31,22.04,683.25,0
2022-01-11,West,Home & Garden,19,18.82,357.49,0
2022-01-12,North,Apparel,24,22.23,533.48,0
2022-01-12,North,Electronics,39,19.03,742.36,0
2022-01-12,North,Home & Garden,18,23.85,429.29,0
2022-01-12,South,Apparel,23,18.39,422.98,0
2022-01-12,South,Electronics,25,21.58,539.46,0
2022-01-12,South,Home & Garden,25,19.12,478.06,1
2022-01-12,West,Apparel,19,24.6,467.36,0
2022-01-12,West,Electronics,31,21.69,672.46,0
2022-01-12,West,Home & Garden,19,19.29,366.57,0
2022-01-13,North,Apparel,24,21.68,520.27,0
2022-01-13,North,Electronics,40,19.19,767.53,0
2022-01-13,North,Home & Garden,18,23.18,417.28,0
2022-01-13,South,Apparel,37,18.34,678.74,1
2022-01-13,South,Electronics,27,21.54,581.64,0
2022-01-13,South,Home & Garden,18,19.47,350.48,0
2022-01-13,West,Apparel,17,24.28,412.82,0
2022-01-13,West,Electronics,33,21.74,717.42,0
2022-01-13,West,Home & Garden,20,18.47,369.45,0
2022-01-14,North,Apparel,25,22.37,559.18,0
2022-01-14,North,Electronics,38,18.89,717.88,0
2022-01-14,North,Home & Garden,16,23.88,382.1,0
2022-01-14,South,Apparel,22,18.8,413.68,0
2022-01-14,South,Electronics,27,21.19,572.0,0
2022-01-14,South,Home & Garden,21,19.16,402.4,0
2022-01-14,West,Apparel,19,24.29,461.42,0
2022-01-14,West,Electronics,28,22.15,620.17,0
2022-01-14,West,Home & Garden,20,18.37,367.47,0
2022-01-15,North,Apparel,29,21.94,636.37,0
2022-01-15,North,Electronics,43,19.13,822.5,0
2022-01-15,North,Home & Garden,22,23.58,518.75,0
2022-01-15,South,Apparel,30,18.42,552.51,0
2022-01-15,South,Electronics,28,21.39,598.78,0
2022-01-15,South,Home & Garden,24,19.34,464.23,0
2022-01-15,West,Apparel,23,23.91,549.94,0
2022-01-15,West,Electronics,29,22.24,645.1,0
2022-01-15,West,Home & Garden,26,18.64,484.72,0
2022-01-16,North,Apparel,29,22.17,642.98,0
2022-01-16,North,Electronics,42,18.8,789.72,0
2022-01-16,North,Home & Garden,23,23.8,547.51,0
2022-01-16,South,Apparel,29,18.28,530.1,0
2022-01-16,South,Electronics,32,21.2,678.54,0
2022-01-16,South,Home & Garden,23,19.49,448.35,0
2022-01-16,West,Apparel,21,24.57,515.98,0
2022-01-16,West,Electronics,31,22.0,681.95,0
2022-01-16,West,Home & Garden,24,18.57,445.58,0
2022-01-17,North,Apparel,23,22.32,513.45,0
2022-01-17,North,Electronics,41,18.94,776.68,0
2022-01-17,North,Home & Garden,17,23.88,405.99,0
2022-01-17,South,Apparel,23,18.95,435.93,0
2022-01-17,South,Electronics,27,21.34,576.09,0
2022-01-17,South,Home & Garden,20,18.84,376.8,0
2022-01-17,West,Apparel,19,23.84,452.9,0
2022-01-17,West,Electronics,30,21.86,655.87,0
2022-01-17,West,Home & Garden,22,18.83,414.27,0
2022-01-18,North,Apparel,24,21.85,524.3,0
2022-01-18,North,Electronics,41,18.86,773.22,0
2022-01-18,North,Home & Garden,16,22.92,366.8,0
2022-01-18,South,Apparel,24,18.84,452.1,0
2022-01-18,South,Electronics,27,21.21,572.76,0
2022-01-18,South,Home & Garden,17,19.35,328.95,0
2022-01-18,West,Apparel,22,23.77,523.01,0
2022-01-18,West,Electronics,30,21.7,650.91,0
2022-01-18,West,Home & Garden,19,18.9,359.07,0
2022-01-19,North,Apparel,23,21.82,501.87,0
2022-01-19,North,Electronics,37,19.07,705.59,0
2022-01-19,North,Home & Garden,22,23.55,518.04,0
2022-01-19,South,Apparel,35,18.81,658.44,1
2022-01-19,South,Electronics,28,21.27,595.62,0
2022-01-19,South,Home & Garden,17,19.14,325.34,0
2022-01-19,West,Apparel,17,23.84,405.32,0
2022-01-19,West,Electronics,29,21.81,632.45,0
2022-01-19,West,Home & Garden,20,19.01,380.26,0
2022-01-20,North,Apparel,23,21.76,500.39,0
2022-01-20,North,Electronics,42,19.02,798.75,0
2022-01-20,North,Home & Garden,19,23.78,451.75,0
2022-01-20,South,Apparel,25,18.52,463.09,0
2022-01-20,South,Electronics,29,21.36,619.3,0
2022-01-20,South,Home & Garden,17,18.72,318.19,0
2022-01-20,West,Apparel,19,24.77,470.6,0
2022-01-20,West,Electronics,26,21.78,566.16,0
2022-01-20,West,Home & Garden,18,18.72,336.89,0
2022-01-21,North,Apparel,26,21.9,569.28,0
2022-01-21,North,Electronics,38,19.16,728.02,0
2022-01-21,North,Home & Garden,19,22.84,433.87,0
2022-01-21,South,Apparel,23,18.21,418.92,0
2022-01-21,South,Electronics,26,20.98,545.48,0
2022-01-21,South,Home & Garden,18,18.96,341.24,0
2022-01-21,West,Apparel,21,23.81,499.94,0
2022-01-21,West,Electronics,31,21.78,675.2,0
2022-01-21,West,Home & Garden,22,19.16,421.53,0
2022-01-22,North,Apparel,28,22.05,617.53,0
2022-01-22,North,Electronics,45,18.91,850.81,0
2022-01-22,North,Home & Garden,25,23.28,581.97,0
2022-01-22,South,Apparel,32,18.8,601.61,0
2022-01-22,South,Electronics,32,21.55,689.72,0
2022-01-22,South,Home & Garden,22,19.19,422.15,0
2022-01-22,West,Apparel,28,24.37,682.32,0
2022-01-22,West,Electronics,37,21.75,804.79,0
2022-01-22,West,Home & Garden,28,18.64,521.87,0
2022-01-23,North,Apparel,30,21.69,650.77,0
2022-01-23,North,Electronics,44,18.94,833.33,0
2022-01-23,North,Home & Garden,23,23.48,539.93,0
2022-01-23,South,Apparel,32,18.63,596.2,0
2022-01-23,South,Electronics,34,21.1,717.52,0
2022-01-23,South,Home & Garden,39,19.16,747.2,1
2022-01-23,West,Apparel,24,23.87,572.93,0
2022-01-23,West,Electronics,34,21.73,738.98,0
2022-01-23,West,Home & Garden,27,18.59,501.99,0
2022-01-24,North,Apparel,27,21.74,586.89,0
2022-01-24,North,Electronics,44,19.13,841.93,0
2022-01-24,North,Home & Garden,21,23.49,493.33,0
2022-01-24,South,Apparel,40,18.45,738.03,1
2022-01-24,South,Electronics,25,21.2,529.99,0
2022-01-24,South,Home & Garden,17,19.59,332.96,0
2022-01-24,West,Apparel,19,23.67,449.75,0
2022-01-24,West,Electronics,31,22.18,687.6,0
2022-01-24,West,Home & Garden,21,18.78,394.41,0
2022-01-25,North,Apparel,24,22.29,534.97,0
2022-01-25,North,Electronics,40,18.79,751.62,0
2022-01-25,North,Home & Garden,21,23.43,492.1,0
2022-01-25,South,Apparel,23,18.68,429.74,0
2022-01-25,South,Electronics,28,21.74,608.61,0
2022-01-25,South,Home & Garden,17,18.99,322.89,0
2022-01-25,West,Apparel,18,23.93,430.79,0
2022-01-25,West,Electronics,31,22.2,688.08,0
2022-01-25,West,Home & Garden,21,18.51,388.72,0
2022-01-26,North,Apparel,27,21.67,585.09,0
2022-01-26,North,Electronics,39,19.19,748.46,0
2022-01-26,North,Home & Garden,17,23.86,405.69,0
2022-01-26,South,Apparel,34,18.4,625.5,1
2022-01-26,South,Electronics,27,21.64,584.33,0
2022-01-26,South,Home & Garden,22,19.11,420.39,0
2022-01-26,West,Apparel,22,23.89,525.57,0
2022-01-26,West,Electronics,31,22.01,682.37,0
2022-01-26,West,Home & Garden,18,18.72,336.88,0
2022-01-27,North,Apparel,24,22.13,531.22,0
2022-01-27,North,Electronics,40,19.15,765.87,0
2022-01-27,North,Home & Garden,20,23.41,468.24,0
2022-01-27,South,Apparel,23,18.21,418.8,0
2022-01-27,South,Electronics,30,21.05,631.52,0
2022-01-27,South,Home & Garden,18,18.78,338.05,0
2022-01-27,West,Apparel,18,24.88,447.8,0
2022-01-27,West,Electronics,32,22.15,708.65,0
2022-01-27,West,Home & Garden,18,19.21,345.75,0
2022-01-28,North,Apparel,40,22.11,884.45,1
2022-01-28,North,Electronics,40,18.89,755.7,0
2022-01-28,North,Home & Garden,22,23.38,514.41,0
2022-01-28,South,Apparel,24,18.78,450.81,0
2022-01-28,South,Electronics,26,21.05,547.35,0
2022-01-28,South,Home & Garden,19,18.98,360.7,0
2022-01-28,West,Apparel,19,24.75,470.26,0
2022-01-28,West,Electronics,31,22.15,686.79,0
2022-01-28,West,Home & Garden,22,19.14,421.08,0
2022-01-29,North,Apparel,28,22.04,617.1,0
2022-01-29,North,Electronics,46,18.87,868.0,0
2022-01-29,North,Home & Garden,22,23.23,511.0,0
2022-01-29,South,Apparel,32,18.53,592.83,0
2022-01-29,South,Electronics,35,21.07,737.48,0
2022-01-29,South,Home & Garden,24,19.28,462.63,0
2022-01-29,West,Apparel,22,24.26,533.77,0
2022-01-29,West,Electronics,33,21.73,717.23,0
2022-01-29,West,Home & Garden,25,19.21,480.15,0
2022-01-30,North,Apparel,46,21.93,1008.92,1
2022-01-30,North,Electronics,40,19.05,761.97,0
2022-01-30,North,Home & Garden,22,23.34,513.39,0
2022-01-30,South,Apparel,30,18.8,564.15,0
2022-01-30,South,Electronics,28,21.21,593.93,0
2022-01-30,South,Home & Garden,32,19.26,616.37,1
2022-01-30,West,Apparel,27,23.92,645.78,0
2022-01-30,West,Electronics,32,21.81,697.84,0
2022-01-30,West,Home & Garden,23,19.16,440.61,0
2022-01-31,North,Apparel,24,21.74,521.67,0
2022-01-31,North,Electronics,38,19.21,730.04,0
2022-01-31,North,Home & Garden,18,23.96,431.31,0
2022-01-31,South,Apparel,25,18.46,461.56,0
2022-01-31,South,Electronics,28,21.34,597.45,0
2022-01-31,South,Home & Garden,21,19.2,403.17,0
2022-01-31,West,Apparel,22,24.52,539.5,0
2022-01-31,West,Electronics,30,22.16,664.84,0
2022-01-31,West,Home & Garden,19,18.46,350.74,0
2022-02-01,North,Apparel,27,22.23,600.24,0
2022-02-01,North,Electronics,39,18.77,732.2,0
2022-02-01,North,Home & Garden,21,23.48,493.11,0
2022-02-01,South,Apparel,23,18.19,418.26,0
2022-02-01,South,Electronics,29,21.73,630.17,0
2022-02-01,South,Home & Garden,20,19.19,383.82,0
2022-02-01,West,Apparel,22,24.08,529.79,0
2022-02-01,West,Electronics,32,21.64,692.61,0
2022-02-01,West,Home & Garden,22,19.27,423.91,0
2022-02-02,North,Apparel,24,22.23,533.62,0
2022-02-02,North,Electronics,43,19.21,825.85,0
2022-02-02,North,Home & Garden,20,23.7,473.97,0
2022-02-02,South,Apparel,24,18.67,448.16,0
2022-02-02,South,Electronics,27,21.55,581.96,0
2022-02-02,South,Home & Garden,33,18.95,625.49,1
2022-02-02,West,Apparel,18,24.14,434.59,0
2022-02-02,West,Electronics,30,22.22,666.72,0
2022-02-02,West,Home & Garden,23,18.87,434.08,0
2022-02-03,North,Apparel,29,21.71,629.63,0
2022-02-03,North,Electronics,45,19.18,862.95,0
2022-02-03,North,Home & Garden,17,23.43,398.36,0
2022-02-03,South,Apparel,23,18.6,427.91,0
2022-02-03,South,Electronics,27,21.38,577.15,0
2022-02-03,South,Home & Garden,18,18.95,341.01,0
2022-02-03,West,Apparel,22,23.91,525.97,0
2022-02-03,West,Electronics,32,21.8,697.6,0
2022-02-03,West,Home & Garden,19,18.51,351.63,0
2022-02-04,North,Apparel,30,22.29,668.58,0
2022-02-04,North,Electronics,41,19.13,784.2,0
2022-02-04,North,Home & Garden,21,22.87,480.19,0
2022-02-04,South,Apparel,25,18.62,465.46,0
2022-02-04,South,Electronics,29,21.63,627.4,0
2022-02-04,South,Home & Garden,19,19.47,369.93,0
2022-02-04,West,Apparel,18,24.32,437.71,0
2022-02-04,West,Electronics,32,22.05,705.76,0
2022-02-04,West,Home & Garden,31,18.57,575.59,1
2022-02-05,North,Apparel,29,21.94,636.28,0
2022-02-05,North,Electronics,44,19.19,844.27,0
2022-02-05,North,Home & Garden,24,22.98,551.6,0
2022-02-05,South,Apparel,34,18.6,632.43,0
2022-02-05,South,Electronics,32,21.35,683.22,0
2022-02-05,South,Home & Garden,24,19.15,459.53,0
2022-02-05,West,Apparel,26,24.23,629.92,0
2022-02-05,West,Electronics,36,21.84,786.07,0
2022-02-05,West,Home & Garden,27,18.99,512.64,0
2022-02-06,North,Apparel,30,22.13,663.83,0
2022-02-06,North,Electronics,45,19.07,858.03,0
2022-02-06,North,Home & Garden,24,23.28,558.69,0
2022-02-06,South,Apparel,31,18.62,577.28,0
2022-02-06,South,Electronics,32,21.32,682.35,0
2022-02-06,South,Home & Garden,24,19.55,469.12,0
2022-02-06,West,Apparel,26,24.57,638.83,0
2022-02-06,West,Electronics,37,21.86,808.93,0
2022-02-06,West,Home & Garden,26,18.48,480.55,0
2022-02-07,North,Apparel,28,22.2,621.67,0
2022-02-07,North,Electronics,45,18.89,850.22,0
2022-02-07,North,Home & Garden,19,23.45,445.56,0
2022-02-07,South,Apparel,22,18.52,407.48,0
2022-02-07,South,Electronics,31,21.39,663.11,0
2022-02-07,South,Home & Garden,30,18.85,565.59,1
2022-02-07,West,Apparel,34,24.29,825.74,1
2022-02-07,West,Electronics,32,21.79,697.37,0
2022-02-07,West,Home & Garden,24,19.01,456.31,0
2022-02-08,North,Apparel,28,21.96,614.84,0
2022-02-08,North,Electronics,40,18.98,759.3,0
2022-02-08,North,Home & Garden,28,23.27,651.64,1
2022-02-08,South,Apparel,25,18.92,472.97,0
2022-02-08,South,Electronics,28,21.76,609.14,0
2022-02-08,South,Home & Garden,30,19.31,579.38,1
2022-02-08,West,Apparel,22,24.46,538.19,0
2022-02-08,West,Electronics,29,21.99,637.7,0
2022-02-08,West,Home & Garden,21,19.18,402.83,0
2022-02-09,North,Apparel,29,21.69,629.03,0
2022-02-09,North,Electronics,43,18.95,814.89,0
2022-02-09,North,Home & Garden,22,23.46,516.19,0
2022-02-09,South,Apparel,27,18.38,496.18,0
2022-02-09,South,Electronics,30,21.46,643.73,0
2022-02-09,South,Home & Garden,17,19.13,325.27,0
2022-02-09,West,Apparel,21,24.74,519.63,0
2022-02-09,West,Electronics,31,22.06,683.74,0
2022-02-09,West,Home & Garden,19,18.78,356.8,0
2022-02-10,North,Apparel,26,22.26,578.67,0
2022-02-10,North,Electronics,45,18.92,851.22,0
2022-02-10,North,Home & Garden,20,22.96,459.28,0
2022-02-10,South,Apparel,23,18.87,434.11,0
2022-02-10,South,Electronics,28,21.75,609.03,0
2022-02-10,South,Home & Garden,20,19.48,389.56,0
2022-02-10,West,Apparel,18,24.7,444.65,0
2022-02-10,West,Electronics,32,22.0,704.01,0
2022-02-10,West,Home & Garden,22,18.73,412.1,0
2022-02-11,North,Apparel,42,21.97,922.8,1
2022-02-11,North,Electronics,44,18.93,833.1,0
2022-02-11,North,Home & Garden,18,23.62,425.22,0
2022-02-11,South,Apparel,28,18.69,523.42,0
2022-02-11,South,Electronics,28,21.29,596.12,0
2022-02-11,South,Home & Garden,16,19.02,304.36,0
2022-02-11,West,Apparel,23,23.82,547.79,0
2022-02-11,West,Electronics,28,22.22,622.21,0
2022-02-11,West,Home & Garden,25,18.75,468.84,0
2022-02-12,North,Apparel,33,22.24,733.83,0
2022-02-12,North,Electronics,65,18.9,1228.25,1
2022-02-12,North,Home & Garden,24,23.58,565.89,0
2022-02-12,South,Apparel,31,18.48,572.84,0
2022-02-12,South,Electronics,32,21.38,684.07,0
2022-02-12,South,Home & Garden,21,19.33,405.93,0
2022-02-12,West,Apparel,27,24.21,653.56,0
2022-02-12,West,Electronics,38,21.85,830.14,0
2022-02-12,West,Home & Garden,27,18.55,500.95,0
2022-02-13,North,Apparel,31,22.07,684.24,0
2022-02-13,North,Electronics,49,18.82,922.13,0
2022-02-13,North,Home & Garden,26,23.28,605.38,0
2022-02-13,South,Apparel,31,18.36,569.27,0
2022-02-13,South,Electronics,32,21.16,677.01,0
2022-02-13,South,Home & Garden,26,19.28,501.27,0
2022-02-13,West,Apparel,25,24.67,616.87,0
2022-02-13,West,Electronics,35,22.2,776.91,0
2022-02-13,West,Home & Garden,34,18.86,641.28,1
2022-02-14,North,Apparel,28,21.67,606.65,0
2022-02-14,North,Electronics,37,18.89,698.76,0
2022-02-14,North,Home & Garden,20,23.83,476.61,0
2022-02-14,South,Apparel,22,18.7,411.47,0
2022-02-14,South,Electronics,29,21.44,621.86,0
2022-02-14,South,Home & Garden,19,19.23,365.4,0
2022-02-14,West,Apparel,20,23.68,473.55,0
2022-02-14,West,Electronics,33,22.14,730.55,0
2022-02-14,West,Home & Garden,24,18.72,449.25,0
2022-02-15,North,Apparel,26,22.02,572.53,0
2022-02-15,North,Electronics,45,18.98,854.26,0
2022-02-15,North,Home & Garden,19,23.23,441.41,0
2022-02-15,South,Apparel,27,18.39,496.49,0
2022-02-15,South,Electronics,33,21.12,697.12,0
2022-02-15,South,Home & Garden,18,19.55,351.89,0
2022-02-15,West,Apparel,25,24.05,601.32,0
2022-02-15,West,Electronics,36,21.6,777.76,0
2022-02-15,West,Home & Garden,23,19.06,438.45,0
2022-02-16,North,Apparel,31,22.2,688.25,0
2022-02-16,North,Electronics,42,18.99,797.71,0
2022-02-16,North,Home & Garden,22,23.77,523.03,0
2022-02-16,South,Apparel,30,18.72,561.46,0
2022-02-16,South,Electronics,30,21.2,635.9,0
2022-02-16,South,Home & Garden,23,18.82,432.9,0
2022-02-16,West,Apparel,24,24.68,592.39,0
2022-02-16,West,Electronics,32,21.59,690.9,0
2022-02-16,West,Home & Garden,23,18.76,431.48,0
2022-02-17,North,Apparel,39,21.73,847.65,1
2022-02-17,North,Electronics,39,19.18,748.19,0
2022-02-17,North,Home & Garden,23,23.84,548.37,0
2022-02-17,South,Apparel,27,18.76,506.61,0
2022-02-17,South,Electronics,29,21.39,620.18,0
2022-02-17,South,Home & Garden,21,19.14,401.86,0
2022-02-17,West,Apparel,24,23.95,574.84,0
2022-02-17,West,Electronics,34,22.0,748.07,0
2022-02-17,West,Home & Garden,24,18.77,450.47,0
2022-02-18,North,Apparel,30,21.74,652.31,0
2022-02-18,North,Electronics,45,19.05,857.03,0
2022-02-18,North,Home & Garden,21,23.91,502.08,0
2022-02-18,South,Apparel,25,18.63,465.72,0
2022-02-18,South,Electronics,31,21.1,653.98,0
2022-02-18,South,Home & Garden,22,19.22,422.91,0
2022-02-18,West,Apparel,22,23.77,523.04,0
2022-02-18,West,Electronics,33,21.83,720.3,0
2022-02-18,West,Home & Garden,22,18.72,411.78,0
2022-02-19,North,Apparel,34,21.7,737.84,0
2022-02-19,North,Electronics,50,19.19,959.33,0
2022-02-19,North,Home & Garden,33,23.09,761.97,1
2022-02-19,South,Apparel,34,18.79,638.79,0
2022-02-19,South,Electronics,34,21.18,720.13,0
2022-02-19,South,Home & Garden,25,19.14,478.58,0
2022-02-19,West,Apparel,24,23.87,572.94,0
2022-02-19,West,Electronics,36,21.67,779.99,0
2022-02-19,West,Home & Garden,27,18.79,507.22,0
2022-02-20,North,Apparel,34,21.65,736.14,0
2022-02-20,North,Electronics,47,19.04,894.84,0
2022-02-20,North,Home & Garden,25,23.42,585.42,0
2022-02-20,South,Apparel,35,18.67,653.47,0
2022-02-20,South,Electronics,31,21.44,664.79,0
2022-02-20,South,Home & Garden,30,19.34,580.22,0
2022-02-20,West,Apparel,29,24.41,707.77,0
2022-02-20,West,Electronics,35,21.62,756.58,0
2022-02-20,West,Home & Garden,30,18.53,555.94,0
2022-02-21,North,Apparel,26,21.86,568.47,0
2022-02-21,North,Electronics,47,18.88,887.45,0
2022-02-21,North,Home & Garden,22,23.38,514.47,0
2022-02-21,South,Apparel,30,18.37,551.12,0
2022-02-21,South,Electronics,30,21.58,647.54,0
2022-02-21,South,Home & Garden,20,18.87,377.32,0
2022-02-21,West,Apparel,24,23.98,575.44,0
2022-02-21,West,Electronics,37,21.87,809.36,0
2022-02-21,West,Home & Garden,22,18.59,408.93,0
2022-02-22,North,Apparel,31,21.71,672.97,0
2022-02-22,North,Electronics,48,19.18,920.7,0
2022-02-22,North,Home & Garden,21,23.02,483.47,0
2022-02-22,South,Apparel,25,18.34,458.55,0
2022-02-22,South,Electronics,30,21.62,648.53,0
2022-02-22,South,Home & Garden,24,19.23,461.6,0
2022-02-22,West,Apparel,23,23.89,549.4,0
2022-02-22,West,Electronics,33,21.84,720.62,0
2022-02-22,West,Home & Garden,27,18.58,501.57,0
2022-02-23,North,Apparel,32,22.04,705.21,0
2022-02-23,North,Electronics,48,18.98,910.92,0
2022-02-23,North,Home & Garden,23,23.26,534.88,0
2022-02-23,South,Apparel,45,18.53,833.79,1
2022-02-23,South,Electronics,31,21.25,658.84,0
2022-02-23,South,Home & Garden,21,19.07,400.48,0
2022-02-23,West,Apparel,25,24.52,613.03,0
2022-02-23,West,Electronics,35,22.06,772.13,0
2022-02-23,West,Home & Garden,26,18.86,490.39,0
2022-02-24,North,Apparel,28,22.17,620.84,0
2022-02-24,North,Electronics,49,18.96,929.17,0
2022-02-24,North,Home & Garden,21,23.11,485.39,0
2022-02-24,South,Apparel,28,18.68,523.08,0
2022-02-24,South,Electronics,33,21.27,702.07,0
2022-02-24,South,Home & Garden,18,19.27,346.82,0
2022-02-24,West,Apparel,25,24.23,605.64,0
2022-02-24,West,Electronics,30,21.98,659.43,0
2022-02-24,West,Home & Garden,22,18.62,409.65,0
2022-02-25,North,Apparel,27,22.22,599.93,0
2022-02-25,North,Electronics,47,18.99,892.43,0
2022-02-25,North,Home & Garden,22,23.67,520.74,0
2022-02-25,South,Apparel,32,18.38,588.01,0
2022-02-25,South,Electronics,32,21.2,678.43,0
2022-02-25,South,Home & Garden,22,19.26,423.74,0
2022-02-25,West,Apparel,24,24.27,582.47,0
2022-02-25,West,Electronics,37,21.62,800.08,0
2022-02-25,West,Home & Garden,27,18.66,503.7,0
2022-02-26,North,Apparel,37,22.11,818.16,0
2022-02-26,North,Electronics,49,18.9,926.1,0
2022-02-26,North,Home & Garden,26,23.25,604.58,0
2022-02-26,South,Apparel,35,18.5,647.46,0
2022-02-26,South,Electronics,37,21.36,790.42,0
2022-02-26,South,Home & Garden,27,18.89,509.98,0
2022-02-26,West,Apparel,29,24.16,700.56,0
2022-02-26,West,Electronics,39,21.99,857.53,0
2022-02-26,West,Home & Garden,29,18.96,549.73,0
2022-02-27,North,Apparel,33,21.95,724.5,0
2022-02-27,North,Electronics,45,18.98,854.32,0
2022-02-27,North,Home & Garden,27,23.59,636.86,0
2022-02-27,South,Apparel,36,18.55,667.69,0
2022-02-27,South,Electronics,35,21.07,737.53,0
2022-02-27,South,Home & Garden,24,19.35,464.31,0
2022-02-27,West,Apparel,29,24.31,704.95,0
2022-02-27,West,Electronics,37,22.1,817.78,0
2022-02-27,West,Home & Garden,32,18.6,595.26,0
2022-02-28,North,Apparel,33,21.92,723.48,0
2022-02-28,North,Electronics,45,19.09,859.06,0
2022-02-28,North,Home & Garden,23,22.94,527.56,0
2022-02-28,South,Apparel,42,18.43,774.0,1
2022-02-28,South,Electronics,36,21.14,760.9,0
2022-02-28,South,Home & Garden,20,19.05,380.99,0
2022-02-28,West,Apparel,25,24.56,613.89,0
2022-02-28,West,Electronics,34,21.95,746.43,0
2022-02-28,West,Home & Garden,25,18.55,463.86,0
2022-03-01,North,Apparel,29,22.17,642.89,0
2022-03-01,North,Electronics,44,19.0,835.93,0
2022-03-01,North,Home & Garden,22,23.82,523.96,0
2022-03-01,South,Apparel,31,18.41,570.84,0
2022-03-01,South,Electronics,31,21.39,663.17,0
2022-03-01,South,Home & Garden,36,18.9,680.52,1
2022-03-01,West,Apparel,23,24.18,556.2,0
2022-03-01,West,Electronics,36,21.61,777.9,0
2022-03-01,West,Home & Garden,24,18.97,455.4,0
2022-03-02,North,Apparel,39,22.13,862.97,1
2022-03-02,North,Electronics,51,19.12,975.34,0
2022-03-02,North,Home & Garden,22,22.98,505.53,0
2022-03-02,South,Apparel,26,18.92,491.81,0
2022-03-02,South,Electronics,31,21.04,652.22,0
2022-03-02,South,Home & Garden,22,19.54,429.86,0
2022-03-02,West,Apparel,25,24.45,611.36,0
2022-03-02,West,Electronics,40,21.65,866.17,0
2022-03-02,West,Home & Garden,24,18.92,454.17,0
2022-03-03,North,Apparel,32,21.81,697.83,0
2022-03-03,North,Electronics,46,18.99,873.52,0
2022-03-03,North,Home & Garden,23,23.38,537.65,0
2022-03-03,South,Apparel,30,18.3,549.1,0
2022-03-03,South,Electronics,33,21.65,714.45,0
2022-03-03,South,Home & Garden,17,19.61,333.34,0
2022-03-03,West,Apparel,33,24.54,809.91,1
2022-03-03,West,Electronics,31,22.17,687.12,0
2022-03-03,West,Home & Garden,20,19.04,380.73,0
2022-03-04,North,Apparel,30,21.69,650.81,0
2022-03-04,North,Electronics,47,18.95,890.78,0
2022-03-04,North,Home & Garden,23,23.05,530.14,0
2022-03-04,South,Apparel,28,18.74,524.61,0
2022-03-04,South,Electronics,35,21.55,754.18,0
2022-03-04,South,Home & Garden,24,19.12,458.88,0
2022-03-04,West,Apparel,27,24.28,655.5,0
2022-03-04,West,Electronics,37,21.76,804.96,0
2022-03-04,West,Home & Garden,39,18.95,739.24,1
2022-03-05,North,Apparel,36,21.9,788.52,0
2022-03-05,North,Electronics,51,19.1,973.88,0
2022-03-05,North,Home & Garden,26,23.14,601.61,0
2022-03-05,South,Apparel,36,18.38,661.8,0
2022-03-05,South,Electronics,32,21.68,693.74,0
2022-03-05,South,Home & Garden,26,19.11,496.93,0
2022-03-05,West,Apparel,45,24.23,1090.13,1
2022-03-05,West,Electronics,36,22.0,792.07,0
2022-03-05,West,Home & Garden,28,19.17,536.63,0
2022-03-06,North,Apparel,38,21.99,835.45,0
2022-03-06,North,Electronics,50,19.1,954.86,0
2022-03-06,North,Home & Garden,36,23.53,847.05,1
2022-03-06,South,Apparel,38,18.74,712.25,0
2022-03-06,South,Electronics,35,21.43,749.93,0
2022-03-06,South,Home & Garden,36,19.26,693.48,1
2022-03-06,West,Apparel,29,24.22,702.29,0
2022-03-06,West,Electronics,38,21.99,835.54,0
2022-03-06,West,Home & Garden,32,18.67,597.44,0
2022-03-07,North,Apparel,28,21.74,608.64,0
2022-03-07,North,Electronics,51,19.08,973.03,0
2022-03-07,North,Home & Garden,24,23.36,560.53,0
2022-03-07,South,Apparel,29,18.56,538.17,0
2022-03-07,South,Electronics,32,21.07,674.32,0
2022-03-07,South,Home & Garden,24,19.23,461.64,0
2022-03-07,West,Apparel,25,24.68,616.97,0
2022-03-07,West,Electronics,35,21.96,768.63,0
2022-03-07,West,Home & Garden,42,18.89,793.53,1
2022-03-08,North,Apparel,35,22.17,776.03,0
2022-03-08,North,Electronics,46,18.97,872.61,0
2022-03-08,North,Home & Garden,23,23.43,538.81,0
2022-03-08,South,Apparel,32,18.75,600.14,0
2022-03-08,South,Electronics,33,21.55,711.27,0
2022-03-08,South,Home & Garden,22,19.55,430.12,0
2022-03-08,West,Apparel,24,24.31,583.53,0
2022-03-08,West,Electronics,35,21.83,763.88,0
2022-03-08,West,Home & Garden,24,19.11,458.62,0
2022-03-09,North,Apparel,33,21.72,716.62,0
2022-03-09,North,Electronics,48,19.03,913.27,0
2022-03-09,North,Home & Garden,25,23.45,586.14,0
2022-03-09,South,Apparel,29,18.73,543.19,0
2022-03-09,South,Electronics,33,21.46,708.33,0
2022-03-09,South,Home & Garden,25,19.03,475.77,0
2022-03-09,West,Apparel,28,24.35,681.79,0
2022-03-09,West,Electronics,36,21.84,786.06,0
2022-03-09,West,Home & Garden,24,19.13,459.05,0
2022-03-10,North,Apparel,30,22.26,667.71,0
2022-03-10,North,Electronics,46,19.02,875.0,0
2022-03-10,North,Home & Garden,24,23.57,565.66,0
2022-03-10,South,Apparel,31,18.33,568.27,0
2022-03-10,South,Electronics,36,21.43,771.47,0
2022-03-10,South,Home & Garden,24,18.78,450.79,0
2022-03-10,West,Apparel,29,23.81,690.51,0
2022-03-10,West,Electronics,34,21.73,738.88,0
2022-03-10,West,Home & Garden,28,18.54,519.12,0
2022-03-11,North,Apparel,31,22.04,683.31,0
2022-03-11,North,Electronics,45,18.95,852.91,0
2022-03-11,North,Home & Garden,22,23.38,514.39,0
2022-03-11,South,Apparel,35,18.65,652.6,0
2022-03-11,South,Electronics,33,21.49,709.11,0
2022-03-11,South,Home & Garden,23,19.03,437.68,0
2022-03-11,West,Apparel,27,24.35,657.41,0
2022-03-11,West,Electronics,38,22.1,839.63,0
2022-03-11,West,Home & Garden,25,18.8,470.0,0
2022-03-12,North,Apparel,40,22.21,888.25,0
2022-03-12,North,Electronics,50,18.97,948.7,0
2022-03-12,North,Home & Garden,30,23.3,699.04,0
2022-03-12,South,Apparel,37,18.79,695.07,0
2022-03-12,South,Electronics,39,21.51,838.92,0
2022-03-12,South,Home & Garden,27,19.43,524.66,0
2022-03-12,West,Apparel,34,23.99,815.82,0
2022-03-12,West,Electronics,35,22.17,775.99,0
2022-03-12,West,Home & Garden,33,18.94,625.0,0
2022-03-13,North,Apparel,40,21.93,877.22,0
2022-03-13,North,Electronics,51,19.19,978.49,0
2022-03-13,North,Home & Garden,29,23.52,681.99,0
2022-03-13,South,Apparel,37,18.67,690.76,0
2022-03-13,South,Electronics,49,21.51,1053.84,1
2022-03-13,South,Home & Garden,29,18.94,549.18,0
2022-03-13,West,Apparel,32,23.86,763.62,0
2022-03-13,West,Electronics,40,22.11,884.43,0
2022-03-13,West,Home & Garden,30,18.57,557.24,0
2022-03-14,North,Apparel,36,22.03,793.26,0
2022-03-14,North,Electronics,61,18.87,1151.12,1
2022-03-14,North,Home & Garden,26,23.2,603.13,0
2022-03-14,South,Apparel,31,18.81,583.0,0
2022-03-14,South,Electronics,36,21.25,764.9,0
2022-03-14,South,Home & Garden,22,19.55,430.1,0
2022-03-14,West,Apparel,28,24.0,672.09,0
2022-03-14,West,Electronics,36,21.91,788.87,0
2022-03-14,West,Home & Garden,29,18.77,544.31,0
2022-03-15,North,Apparel,50,21.79,1089.38,1
2022-03-15,North,Electronics,47,19.08,896.88,0
2022-03-15,North,Home & Garden,25,23.4,585.01,0
2022-03-15,South,Apparel,31,18.32,567.8,0
2022-03-15,South,Electronics,34,21.66,736.58,0
2022-03-15,South,Home & Garden,22,18.96,417.02,0
2022-03-15,West,Apparel,29,23.95,694.56,0
2022-03-15,West,Electronics,34,22.19,754.3,0
2022-03-15,West,Home & Garden,26,18.69,485.81,0
2022-03-16,North,Apparel,45,21.75,978.75,1
2022-03-16,North,Electronics,46,18.88,868.71,0
2022-03-16,North,Home & Garden,21,23.43,492.1,0
2022-03-16,South,Apparel,29,18.78,544.57,0
2022-03-16,South,Electronics,38,21.24,807.23,0
2022-03-16,South,Home & Garden,25,18.82,470.51,0
2022-03-16,West,Apparel,27,24.05,649.36,0
2022-03-16,West,Electronics,37,22.15,819.53,0
2022-03-16,West,Home & Garden,27,18.91,510.62,0
2022-03-17,North,Apparel,35,21.96,768.72,0
2022-03-17,North,Electronics,49,19.02,932.21,0
2022-03-17,North,Home & Garden,26,23.66,615.1,0
2022-03-17,South,Apparel,36,18.63,670.62,0
2022-03-17,South,Electronics,31,21.48,666.01,0
2022-03-17,South,Home & Garden,23,19.41,446.4,0
2022-03-17,West,Apparel,27,24.31,656.46,0
2022-03-17,West,Electronics,34,21.88,743.8,0
2022-03-17,West,Home & Garden,28,19.14,536.0,0
2022-03-18,North,Apparel,36,21.78,784.1,0
2022-03-18,North,Electronics,46,18.96,872.19,0
2022-03-18,North,Home & Garden,31,23.74,735.95,1
2022-03-18,South,Apparel,31,18.57,575.63,0
2022-03-18,South,Electronics,32,21.35,683.2,0
2022-03-18,South,Home & Garden,24,18.96,454.93,0
2022-03-18,West,Apparel,29,23.97,694.99,0
2022-03-18,West,Electronics,37,22.14,819.1,0
2022-03-18,West,Home & Garden,28,18.65,522.08,0
2022-03-19,North,Apparel,42,22.05,926.02,0
2022-03-19,North,Electronics,55,18.87,1038.07,0
2022-03-19,North,Home & Garden,29,23.62,685.1,0
2022-03-19,South,Apparel,35,18.7,654.61,0
2022-03-19,South,Electronics,41,21.49,881.1,0
2022-03-19,South,Home & Garden,30,19.47,584.19,0
2022-03-19,West,Apparel,33,24.47,807.54,0
2022-03-19,West,Electronics,37,22.07,816.72,0
2022-03-19,West,Home & Garden,34,18.65,634.2,0
2022-03-20,North,Apparel,39,21.97,856.88,0
2022-03-20,North,Electronics,53,19.09,1011.54,0
2022-03-20,North,Home & Garden,30,23.15,694.6,0
2022-03-20,South,Apparel,52,18.71,973.05,1
2022-03-20,South,Electronics,36,21.36,768.78,0
2022-03-20,South,Home & Garden,28,19.44,544.38,0
2022-03-20,West,Apparel,42,24.5,1029.13,1
2022-03-20,West,Electronics,41,22.07,904.96,0
2022-03-20,West,Home & Garden,29,18.91,548.33,0
2022-03-21,North,Apparel,35,21.88,765.65,0
2022-03-21,North,Electronics,47,18.86,886.21,0
2022-03-21,North,Home & Garden,28,23.44,656.4,0
2022-03-21,South,Apparel,33,18.7,617.05,0
2022-03-21,South,Electronics,33,21.66,714.74,0
2022-03-21,South,Home & Garden,24,19.22,461.19,0
2022-03-21,West,Apparel,24,24.26,582.28,0
2022-03-21,West,Electronics,36,21.83,786.05,0
2022-03-21,West,Home & Garden,26,19.14,497.6,0
2022-03-22,North,Apparel,34,22.07,750.45,0
2022-03-22,North,Electronics,50,18.84,941.85,0
2022-03-22,North,Home & Garden,24,23.85,572.45,0
2022-03-22,South,Apparel,32,18.69,598.1,0
2022-03-22,South,Electronics,33,21.47,708.58,0
2022-03-22,South,Home & Garden,23,19.22,441.98,0
2022-03-22,West,Apparel,28,23.81,666.77,0
2022-03-22,West,Electronics,37,21.91,810.8,0
2022-03-22,West,Home & Garden,27,19.13,516.62,0
2022-03-23,North,Apparel,35,22.21,777.39,0
2022-03-23,North,Electronics,49,18.9,925.88,0
2022-03-23,North,Home & Garden,25,23.05,576.3,0
2022-03-23,South,Apparel,46,18.39,845.81,1
2022-03-23,South,Electronics,38,21.13,802.77,0
2022-03-23,South,Home & Garden,25,19.21,480.35,0
2022-03-23,West,Apparel,25,23.76,593.95,0
2022-03-23,West,Electronics,39,21.74,847.77,0
2022-03-23,West,Home & Garden,26,18.85,490.18,0
2022-03-24,North,Apparel,37,21.95,812.07,0
2022-03-24,North,Electronics,51,19.18,978.05,0
2022-03-24,North,Home & Garden,24,23.65,567.67,0
2022-03-24,South,Apparel,33,18.4,607.11,0
2022-03-24,South,Electronics,33,21.15,697.79,0
2022-03-24,South,Home & Garden,25,19.19,479.82,0
2022-03-24,West,Apparel,27,23.79,642.22,0
2022-03-24,West,Electronics,37,21.71,803.23,0
2022-03-24,West,Home & Garden,29,19.09,553.5,0
2022-03-25,North,Apparel,33,21.9,722.61,0
2022-03-25,North,Electronics,54,19.04,1027.97,0
2022-03-25,North,Home & Garden,24,23.46,562.95,0
2022-03-25,South,Apparel,34,18.66,634.32,0
2022-03-25,South,Electronics,35,21.67,758.3,0
2022-03-25,South,Home & Garden,26,19.28,501.4,0
2022-03-25,West,Apparel,27,24.11,650.92,0
2022-03-25,West,Electronics,38,22.07,838.83,0
2022-03-25,West,Home & Garden,27,18.67,504.15,0
2022-03-26,North,Apparel,44,21.77,957.77,0
2022-03-26,North,Electronics,50,18.94,947.22,0
2022-03-26,North,Home & Garden,28,23.45,656.53,0
2022-03-26,South,Apparel,42,18.42,773.68,0
2022-03-26,South,Electronics,38,21.27,808.43,0
2022-03-26,South,Home & Garden,28,19.35,541.9,0
2022-03-26,West,Apparel,32,24.6,787.17,0
2022-03-26,West,Electronics,38,22.02,836.75,0
2022-03-26,West,Home & Garden,31,18.96,587.91,0
2022-03-27,North,Apparel,40,21.81,872.45,0
2022-03-27,North,Electronics,55,18.92,1040.73,0
2022-03-27,North,Home & Garden,27,23.39,631.45,0
2022-03-27,South,Apparel,40,18.42,736.84,0
2022-03-27,South,Electronics,41,21.22,870.12,0
2022-03-27,South,Home & Garden,29,18.91,548.44,0
2022-03-27,West,Apparel,35,24.19,846.75,0
2022-03-27,West,Electronics,43,21.78,936.7,0
2022-03-27,West,Home & Garden,35,18.57,650.1,0
2022-03-28,North,Apparel,36,21.95,790.34,0
2022-03-28,North,Electronics,51,19.06,972.29,0
2022-03-28,North,Home & Garden,27,23.12,624.12,0
2022-03-28,South,Apparel,39,18.76,731.74,0
2022-03-28,South,Electronics,35,21.18,741.2,0
2022-03-28,South,Home & Garden,26,19.4,504.48,0
2022-03-28,West,Apparel,31,23.85,739.45,0
2022-03-28,West,Electronics,43,21.65,931.16,0
2022-03-28,West,Home & Garden,26,18.97,493.14,0
2022-03-29,North,Apparel,39,21.97,857.0,0
2022-03-29,North,Electronics,53,19.13,1013.64,0
2022-03-29,North,Home & Garden,29,23.51,681.68,0
2022-03-29,South,Apparel,36,18.71,673.39,0
2022-03-29,South,Electronics,37,21.31,788.33,0
2022-03-29,South,Home & Garden,25,19.51,487.87,0
2022-03-29,West,Apparel,30,24.08,722.3,0
2022-03-29,West,Electronics,45,21.8,980.81,0
2022-03-29,West,Home & Garden,26,19.13,497.38,0
2022-03-30,North,Apparel,38,21.71,824.96,0
2022-03-30,North,Electronics,52,19.17,996.96,0
2022-03-30,North,Home & Garden,29,23.68,686.83,0
2022-03-30,South,Apparel,34,18.68,635.13,0
2022-03-30,South,Electronics,34,21.18,720.01,0
2022-03-30,South,Home & Garden,23,19.55,449.61,0
2022-03-30,West,Apparel,30,24.37,731.25,0
2022-03-30,West,Electronics,39,22.12,862.68,0
2022-03-30,West,Home & Garden,29,19.05,552.59,0
2022-03-31,North,Apparel,38,21.84,830.01,0
2022-03-31,North,Electronics,50,19.15,957.44,0
2022-03-31,North,Home & Garden,25,23.52,588.1,0
2022-03-31,South,Apparel,32,18.32,586.2,0
2022-03-31,South,Electronics,41,21.42,878.11,0
2022-03-31,South,Home & Garden,28,18.9,529.33,0
2022-03-31,West,Apparel,30,24.54,736.18,0
2022-03-31,West,Electronics,41,21.89,897.45,0
2022-03-31,West,Home & Garden,31,18.85,584.36,0
2022-04-01,North,Apparel,35,22.11,773.77,0
2022-04-01,North,Electronics,52,18.86,980.83,0
2022-04-01,North,Home & Garden,26,23.51,611.3,0
2022-04-01,South,Apparel,35,18.49,647.09,0
2022-04-01,South,Electronics,36,21.34,768.06,0
2022-04-01,South,Home & Garden,22,19.38,426.42,0
2022-04-01,West,Apparel,25,24.56,614.04,0
2022-04-01,West,Electronics,36,21.81,785.25,0
2022-04-01,West,Home & Garden,29,18.81,545.51,0
2022-04-02,North,Apparel,41,22.04,903.79,0
2022-04-02,North,Electronics,54,18.95,1023.26,0
2022-04-02,North,Home & Garden,32,23.65,756.89,0
2022-04-02,South,Apparel,43,18.57,798.64,0
2022-04-02,South,Electronics,39,21.6,842.29,0
2022-04-02,South,Home & Garden,32,18.92,605.58,0
2022-04-02,West,Apparel,45,24.41,1098.27,1
2022-04-02,West,Electronics,46,21.66,996.39,0
2022-04-02,West,Home & Garden,31,18.57,575.81,0
2022-04-03,North,Apparel,58,22.09,1281.06,1
2022-04-03,North,Electronics,58,19.16,1111.39,0
2022-04-03,North,Home & Garden,31,23.6,731.73,0
2022-04-03,South,Apparel,43,18.66,802.5,0
2022-04-03,South,Electronics,43,21.38,919.4,0
2022-04-03,South,Home & Garden,28,19.15,536.1,0
2022-04-03,West,Apparel,32,24.06,769.96,0
2022-04-03,West,Electronics,44,21.98,967.08,0
2022-04-03,West,Home & Garden,35,18.82,658.84,0
2022-04-04,North,Apparel,37,21.92,811.06,0
2022-04-04,North,Electronics,53,19.02,1007.8,0
2022-04-04,North,Home & Garden,27,23.49,634.18,0
2022-04-04,South,Apparel,31,18.68,579.08,0
2022-04-04,South,Electronics,36,21.15,761.56,0
2022-04-04,South,Home & Garden,29,19.26,558.63,0
2022-04-04,West,Apparel,31,24.07,746.12,0
2022-04-04,West,Electronics,39,21.89,853.73,0
2022-04-04,West,Home & Garden,28,18.81,526.62,0
2022-04-05,North,Apparel,37,22.14,819.33,0
2022-04-05,North,Electronics,58,18.9,1096.25,0
2022-04-05,North,Home & Garden,27,23.09,623.34,0
2022-04-05,South,Apparel,36,18.37,661.32,0
2022-04-05,South,Electronics,41,21.12,866.01,0
2022-04-05,South,Home & Garden,23,19.17,440.8,0
2022-04-05,West,Apparel,27,23.92,645.95,0
2022-04-05,West,Electronics,43,21.73,934.54,0
2022-04-05,West,Home & Garden,31,19.0,589.08,0
2022-04-06,North,Apparel,40,22.05,882.18,0
2022-04-06,North,Electronics,53,19.09,1011.8,0
2022-04-06,North,Home & Garden,29,23.32,676.41,0
2022-04-06,South,Apparel,35,18.31,641.0,0
2022-04-06,South,Electronics,36,21.54,775.47,0
2022-04-06,South,Home & Garden,42,19.32,811.24,1
2022-04-06,West,Apparel,30,24.21,726.36,0
2022-04-06,West,Electronics,40,21.77,870.75,0
2022-04-06,West,Home & Garden,29,18.59,539.04,0
2022-04-07,North,Apparel,37,21.79,806.09,0
2022-04-07,North,Electronics,52,18.97,986.48,0
2022-04-07,North,Home & Garden,26,23.09,600.45,0
2022-04-07,South,Apparel,39,18.55,723.61,0
2022-04-07,South,Electronics,39,21.21,827.2,0
2022-04-07,South,Home & Garden,26,19.09,496.45,0
2022-04-07,West,Apparel,31,24.5,759.38,0
2022-04-07,West,Electronics,40,21.62,864.92,0
2022-04-07,West,Home & Garden,32,18.59,594.83,0
2022-04-08,North,Apparel,39,22.14,863.3,0
2022-04-08,North,Electronics,50,19.08,954.04,0
2022-04-08,North,Home & Garden,28,23.49,657.66,0
2022-04-08,South,Apparel,36,18.67,672.15,0
2022-04-08,South,Electronics,36,21.51,774.18,0
2022-04-08,South,Home & Garden,25,19.55,488.68,0
2022-04-08,West,Apparel,29,24.02,696.62,0
2022-04-08,West,Electronics,42,21.67,910.23,0
2022-04-08,West,Home & Garden,29,18.71,542.62,0
2022-04-09,North,Apparel,45,21.75,978.67,0
2022-04-09,North,Electronics,66,19.08,1259.41,1
2022-04-09,North,Home & Garden,32,23.3,745.7,0
2022-04-09,South,Apparel,38,18.4,699.29,0
2022-04-09,South,Electronics,38,21.1,801.89,0
2022-04-09,South,Home & Garden,31,19.36,600.2,0
2022-04-09,West,Apparel,37,24.42,903.65,0
2022-04-09,West,Electronics,41,22.06,904.28,0
2022-04-09,West,Home & Garden,33,18.96,625.57,0
2022-04-10,North,Apparel,45,21.81,981.25,0
2022-04-10,North,Electronics,54,18.86,1018.43,0
2022-04-10,North,Home & Garden,32,23.06,737.94,0
2022-04-10,South,Apparel,44,18.38,808.84,0
2022-04-10,South,Electronics,56,21.45,1201.18,1
2022-04-10,South,Home & Garden,32,19.31,618.01,0
2022-04-10,West,Apparel,37,24.03,889.27,0
2022-04-10,West,Electronics,46,21.77,1001.38,0
2022-04-10,West,Home & Garden,31,18.87,584.99,0
2022-04-11,North,Apparel,39,21.67,844.99,0
2022-04-11,North,Electronics,79,18.92,1494.91,1
2022-04-11,North,Home & Garden,29,23.34,676.76,0
2022-04-11,South,Apparel,32,18.74,599.53,0
2022-04-11,South,Electronics,39,21.48,837.59,0
2022-04-11,South,Home & Garden,25,19.06,476.41,0
2022-04-11,West,Apparel,32,24.0,768.04,0
2022-04-11,West,Electronics,39,21.82,851.14,0
2022-04-11,West,Home & Garden,29,18.67,541.43,0
2022-04-12,North,Apparel,39,21.71,846.88,0
2022-04-12,North,Electronics,56,18.93,1060.08,0
2022-04-12,North,Home & Garden,28,23.33,653.13,0
2022-04-12,South,Apparel,38,18.39,698.94,0
2022-04-12,South,Electronics,35,21.5,752.5,0
2022-04-12,South,Home & Garden,25,19.27,481.67,0
2022-04-12,West,Apparel,32,24.52,784.51,0
2022-04-12,West,Electronics,39,21.91,854.65,0
2022-04-12,West,Home & Garden,30,19.1,573.12,0
2022-04-13,North,Apparel,38,21.88,831.26,0
2022-04-13,North,Electronics,51,19.01,969.73,0
2022-04-13,North,Home & Garden,27,23.55,635.98,0
2022-04-13,South,Apparel,42,18.76,787.8,0
2022-04-13,South,Electronics,37,21.64,800.79,0
2022-04-13,South,Home & Garden,28,19.11,535.1,0
2022-04-13,West,Apparel,31,24.06,745.98,0
2022-04-13,West,Electronics,39,22.16,864.18,0
2022-04-13,West,Home & Garden,30,19.09,572.81,0
2022-04-14,North,Apparel,56,21.75,1218.09,1
2022-04-14,North,Electronics,57,19.03,1084.84,0
2022-04-14,North,Home & Garden,28,23.59,660.64,0
2022-04-14,South,Apparel,40,18.55,742.08,0
2022-04-14,South,Electronics,41,21.26,871.52,0
2022-04-14,South,Home & Garden,24,18.95,454.74,0
2022-04-14,West,Apparel,32,24.07,770.15,0
2022-04-14,West,Electronics,43,21.92,942.5,0
2022-04-14,West,Home & Garden,31,19.13,593.07,0
2022-04-15,North,Apparel,39,21.95,856.22,0
2022-04-15,North,Electronics,54,19.01,1026.48,0
2022-04-15,North,Home & Garden,26,23.25,604.38,0
2022-04-15,South,Apparel,38,18.46,701.36,0
2022-04-15,South,Electronics,40,21.18,847.35,0
2022-04-15,South,Home & Garden,26,19.08,496.16,0
2022-04-15,West,Apparel,32,24.01,768.18,0
2022-04-15,West,Electronics,53,21.8,1155.19,1
2022-04-15,West,Home & Garden,33,18.71,617.55,0
2022-04-16,North,Apparel,48,21.79,1045.93,0
2022-04-16,North,Electronics,59,18.96,1118.45,0
2022-04-16,North,Home & Garden,33,23.46,774.23,0
2022-04-16,South,Apparel,60,18.68,1120.62,1
2022-04-16,South,Electronics,40,21.63,865.4,0
2022-04-16,South,Home & Garden,37,19.33,715.13,0
2022-04-16,West,Apparel,37,24.08,890.96,0
2022-04-16,West,Electronics,42,21.76,913.99,0
2022-04-16,West,Home & Garden,35,19.07,667.34,0
2022-04-17,North,Apparel,46,21.79,1002.39,0
2022-04-17,North,Electronics,62,19.16,1188.0,0
2022-04-17,North,Home & Garden,34,23.11,785.84,0
2022-04-17,South,Apparel,47,18.48,868.57,0
2022-04-17,South,Electronics,40,21.48,859.11,0
2022-04-17,South,Home & Garden,30,19.23,576.91,0
2022-04-17,West,Apparel,36,24.12,868.23,0
2022-04-17,West,Electronics,43,22.11,950.53,0
2022-04-17,West,Home & Garden,36,18.64,671.02,0
2022-04-18,North,Apparel,39,21.88,853.2,0
2022-04-18,North,Electronics,58,18.95,1099.38,0
2022-04-18,North,Home & Garden,28,23.04,645.11,0
2022-04-18,South,Apparel,39,18.62,726.29,0
2022-04-18,South,Electronics,43,21.31,916.47,0
2022-04-18,South,Home & Garden,29,19.41,563.03,0
2022-04-18,West,Apparel,30,24.3,729.03,0
2022-04-18,West,Electronics,42,21.89,919.45,0
2022-04-18,West,Home & Garden,33,18.78,619.9,0
2022-04-19,North,Apparel,41,21.71,890.16,0
2022-04-19,North,Electronics,55,19.1,1050.48,0
2022-04-19,North,Home & Garden,27,23.68,639.4,0
2022-04-19,South,Apparel,37,18.74,693.42,0
2022-04-19,South,Electronics,57,21.39,1219.12,1
2022-04-19,South,Home & Garden,26,19.4,504.39,0
2022-04-19,West,Apparel,32,24.03,768.85,0
2022-04-19,West,Electronics,40,21.77,870.83,0
2022-04-19,West,Home & Garden,31,19.07,591.31,0
2022-04-20,North,Apparel,40,22.18,887.33,0
2022-04-20,North,Electronics,54,19.0,1025.98,0
2022-04-20,North,Home & Garden,28,23.27,651.61,0
2022-04-20,South,Apparel,37,18.53,685.74,0
2022-04-20,South,Electronics,39,21.32,831.66,0
2022-04-20,South,Home & Garden,28,19.46,544.75,0
2022-04-20,West,Apparel,32,24.07,770.2,0
2022-04-20,West,Electronics,40,21.88,875.2,0
2022-04-20,West,Home & Garden,29,19.07,553.17,0
2022-04-21,North,Apparel,43,22.05,948.18,0
2022-04-21,North,Electronics,51,19.07,972.74,0
2022-04-21,North,Home & Garden,29,23.23,673.67,0
2022-04-21,South,Apparel,36,18.73,674.2,0
2022-04-21,South,Electronics,36,21.42,771.14,0
2022-04-21,South,Home & Garden,29,19.03,551.84,0
2022-04-21,West,Apparel,31,24.51,759.94,0
2022-04-21,West,Electronics,47,21.81,1025.07,0
2022-04-21,West,Home & Garden,30,18.98,569.44,0
2022-04-22,North,Apparel,41,21.88,897.08,0
2022-04-22,North,Electronics,55,18.92,1040.66,0
2022-04-22,North,Home & Garden,29,23.65,685.97,0
2022-04-22,South,Apparel,39,18.68,728.6,0
2022-04-22,South,Electronics,42,21.4,898.92,0
2022-04-22,South,Home & Garden,30,19.01,570.45,0
2022-04-22,West,Apparel,34,24.32,826.98,0
2022-04-22,West,Electronics,41,21.81,894.34,0
2022-04-22,West,Home & Garden,27,19.09,515.38,0
2022-04-23,North,Apparel,47,21.8,1024.77,0
2022-04-23,North,Electronics,59,19.1,1126.95,0
2022-04-23,North,Home & Garden,35,23.64,827.48,0
2022-04-23,South,Apparel,44,18.64,820.05,0
2022-04-23,South,Electronics,42,21.48,902.12,0
2022-04-23,South,Home & Garden,32,19.25,615.9,0
2022-04-23,West,Apparel,36,24.15,869.47,0
2022-04-23,West,Electronics,45,21.81,981.5,0
2022-04-23,West,Home & Garden,34,19.1,649.33,0
2022-04-24,North,Apparel,66,21.97,1449.8,1
2022-04-24,North,Electronics,58,18.89,1095.41,0
2022-04-24,North,Home & Garden,35,23.59,825.55,0
2022-04-24,South,Apparel,46,18.4,846.52,0
2022-04-24,South,Electronics,59,21.55,1271.17,1
2022-04-24,South,Home & Garden,36,19.29,694.47,0
2022-04-24,West,Apparel,38,24.02,912.93,0
2022-04-24,West,Electronics,45,21.83,982.46,0
2022-04-24,West,Home & Garden,33,18.94,625.13,0
2022-04-25,North,Apparel,43,21.95,943.98,0
2022-04-25,North,Electronics,57,18.9,1077.29,0
2022-04-25,North,Home & Garden,31,23.06,715.01,0
2022-04-25,South,Apparel,61,18.44,1124.77,1
2022-04-25,South,Electronics,45,21.61,972.32,0
2022-04-25,South,Home & Garden,40,19.38,775.06,1
2022-04-25,West,Apparel,35,24.28,849.83,0
2022-04-25,West,Electronics,42,21.97,922.95,0
2022-04-25,West,Home & Garden,32,19.02,608.72,0
2022-04-26,North,Apparel,45,22.09,994.01,0
2022-04-26,North,Electronics,57,19.12,1089.97,0
2022-04-26,North,Home & Garden,37,23.23,859.58,1
2022-04-26,South,Apparel,38,18.64,708.21,0
2022-04-26,South,Electronics,39,21.12,823.61,0
2022-04-26,South,Home & Garden,29,18.86,546.9,0
2022-04-26,West,Apparel,35,24.08,842.89,0
2022-04-26,West,Electronics,44,22.11,972.75,0
2022-04-26,West,Home & Garden,34,18.85,640.97,0
2022-04-27,North,Apparel,45,21.82,981.68,0
2022-04-27,North,Electronics,57,18.94,1079.68,0
2022-04-27,North,Home & Garden,28,23.51,658.32,0
2022-04-27,South,Apparel,41,18.41,754.66,0
2022-04-27,South,Electronics,44,21.17,931.57,0
2022-04-27,South,Home & Garden,29,18.94,549.18,0
2022-04-27,West,Apparel,35,24.53,858.49,0
2022-04-27,West,Electronics,45,22.01,990.32,0
2022-04-27,West,Home & Garden,30,18.92,567.73,0
2022-04-28,North,Apparel,41,21.94,899.6,0
2022-04-28,North,Electronics,56,19.0,1063.8,0
2022-04-28,North,Home & Garden,32,23.5,751.93,0
2022-04-28,South,Apparel,42,18.59,780.7,0
2022-04-28,South,Electronics,39,21.48,837.85,0
2022-04-28,South,Home & Garden,26,19.35,503.19,0
2022-04-28,West,Apparel,33,23.92,789.48,0
2022-04-28,West,Electronics,43,21.78,936.71,0
2022-04-28,West,Home & Garden,30,19.04,571.11,0
2022-04-29,North,Apparel,45,21.74,978.4,0
2022-04-29,North,Electronics,58,19.03,1103.85,0
2022-04-29,North,Home & Garden,29,23.68,686.84,0
2022-04-29,South,Apparel,40,18.76,750.52,0
2022-04-29,South,Electronics,40,21.19,847.43,0
2022-04-29,South,Home & Garden,37,19.34,715.55,1
2022-04-29,West,Apparel,35,24.22,847.72,0
2022-04-29,West,Electronics,41,21.89,897.63,0
2022-04-29,West,Home & Garden,34,18.76,637.8,0
2022-04-30,North,Apparel,51,22.03,1123.49,0
2022-04-30,North,Electronics,62,19.02,1179.32,0
2022-04-30,North,Home & Garden,34,23.46,797.68,0
2022-04-30,South,Apparel,48,18.45,885.57,0
2022-04-30,South,Electronics,49,21.21,1039.14,0
2022-04-30,South,Home & Garden,33,19.45,641.78,0
2022-04-30,West,Apparel,37,24.24,897.03,0
2022-04-30,West,Electronics,49,21.91,1073.38,0
2022-04-30,West,Home & Garden,36,18.92,681.03,0
2022-05-01,North,Apparel,67,21.95,1470.43,1
2022-05-01,North,Electronics,59,18.87,1113.5,0
2022-05-01,North,Home & Garden,35,23.2,812.09,0
2022-05-01,South,Apparel,68,18.59,1264.46,1
2022-05-01,South,Electronics,43,21.29,915.63,0
2022-05-01,South,Home & Garden,32,19.46,622.8,0
2022-05-01,West,Apparel,38,24.52,931.66,0
2022-05-01,West,Electronics,46,22.05,1014.46,0
2022-05-01,West,Home & Garden,38,18.63,707.79,0
2022-05-02,North,Apparel,45,21.98,989.2,0
2022-05-02,North,Electronics,62,18.86,1169.15,0
2022-05-02,North,Home & Garden,30,23.49,704.55,0
2022-05-02,South,Apparel,40,18.6,743.88,0
2022-05-02,South,Electronics,38,21.14,803.45,0
2022-05-02,South,Home & Garden,33,19.25,635.13,0
2022-05-02,West,Apparel,34,24.07,818.54,0
2022-05-02,West,Electronics,47,22.11,1039.31,0
2022-05-02,West,Home & Garden,43,18.78,807.41,1
2022-05-03,North,Apparel,45,22.04,991.91,0
2022-05-03,North,Electronics,58,19.04,1104.28,0
2022-05-03,North,Home & Garden,32,23.28,744.92,0
2022-05-03,South,Apparel,42,18.56,779.48,0
2022-05-03,South,Electronics,41,21.47,880.38,0
2022-05-03,South,Home & Garden,27,19.34,522.1,0
2022-05-03,West,Apparel,33,24.42,805.84,0
2022-05-03,West,Electronics,39,22.13,863.05,0
2022-05-03,West,Home & Garden,31,18.97,587.94,0
2022-05-04,North,Apparel,43,21.97,944.58,0
2022-05-04,North,Electronics,59,18.86,1112.58,0
2022-05-04,North,Home & Garden,31,23.32,722.77,0
2022-05-04,South,Apparel,44,18.48,813.08,0
2022-05-04,South,Electronics,40,21.56,862.27,0
2022-05-04,South,Home & Garden,31,19.18,594.45,0
2022-05-04,West,Apparel,34,24.04,817.43,0
2022-05-04,West,Electronics,45,21.68,975.51,0
2022-05-04,West,Home & Garden,31,19.05,590.53,0
2022-05-05,North,Apparel,42,22.06,926.62,0
2022-05-05,North,Electronics,60,19.11,1146.57,0
2022-05-05,North,Home & Garden,32,23.24,743.61,0
2022-05-05,South,Apparel,42,18.7,785.59,0
2022-05-05,South,Electronics,42,21.16,888.89,0
2022-05-05,South,Home & Garden,31,18.87,584.85,0
2022-05-05,West,Apparel,34,23.97,815.15,0
2022-05-05,West,Electronics,48,21.99,1055.64,0
2022-05-05,West,Home & Garden,32,18.71,598.8,0
2022-05-06,North,Apparel,43,22.08,949.4,0
2022-05-06,North,Electronics,59,19.12,1128.12,0
2022-05-06,North,Home & Garden,31,23.45,726.8,0
2022-05-06,South,Apparel,40,18.66,746.29,0
2022-05-06,South,Electronics,41,21.19,868.65,0
2022-05-06,South,Home & Garden,29,19.17,556.06,0
2022-05-06,West,Apparel,33,24.2,798.52,0
2022-05-06,West,Electronics,44,21.73,955.95,0
2022-05-06,West,Home & Garden,30,18.8,564.01,0
2022-05-07,North,Apparel,47,21.71,1020.22,0
2022-05-07,North,Electronics,64,19.12,1223.4,0
2022-05-07,North,Home & Garden,34,23.59,801.92,0
2022-05-07,South,Apparel,47,18.51,869.93,0
2022-05-07,South,Electronics,48,21.6,1036.62,0
2022-05-07,South,Home & Garden,32,19.31,617.91,0
2022-05-07,West,Apparel,41,24.27,994.96,0
2022-05-07,West,Electronics,47,21.79,1024.21,0
2022-05-07,West,Home & Garden,39,18.65,727.24,0
2022-05-08,North,Apparel,52,22.0,1143.78,0
2022-05-08,North,Electronics,63,18.99,1196.27,0
2022-05-08,North,Home & Garden,35,23.08,807.91,0
2022-05-08,South,Apparel,47,18.6,873.99,0
2022-05-08,South,Electronics,45,21.43,964.2,0
2022-05-08,South,Home & Garden,33,18.88,622.92,0
2022-05-08,West,Apparel,39,24.52,956.24,0
2022-05-08,West,Electronics,48,21.88,1050.12,0
2022-05-08,West,Home & Garden,39,18.8,733.04,0
2022-05-09,North,Apparel,44,21.86,961.95,0
2022-05-09,North,Electronics,75,19.09,1431.73,1
2022-05-09,North,Home & Garden,31,23.07,715.16,0
2022-05-09,South,Apparel,43,18.6,799.6,0
2022-05-09,South,Electronics,39,21.36,832.96,0
2022-05-09,South,Home & Garden,28,19.4,543.27,0
2022-05-09,West,Apparel,35,24.41,854.39,0
2022-05-09,West,Electronics,44,21.68,954.11,0
2022-05-09,West,Home & Garden,33,18.99,626.57,0
2022-05-10,North,Apparel,47,21.87,1028.09,0
2022-05-10,North,Electronics,60,19.09,1145.16,0
2022-05-10,North,Home & Garden,29,23.25,674.39,0
2022-05-10,South,Apparel,40,18.58,743.12,0
2022-05-10,South,Electronics,42,21.17,889.09,0
2022-05-10,South,Home & Garden,26,19.25,500.46,0
2022-05-10,West,Apparel,50,24.32,1215.99,1
2022-05-10,West,Electronics,44,21.99,967.6,0
2022-05-10,West,Home & Garden,36,18.7,673.1,0
2022-05-11,North,Apparel,42,22.15,930.28,0
2022-05-11,North,Electronics,57,18.95,1080.13,0
2022-05-11,North,Home & Garden,29,23.66,686.27,0
2022-05-11,South,Apparel,39,18.61,725.62,0
2022-05-11,South,Electronics,40,21.24,849.61,0
2022-05-11,South,Home & Garden,28,18.91,529.37,0
2022-05-11,West,Apparel,35,24.4,853.96,0
2022-05-11,West,Electronics,44,22.02,968.79,0
2022-05-11,West,Home & Garden,33,18.73,618.08,0
2022-05-12,North,Apparel,47,21.83,1025.88,0
2022-05-12,North,Electronics,60,18.99,1139.13,0
2022-05-12,North,Home & Garden,32,23.41,749.14,0
2022-05-12,South,Apparel,42,18.76,787.73,0
2022-05-12,South,Electronics,41,21.38,876.53,0
2022-05-12,South,Home & Garden,27,19.04,514.12,0
2022-05-12,West,Apparel,35,24.52,858.13,0
2022-05-12,West,Electronics,44,21.77,958.07,0
2022-05-12,West,Home & Garden,35,18.59,650.51,0
2022-05-13,North,Apparel,44,21.95,965.76,0
2022-05-13,North,Electronics,60,18.92,1135.36,0
2022-05-13,North,Home & Garden,29,23.48,681.03,0
2022-05-13,South,Apparel,42,18.39,772.17,0
2022-05-13,South,Electronics,40,21.22,848.74,0
2022-05-13,South,Home & Garden,32,19.21,614.58,0
2022-05-13,West,Apparel,35,24.14,844.79,0
2022-05-13,West,Electronics,48,21.75,1043.87,0
2022-05-13,West,Home & Garden,34,19.05,647.54,0
2022-05-14,North,Apparel,48,22.02,1057.11,0
2022-05-14,North,Electronics,63,18.89,1190.05,0
2022-05-14,North,Home & Garden,34,23.61,802.81,0
2022-05-14,South,Apparel,51,18.68,952.85,0
2022-05-14,South,Electronics,49,21.36,1046.54,0
2022-05-14,South,Home & Garden,36,18.9,680.57,0
2022-05-14,West,Apparel,43,24.1,1036.29,0
2022-05-14,West,Electronics,49,21.87,1071.54,0
2022-05-14,West,Home & Garden,37,18.76,694.17,0
2022-05-15,North,Apparel,54,21.79,1176.43,0
2022-05-15,North,Electronics,63,18.99,1196.14,0
2022-05-15,North,Home & Garden,33,23.7,782.02,0
2022-05-15,South,Apparel,43,18.73,805.57,0
2022-05-15,South,Electronics,58,21.49,1246.71,1
2022-05-15,South,Home & Garden,49,19.19,940.44,1
2022-05-15,West,Apparel,42,24.11,1012.47,0
2022-05-15,West,Electronics,49,21.72,1064.26,0
2022-05-15,West,Home & Garden,41,18.64,764.14,0
2022-05-16,North,Apparel,47,22.09,1038.44,0
2022-05-16,North,Electronics,56,18.92,1059.7,0
2022-05-16,North,Home & Garden,31,23.05,714.53,0
2022-05-16,South,Apparel,42,18.72,786.35,0
2022-05-16,South,Electronics,43,21.55,926.54,0
2022-05-16,South,Home & Garden,31,19.11,592.34,0
2022-05-16,West,Apparel,36,24.03,865.21,0
2022-05-16,West,Electronics,47,21.95,1031.5,0
2022-05-16,West,Home & Garden,34,18.82,639.74,0
2022-05-17,North,Apparel,46,21.86,1005.36,0
2022-05-17,North,Electronics,59,19.02,1122.1,0
2022-05-17,North,Home & Garden,31,23.45,726.84,0
2022-05-17,South,Apparel,41,18.63,764.02,0
2022-05-17,South,Electronics,41,21.53,882.93,0
2022-05-17,South,Home & Garden,41,18.98,777.98,1
2022-05-17,West,Apparel,35,24.26,848.98,0
2022-05-17,West,Electronics,45,21.9,985.31,0
2022-05-17,West,Home & Garden,36,18.64,670.88,0
2022-05-18,North,Apparel,46,21.76,1000.92,0
2022-05-18,North,Electronics,61,18.91,1153.33,0
2022-05-18,North,Home & Garden,31,23.22,719.75,0
2022-05-18,South,Apparel,44,18.52,814.68,0
2022-05-18,South,Electronics,40,21.18,847.21,0
2022-05-18,South,Home & Garden,33,18.96,625.54,0
2022-05-18,West,Apparel,36,24.01,864.43,0
2022-05-18,West,Electronics,57,21.8,1242.71,1
2022-05-18,West,Home & Garden,31,19.12,592.7,0
2022-05-19,North,Apparel,46,22.17,1019.76,0
2022-05-19,North,Electronics,61,18.99,1158.65,0
2022-05-19,North,Home & Garden,29,23.64,685.63,0
2022-05-19,South,Apparel,42,18.41,773.11,0
2022-05-19,South,Electronics,43,21.16,910.03,0
2022-05-19,South,Home & Garden,29,19.11,554.33,0
2022-05-19,West,Apparel,37,24.0,888.16,0
2022-05-19,West,Electronics,45,21.65,974.15,0
2022-05-19,West,Home & Garden,34,18.93,643.52,0
2022-05-20,North,Apparel,62,21.77,1349.95,1
2022-05-20,North,Electronics,58,19.09,1107.47,0
2022-05-20,North,Home & Garden,31,23.57,730.74,0
2022-05-20,South,Apparel,41,18.62,763.27,0
2022-05-20,South,Electronics,43,21.42,920.94,0
2022-05-20,South,Home & Garden,30,19.36,580.7,0
2022-05-20,West,Apparel,39,23.94,933.68,0
2022-05-20,West,Electronics,46,21.81,1003.31,0
2022-05-20,West,Home & Garden,33,18.94,624.96,0
2022-05-21,North,Apparel,50,21.91,1095.53,0
2022-05-21,North,Electronics,67,19.0,1272.87,0
2022-05-21,North,Home & Garden,34,23.39,795.25,0
2022-05-21,South,Apparel,51,18.54,945.69,0
2022-05-21,South,Electronics,67,21.42,1434.98,1
2022-05-21,South,Home & Garden,36,19.29,694.35,0
2022-05-21,West,Apparel,39,24.13,940.92,0
2022-05-21,West,Electronics,46,22.12,1017.48,0
2022-05-21,West,Home & Garden,37,18.99,702.64,0
2022-05-22,North,Apparel,51,21.83,1113.16,0
2022-05-22,North,Electronics,62,19.02,1179.08,0
2022-05-22,North,Home & Garden,35,23.09,808.06,0
2022-05-22,South,Apparel,52,18.49,961.31,0
2022-05-22,South,Electronics,40,21.21,848.31,0
2022-05-22,South,Home & Garden,33,18.88,623.16,0
2022-05-22,West,Apparel,42,24.39,1024.34,0
2022-05-22,West,Electronics,48,21.76,1044.5,0
2022-05-22,West,Home & Garden,42,18.65,783.11,0
2022-05-23,North,Apparel,50,21.81,1090.42,0
2022-05-23,North,Electronics,63,19.11,1203.78,0
2022-05-23,North,Home & Garden,33,23.27,767.75,0
2022-05-23,South,Apparel,42,18.76,788.09,0
2022-05-23,South,Electronics,40,21.31,852.38,0
2022-05-23,South,Home & Garden,36,19.14,688.94,0
2022-05-23,West,Apparel,38,24.34,925.06,0
2022-05-23,West,Electronics,45,21.9,985.61,0
2022-05-23,West,Home & Garden,35,18.63,651.9,0
2022-05-24,North,Apparel,51,21.98,1121.17,0
2022-05-24,North,Electronics,62,19.06,1181.42,0
2022-05-24,North,Home & Garden,33,23.54,776.72,0
2022-05-24,South,Apparel,43,18.39,790.65,0
2022-05-24,South,Electronics,45,21.17,952.64,0
2022-05-24,South,Home & Garden,30,19.42,582.69,0
2022-05-24,West,Apparel,34,24.19,822.52,0
2022-05-24,West,Electronics,51,21.69,1106.21,0
2022-05-24,West,Home & Garden,32,18.58,594.63,0
2022-05-25,North,Apparel,49,22.02,1079.01,0
2022-05-25,North,Electronics,60,18.92,1135.1,0
2022-05-25,North,Home & Garden,30,23.29,698.8,0
2022-05-25,South,Apparel,46,18.4,846.35,0
2022-05-25,South,Electronics,41,21.21,869.54,0
2022-05-25,South,Home & Garden,31,18.96,587.76,0
2022-05-25,West,Apparel,36,24.35,876.67,0
2022-05-25,West,Electronics,41,21.65,887.51,0
2022-05-25,West,Home & Garden,33,19.1,630.14,0
2022-05-26,North,Apparel,47,22.08,1037.79,0
2022-05-26,North,Electronics,87,19.01,1654.09,1
2022-05-26,North,Home & Garden,34,23.56,800.95,0
2022-05-26,South,Apparel,45,18.75,843.57,0
2022-05-26,South,Electronics,43,21.44,921.74,0
2022-05-26,South,Home & Garden,33,19.03,627.85,0
2022-05-26,West,Apparel,35,24.09,843.21,0
2022-05-26,West,Electronics,46,21.87,1005.93,0
2022-05-26,West,Home & Garden,36,18.93,681.6,0
2022-05-27,North,Apparel,46,21.9,1007.24,0
2022-05-27,North,Electronics,59,18.89,1114.28,0
2022-05-27,North,Home & Garden,31,23.53,729.51,0
2022-05-27,South,Apparel,45,18.67,840.1,0
2022-05-27,South,Electronics,40,21.44,857.47,0
2022-05-27,South,Home & Garden,32,19.28,616.91,0
2022-05-27,West,Apparel,37,24.45,904.83,0
2022-05-27,West,Electronics,50,21.87,1093.3,0
2022-05-27,West,Home & Garden,33,18.79,620.03,0
2022-05-28,North,Apparel,51,21.78,1110.84,0
2022-05-28,North,Electronics,67,18.97,1271.17,0
2022-05-28,North,Home & Garden,35,23.36,817.6,0
2022-05-28,South,Apparel,49,18.46,904.32,0
2022-05-28,South,Electronics,47,21.46,1008.42,0
2022-05-28,South,Home & Garden,35,19.35,677.22,0
2022-05-28,West,Apparel,41,24.27,995.03,0
2022-05-28,West,Electronics,62,21.8,1351.46,1
2022-05-28,West,Home & Garden,38,18.62,707.56,0
2022-05-29,North,Apparel,51,21.87,1115.43,0
2022-05-29,North,Electronics,67,19.05,1276.6,0
2022-05-29,North,Home & Garden,35,23.1,808.66,0
2022-05-29,South,Apparel,48,18.66,895.61,0
2022-05-29,South,Electronics,48,21.22,1018.79,0
2022-05-29,South,Home & Garden,36,18.93,681.4,0
2022-05-29,West,Apparel,42,23.95,1005.85,0
2022-05-29,West,Electronics,51,21.82,1112.66,0
2022-05-29,West,Home & Garden,39,18.9,736.91,0
2022-05-30,North,Apparel,46,21.84,1004.47,0
2022-05-30,North,Electronics,60,19.05,1143.1,0
2022-05-30,North,Home & Garden,32,23.53,753.01,0
2022-05-30,South,Apparel,47,18.49,868.89,0
2022-05-30,South,Electronics,45,21.14,951.15,0
2022-05-30,South,Home & Garden,28,19.11,535.13,0
2022-05-30,West,Apparel,36,24.34,876.25,0
2022-05-30,West,Electronics,47,21.8,1024.73,0
2022-05-30,West,Home & Garden,36,18.6,669.51,0
2022-05-31,North,Apparel,51,21.85,1114.46,0
2022-05-31,North,Electronics,65,19.04,1237.59,0
2022-05-31,North,Home & Garden,35,23.47,821.55,0
2022-05-31,South,Apparel,45,18.43,829.23,0
2022-05-31,South,Electronics,45,21.47,965.97,0
2022-05-31,South,Home & Garden,30,18.97,569.2,0
2022-05-31,West,Apparel,38,24.29,923.07,0
2022-05-31,West,Electronics,45,22.04,991.64,0
2022-05-31,West,Home & Garden,33,19.05,628.59,0
2022-06-01,North,Apparel,50,22.05,1102.4,0
2022-06-01,North,Electronics,61,19.1,1165.26,0
2022-06-01,North,Home & Garden,30,23.31,699.4,0
2022-06-01,South,Apparel,42,18.49,776.54,0
2022-06-01,South,Electronics,46,21.55,991.13,0
2022-06-01,South,Home & Garden,32,18.99,607.63,0
2022-06-01,West,Apparel,37,24.46,904.94,0
2022-06-01,West,Electronics,42,21.96,922.17,0
2022-06-01,West,Home & Garden,35,19.11,668.71,0
2022-06-02,North,Apparel,48,22.12,1061.67,0
2022-06-02,North,Electronics,63,18.91,1191.04,0
2022-06-02,North,Home & Garden,29,23.53,682.35,0
2022-06-02,South,Apparel,43,18.68,803.25,0
2022-06-02,South,Electronics,41,21.2,869.12,0
2022-06-02,South,Home & Garden,32,18.93,605.89,0
2022-06-02,West,Apparel,37,24.5,906.47,0
2022-06-02,West,Electronics,47,21.99,1033.64,0
2022-06-02,West,Home & Garden,35,18.78,657.17,0
2022-06-03,North,Apparel,45,22.11,994.99,0
2022-06-03,North,Electronics,63,18.91,1191.24,0
2022-06-03,North,Home & Garden,33,23.17,764.74,0
2022-06-03,South,Apparel,44,18.46,812.16,0
2022-06-03,South,Electronics,42,21.13,887.61,0
2022-06-03,South,Home & Garden,33,19.21,633.88,0
2022-06-03,West,Apparel,37,24.46,905.05,0
2022-06-03,West,Electronics,45,22.02,990.77,0
2022-06-03,West,Home & Garden,35,18.92,662.3,0
2022-06-04,North,Apparel,54,22.05,1190.66,0
2022-06-04,North,Electronics,65,19.0,1234.89,0
2022-06-04,North,Home & Garden,37,23.41,866.23,0
2022-06-04,South,Apparel,50,18.51,925.73,0
2022-06-04,South,Electronics,48,21.35,1024.6,0
2022-06-04,South,Home & Garden,35,19.36,677.67,0
2022-06-04,West,Apparel,43,24.25,1042.85,0
2022-06-04,West,Electronics,48,21.89,1050.89,0
2022-06-04,West,Home & Garden,35,18.96,663.49,0
2022-06-05,North,Apparel,52,22.05,1146.85,0
2022-06-05,North,Electronics,67,19.09,1278.78,0
2022-06-05,North,Home & Garden,45,23.2,1043.95,1
2022-06-05,South,Apparel,50,18.39,919.4,0
2022-06-05,South,Electronics,61,21.27,1297.48,1
2022-06-05,South,Home & Garden,33,19.21,634.05,0
2022-06-05,West,Apparel,42,24.07,1010.73,0
2022-06-05,West,Electronics,49,21.75,1065.63,0
2022-06-05,West,Home & Garden,40,18.73,749.01,0
2022-06-06,North,Apparel,57,21.81,1242.99,1
2022-06-06,North,Electronics,64,19.05,1219.3,0
2022-06-06,North,Home & Garden,33,23.6,778.94,0
2022-06-06,South,Apparel,46,18.73,861.4,0
2022-06-06,South,Electronics,42,21.33,895.94,0
2022-06-06,South,Home & Garden,33,19.1,630.27,0
2022-06-06,West,Apparel,40,24.26,970.45,0
2022-06-06,West,Electronics,51,21.72,1107.73,0
2022-06-06,West,Home & Garden,35,18.58,650.43,0
2022-06-07,North,Apparel,48,21.89,1050.57,0
2022-06-07,North,Electronics,58,19.07,1106.15,0
2022-06-07,North,Home & Garden,31,23.2,719.32,0
2022-06-07,South,Apparel,45,18.54,834.33,0
2022-06-07,South,Electronics,42,21.28,893.78,0
2022-06-07,South,Home & Garden,34,18.95,644.19,0
2022-06-07,West,Apparel,35,24.4,854.16,0
2022-06-07,West,Electronics,52,21.89,1138.51,0
2022-06-07,West,Home & Garden,36,18.71,673.59,0
2022-06-08,North,Apparel,46,21.88,1006.64,0
2022-06-08,North,Electronics,65,19.15,1244.7,0
2022-06-08,North,Home & Garden,31,23.44,726.62,0
2022-06-08,South,Apparel,49,18.46,904.3,0
2022-06-08,South,Electronics,42,21.4,898.83,0
2022-06-08,South,Home & Garden,33,18.97,625.98,0
2022-06-08,West,Apparel,44,24.18,1063.85,1
2022-06-08,West,Electronics,48,21.69,1041.09,0
2022-06-08,West,Home & Garden,34,18.76,637.72,0
2022-06-09,North,Apparel,46,21.94,1009.16,0
2022-06-09,North,Electronics,59,18.85,1112.32,0
2022-06-09,North,Home & Garden,33,23.17,764.76,0
2022-06-09,South,Apparel,47,18.44,866.49,0
2022-06-09,South,Electronics,40,21.42,856.83,0
2022-06-09,South,Home & Garden,31,19.01,589.38,0
2022-06-09,West,Apparel,34,24.51,833.29,0
2022-06-09,West,Electronics,46,21.99,1011.37,0
2022-06-09,West,Home & Garden,34,19.07,648.25,0
2022-06-10,North,Apparel,47,21.97,1032.56,0
2022-06-10,North,Electronics,65,18.99,1234.65,0
2022-06-10,North,Home & Garden,35,23.5,822.63,0
2022-06-10,South,Apparel,44,18.67,821.38,0
2022-06-10,South,Electronics,41,21.28,872.67,0
2022-06-10,South,Home & Garden,33,19.16,632.2,0
2022-06-10,West,Apparel,34,24.22,823.4,0
2022-06-10,West,Electronics,45,21.78,980.23,0
2022-06-10,West,Home & Garden,36,18.9,680.48,0
2022-06-11,North,Apparel,52,21.99,1143.65,0
2022-06-11,North,Electronics,68,19.12,1299.89,0
2022-06-11,North,Home & Garden,37,23.55,871.36,0
2022-06-11,South,Apparel,54,18.4,993.4,0
2022-06-11,South,Electronics,44,21.24,934.54,0
2022-06-11,South,Home & Garden,42,19.19,806.15,0
2022-06-11,West,Apparel,44,23.96,1054.39,0
2022-06-11,West,Electronics,51,21.87,1115.16,0
2022-06-11,West,Home & Garden,43,18.67,802.98,0
2022-06-12,North,Apparel,53,21.95,1163.16,0
2022-06-12,North,Electronics,63,19.06,1201.03,0
2022-06-12,North,Home & Garden,37,23.61,873.58,0
2022-06-12,South,Apparel,51,18.66,951.57,0
2022-06-12,South,Electronics,46,21.26,978.16,0
2022-06-12,South,Home & Garden,36,19.18,690.63,0
2022-06-12,West,Apparel,43,24.43,1050.34,0
2022-06-12,West,Electronics,54,21.76,1175.12,0
2022-06-12,West,Home & Garden,37,19.1,706.53,0
2022-06-13,North,Apparel,48,21.71,1042.1,0
2022-06-13,North,Electronics,62,18.91,1172.51,0
2022-06-13,North,Home & Garden,31,23.4,725.29,0
2022-06-13,South,Apparel,49,18.67,914.87,0
2022-06-13,South,Electronics,44,21.46,944.27,0
2022-06-13,South,Home & Garden,29,19.0,551.11,0
2022-06-13,West,Apparel,40,23.93,957.35,0
2022-06-13,West,Electronics,47,21.8,1024.52,0
2022-06-13,West,Home & Garden,36,18.93,681.32,0
2022-06-14,North,Apparel,44,22.07,971.15,0
2022-06-14,North,Electronics,60,19.03,1142.06,0
2022-06-14,North,Home & Garden,33,23.58,778.14,0
2022-06-14,South,Apparel,43,18.75,806.16,0
2022-06-14,South,Electronics,45,21.16,952.23,0
2022-06-14,South,Home & Garden,30,19.23,576.89,0
2022-06-14,West,Apparel,36,24.1,867.46,0
2022-06-14,West,Electronics,42,22.13,929.3,0
2022-06-14,West,Home & Garden,37,19.09,706.49,0
2022-06-15,North,Apparel,50,22.15,1107.72,0
2022-06-15,North,Electronics,62,19.08,1182.9,0
2022-06-15,North,Home & Garden,31,23.3,722.43,0
2022-06-15,South,Apparel,45,18.61,837.44,0
2022-06-15,South,Electronics,43,21.17,910.43,0
2022-06-15,South,Home & Garden,32,19.36,619.65,0
2022-06-15,West,Apparel,39,24.11,940.17,0
2022-06-15,West,Electronics,49,21.78,1067.17,0
2022-06-15,West,Home & Garden,37,18.61,688.49,0
2022-06-16,North,Apparel,46,21.92,1008.21,0
2022-06-16,North,Electronics,62,19.02,1179.4,0
2022-06-16,North,Home & Garden,35,23.6,826.08,0
2022-06-16,South,Apparel,43,18.51,795.79,0
2022-06-16,South,Electronics,43,21.21,912.08,0
2022-06-16,South,Home & Garden,28,19.35,541.9,0
2022-06-16,West,Apparel,38,24.03,913.18,0
2022-06-16,West,Electronics,49,22.08,1081.96,0
2022-06-16,West,Home & Garden,37,19.05,704.86,0
2022-06-17,North,Apparel,46,21.96,1010.02,0
2022-06-17,North,Electronics,65,18.91,1228.98,0
2022-06-17,North,Home & Garden,31,23.52,729.14,0
2022-06-17,South,Apparel,64,18.52,1185.55,1
2022-06-17,South,Electronics,44,21.36,939.92,0
2022-06-17,South,Home & Garden,32,18.88,604.28,0
2022-06-17,West,Apparel,38,24.16,918.07,0
2022-06-17,West,Electronics,44,21.97,966.81,0
2022-06-17,West,Home & Garden,34,18.99,645.81,0
2022-06-18,North,Apparel,53,21.8,1155.47,0
2022-06-18,North,Electronics,69,19.04,1313.43,0
2022-06-18,North,Home & Garden,35,23.63,826.98,0
2022-06-18,South,Apparel,50,18.54,927.0,0
2022-06-18,South,Electronics,43,21.57,927.48,0
2022-06-18,South,Home & Garden,37,18.97,701.9,0
2022-06-18,West,Apparel,44,24.02,1056.86,0
2022-06-18,West,Electronics,51,21.7,1106.61,0
2022-06-18,West,Home & Garden,42,19.01,798.38,0
2022-06-19,North,Apparel,69,22.0,1518.07,1
2022-06-19,North,Electronics,69,19.1,1317.78,0
2022-06-19,North,Home & Garden,34,23.63,803.56,0
2022-06-19,South,Apparel,53,18.69,990.43,0
2022-06-19,South,Electronics,49,21.19,1038.37,0
2022-06-19,South,Home & Garden,39,19.04,742.52,0
2022-06-19,West,Apparel,41,24.44,1001.95,0
2022-06-19,West,Electronics,51,21.95,1119.41,0
2022-06-19,West,Home & Garden,51,18.73,955.41,1
2022-06-20,North,Apparel,50,22.15,1107.73,0
2022-06-20,North,Electronics,62,18.87,1170.13,0
2022-06-20,North,Home & Garden,33,23.28,768.33,0
2022-06-20,South,Apparel,45,18.43,829.57,0
2022-06-20,South,Electronics,46,21.6,993.39,0
2022-06-20,South,Home & Garden,34,18.96,644.81,0
2022-06-20,West,Apparel,42,24.19,1015.99,0
2022-06-20,West,Electronics,47,22.05,1036.21,0
2022-06-20,West,Home & Garden,35,19.07,667.43,0
2022-06-21,North,Apparel,48,22.09,1060.42,0
2022-06-21,North,Electronics,81,18.92,1532.18,1
2022-06-21,North,Home & Garden,33,23.24,767.02,0
2022-06-21,South,Apparel,39,18.54,723.1,0
2022-06-21,South,Electronics,42,21.61,907.7,0
2022-06-21,South,Home & Garden,33,19.07,629.33,0
2022-06-21,West,Apparel,40,24.15,966.01,0
2022-06-21,West,Electronics,46,21.83,1004.25,0
2022-06-21,West,Home & Garden,34,19.06,648.05,0
2022-06-22,North,Apparel,49,21.89,1072.49,0
2022-06-22,North,Electronics,59,18.99,1120.38,0
2022-06-22,North,Home & Garden,35,23.39,818.56,0
2022-06-22,South,Apparel,44,18.76,825.36,0
2022-06-22,South,Electronics,43,21.35,918.18,0
2022-06-22,South,Home & Garden,27,19.39,523.47,0
2022-06-22,West,Apparel,47,24.38,1145.94,1
2022-06-22,West,Electronics,50,21.72,1085.84,0
2022-06-22,West,Home & Garden,50,18.66,932.84,1
2022-06-23,North,Apparel,48,22.1,1060.94,0
2022-06-23,North,Electronics,61,19.02,1160.14,0
2022-06-23,North,Home & Garden,34,23.32,792.84,0
2022-06-23,South,Apparel,42,18.64,782.75,0
2022-06-23,South,Electronics,46,21.57,992.26,0
2022-06-23,South,Home & Garden,33,19.13,631.45,0
2022-06-23,West,Apparel,36,24.15,869.37,0
2022-06-23,West,Electronics,47,21.75,1022.2,0
2022-06-23,West,Home & Garden,32,18.92,605.55,0
2022-06-24,North,Apparel,48,22.07,1059.26,0
2022-06-24,North,Electronics,65,19.08,1240.02,0
2022-06-24,North,Home & Garden,32,23.06,738.0,0
2022-06-24,South,Apparel,60,18.41,1104.71,1
2022-06-24,South,Electronics,44,21.16,930.94,0
2022-06-24,South,Home & Garden,33,18.91,623.92,0
2022-06-24,West,Apparel,38,23.93,909.53,0
2022-06-24,West,Electronics,44,22.13,973.69,0
2022-06-24,West,Home & Garden,32,18.65,596.79,0
2022-06-25,North,Apparel,54,21.9,1182.36,0
2022-06-25,North,Electronics,70,18.99,1329.45,0
2022-06-25,North,Home & Garden,38,23.32,886.22,0
2022-06-25,South,Apparel,53,18.64,987.74,0
2022-06-25,South,Electronics,48,21.31,1023.05,0
2022-06-25,South,Home & Garden,36,19.39,698.16,0
2022-06-25,West,Apparel,43,24.19,1040.31,0
2022-06-25,West,Electronics,46,21.92,1008.42,0
2022-06-25,West,Home & Garden,42,18.98,796.97,0
2022-06-26,North,Apparel,50,21.85,1092.55,0
2022-06-26,North,Electronics,63,19.07,1201.28,0
2022-06-26,North,Home & Garden,35,23.2,812.05,0
2022-06-26,South,Apparel,48,18.5,887.89,0
2022-06-26,South,Electronics,46,21.58,992.49,0
2022-06-26,South,Home & Garden,33,19.05,628.59,0
2022-06-26,West,Apparel,44,24.44,1075.55,0
2022-06-26,West,Electronics,53,21.84,1157.46,0
2022-06-26,West,Home & Garden,46,18.9,869.22,1
2022-06-27,North,Apparel,47,22.12,1039.68,0
2022-06-27,North,Electronics,62,18.87,1170.19,0
2022-06-27,North,Home & Garden,32,23.13,740.3,0
2022-06-27,South,Apparel,42,18.39,772.36,0
2022-06-27,South,Electronics,47,21.42,1006.7,0
2022-06-27,South,Home & Garden,30,19.06,571.86,0
2022-06-27,West,Apparel,36,24.06,866.02,0
2022-06-27,West,Electronics,49,21.81,1068.49,0
2022-06-27,West,Home & Garden,36,18.73,674.37,0
2022-06-28,North,Apparel,50,21.92,1095.92,0
2022-06-28,North,Electronics,63,18.98,1195.62,0
2022-06-28,North,Home & Garden,33,23.32,769.42,0
2022-06-28,South,Apparel,41,18.41,754.87,0
2022-06-28,South,Electronics,45,21.3,958.68,0
2022-06-28,South,Home & Garden,29,19.24,558.07,0
2022-06-28,West,Apparel,38,24.31,923.96,0
2022-06-28,West,Electronics,48,21.76,1044.66,0
2022-06-28,West,Home & Garden,33,18.79,619.99,0
2022-06-29,North,Apparel,55,21.94,1206.79,0
2022-06-29,North,Electronics,64,18.9,1209.31,0
2022-06-29,North,Home & Garden,31,23.4,725.44,0
2022-06-29,South,Apparel,43,18.73,805.54,0
2022-06-29,South,Electronics,45,21.36,961.2,0
2022-06-29,South,Home & Garden,28,18.86,528.21,0
2022-06-29,West,Apparel,35,24.32,851.1,0
2022-06-29,West,Electronics,47,21.72,1020.8,0
2022-06-29,West,Home & Garden,34,18.69,635.57,0
2022-06-30,North,Apparel,46,21.75,1000.52,0
2022-06-30,North,Electronics,61,19.02,1160.11,0
2022-06-30,North,Home & Garden,34,23.59,802.05,0
2022-06-30,South,Apparel,41,18.37,753.13,0
2022-06-30,South,Electronics,45,21.38,961.91,0
2022-06-30,South,Home & Garden,31,19.3,598.43,0
2022-06-30,West,Apparel,38,24.46,929.36,0
2022-06-30,West,Electronics,46,22.1,1016.67,0
2022-06-30,West,Home & Garden,37,18.62,688.98,0
2022-07-01,North,Apparel,49,21.74,1065.14,0
2022-07-01,North,Electronics,64,18.99,1215.4,0
2022-07-01,North,Home & Garden,36,23.45,844.25,0
2022-07-01,South,Apparel,41,18.44,756.12,0
2022-07-01,South,Electronics,43,21.19,911.27,0
2022-07-01,South,Home & Garden,30,19.01,570.36,0
2022-07-01,West,Apparel,37,24.52,907.19,0
2022-07-01,West,Electronics,45,22.04,991.87,0
2022-07-01,West,Home & Garden,36,18.62,670.43,0
2022-07-02,North,Apparel,52,22.02,1144.83,0
2022-07-02,North,Electronics,65,19.0,1234.71,0
2022-07-02,North,Home & Garden,36,23.44,843.8,0
2022-07-02,South,Apparel,50,18.61,930.72,0
2022-07-02,South,Electronics,46,21.2,975.18,0
2022-07-02,South,Home & Garden,41,19.02,779.89,0
2022-07-02,West,Apparel,46,24.1,1108.48,0
2022-07-02,West,Electronics,49,22.05,1080.61,0
2022-07-02,West,Home & Garden,40,18.75,750.0,0
2022-07-03,North,Apparel,57,21.91,1248.95,0
2022-07-03,North,Electronics,66,19.02,1255.04,0
2022-07-03,North,Home & Garden,36,23.08,830.9,0
2022-07-03,South,Apparel,51,18.67,951.97,0
2022-07-03,South,Electronics,48,21.47,1030.37,0
2022-07-03,South,Home & Garden,36,18.94,681.78,0
2022-07-03,West,Apparel,40,24.22,968.63,0
2022-07-03,West,Electronics,59,21.92,1293.28,1
2022-07-03,West,Home & Garden,42,18.91,794.15,0
2022-07-04,North,Apparel,45,22.05,992.19,0
2022-07-04,North,Electronics,64,19.06,1219.87,0
2022-07-04,North,Home & Garden,32,23.71,758.72,0
2022-07-04,South,Apparel,42,18.63,782.43,0
2022-07-04,South,Electronics,44,21.39,941.13,0
2022-07-04,South,Home & Garden,34,18.9,642.61,0
2022-07-04,West,Apparel,40,24.12,964.69,0
2022-07-04,West,Electronics,46,21.88,1006.26,0
2022-07-04,West,Home & Garden,35,18.67,653.56,0
2022-07-05,North,Apparel,66,21.97,1450.06,1
2022-07-05,North,Electronics,63,18.97,1195.11,0
2022-07-05,North,Home & Garden,32,23.23,743.24,0
2022-07-05,South,Apparel,45,18.5,832.72,0
2022-07-05,South,Electronics,41,21.51,882.09,0
2022-07-05,South,Home & Garden,28,19.36,542.02,0
2022-07-05,West,Apparel,35,24.03,841.04,0
2022-07-05,West,Electronics,47,21.81,1024.99,0
2022-07-05,West,Home & Garden,49,18.69,916.01,1
2022-07-06,North,Apparel,45,21.97,988.44,0
2022-07-06,North,Electronics,62,18.95,1174.67,0
2022-07-06,North,Home & Garden,33,23.37,771.36,0
2022-07-06,South,Apparel,44,18.68,822.04,0
2022-07-06,South,Electronics,48,21.23,1018.96,0
2022-07-06,South,Home & Garden,30,19.27,577.95,0
2022-07-06,West,Apparel,35,24.44,855.38,0
2022-07-06,West,Electronics,49,21.75,1065.97,0
2022-07-06,West,Home & Garden,33,18.95,625.36,0
2022-07-07,North,Apparel,47,21.94,1031.08,0
2022-07-07,North,Electronics,63,18.87,1188.79,0
2022-07-07,North,Home & Garden,31,23.08,715.33,0
2022-07-07,South,Apparel,45,18.63,838.51,0
2022-07-07,South,Electronics,46,21.27,978.23,0
2022-07-07,South,Home & Garden,31,19.34,599.43,0
2022-07-07,West,Apparel,35,24.02,840.58,0
2022-07-07,West,Electronics,47,22.05,1036.22,0
2022-07-07,West,Home & Garden,33,18.81,620.63,0
2022-07-08,North,Apparel,47,22.16,1041.46,0
2022-07-08,North,Electronics,63,18.87,1189.11,0
2022-07-08,North,Home & Garden,33,23.4,772.12,0
2022-07-08,South,Apparel,42,18.44,774.5,0
2022-07-08,South,Electronics,44,21.26,935.41,0
2022-07-08,South,Home & Garden,29,19.44,563.76,0
2022-07-08,West,Apparel,38,24.13,916.82,0
2022-07-08,West,Electronics,49,21.9,1073.23,0
2022-07-08,West,Home & Garden,35,18.77,656.88,0
2022-07-09,North,Apparel,55,21.9,1204.56,0
2022-07-09,North,Electronics,65,19.01,1235.73,0
2022-07-09,North,Home & Garden,39,23.52,917.21,0
2022-07-09,South,Apparel,55,18.45,1014.66,0
2022-07-09,South,Electronics,67,21.29,1426.55,1
2022-07-09,South,Home & Garden,35,19.15,670.23,0
2022-07-09,West,Apparel,40,24.47,978.94,0
2022-07-09,West,Electronics,53,21.84,1157.57,0
2022-07-09,West,Home & Garden,40,18.78,751.24,0
2022-07-10,North,Apparel,51,21.91,1117.56,0
2022-07-10,North,Electronics,65,19.08,1239.98,0
2022-07-10,North,Home & Garden,33,23.62,779.48,0
2022-07-10,South,Apparel,48,18.52,888.84,0
2022-07-10,South,Electronics,47,21.31,1001.52,0
2022-07-10,South,Home & Garden,35,19.34,676.81,0
2022-07-10,West,Apparel,40,24.27,970.97,0
2022-07-10,West,Electronics,67,21.83,1462.37,1
2022-07-10,West,Home & Garden,38,18.96,720.44,0
2022-07-11,North,Apparel,49,21.75,1065.98,0
2022-07-11,North,Electronics,66,19.13,1262.75,0
2022-07-11,North,Home & Garden,31,23.16,717.88,0
2022-07-11,South,Apparel,42,18.77,788.46,0
2022-07-11,South,Electronics,45,21.23,955.23,0
2022-07-11,South,Home & Garden,40,19.32,772.9,1
2022-07-11,West,Apparel,38,24.0,911.97,0
2022-07-11,West,Electronics,48,22.01,1056.66,0
2022-07-11,West,Home & Garden,35,18.58,650.15,0
2022-07-12,North,Apparel,47,22.1,1038.92,0
2022-07-12,North,Electronics,64,18.99,1215.18,0
2022-07-12,North,Home & Garden,32,23.2,742.39,0
2022-07-12,South,Apparel,45,18.51,833.08,0
2022-07-12,South,Electronics,39,21.53,839.77,0
2022-07-12,South,Home & Garden,34,19.36,658.12,0
2022-07-12,West,Apparel,38,24.23,920.83,0
2022-07-12,West,Electronics,47,22.03,1035.26,0
2022-07-12,West,Home & Garden,38,18.6,706.87,0
2022-07-13,North,Apparel,48,21.83,1047.74,0
2022-07-13,North,Electronics,62,18.96,1175.71,0
2022-07-13,North,Home & Garden,33,23.52,776.07,0
2022-07-13,South,Apparel,57,18.69,1065.15,1
2022-07-13,South,Electronics,48,21.37,1025.59,0
2022-07-13,South,Home & Garden,32,18.93,605.75,0
2022-07-13,West,Apparel,37,24.41,903.19,0
2022-07-13,West,Electronics,45,22.0,989.79,0
2022-07-13,West,Home & Garden,34,18.96,644.55,0
2022-07-14,North,Apparel,49,21.91,1073.76,0
2022-07-14,North,Electronics,64,19.05,1219.39,0
2022-07-14,North,Home & Garden,34,23.16,787.36,0
2022-07-14,South,Apparel,45,18.76,844.21,0
2022-07-14,South,Electronics,42,21.29,894.21,0
2022-07-14,South,Home & Garden,32,19.02,608.59,0
2022-07-14,West,Apparel,37,24.16,893.88,0
2022-07-14,West,Electronics,49,21.76,1066.36,0
2022-07-14,West,Home & Garden,31,19.03,589.79,0
2022-07-15,North,Apparel,45,21.84,982.64,0
2022-07-15,North,Electronics,62,18.9,1171.96,0
2022-07-15,North,Home & Garden,34,23.05,783.59,0
2022-07-15,South,Apparel,43,18.53,796.78,0
2022-07-15,South,Electronics,43,21.6,928.86,0
2022-07-15,South,Home & Garden,32,19.06,609.95,0
2022-07-15,West,Apparel,56,24.17,1353.56,1
2022-07-15,West,Electronics,51,21.72,1107.75,0
2022-07-15,West,Home & Garden,32,18.62,595.72,0
2022-07-16,North,Apparel,64,21.91,1402.54,1
2022-07-16,North,Electronics,68,19.1,1298.68,0
2022-07-16,North,Home & Garden,34,23.09,785.04,0
2022-07-16,South,Apparel,47,18.7,878.89,0
2022-07-16,South,Electronics,46,21.51,989.65,0
2022-07-16,South,Home & Garden,37,18.97,701.72,0
2022-07-16,West,Apparel,42,24.37,1023.57,0
2022-07-16,West,Electronics,51,21.7,1106.6,0
2022-07-16,West,Home & Garden,43,19.04,818.9,0
2022-07-17,North,Apparel,51,22.12,1128.03,0
2022-07-17,North,Electronics,66,19.11,1261.37,0
2022-07-17,North,Home & Garden,35,23.42,819.61,0
2022-07-17,South,Apparel,47,18.42,865.7,0
2022-07-17,South,Electronics,50,21.54,1077.04,0
2022-07-17,South,Home & Garden,35,19.33,676.57,0
2022-07-17,West,Apparel,43,24.39,1048.56,0
2022-07-17,West,Electronics,54,21.79,1176.48,0
2022-07-17,West,Home & Garden,42,18.95,795.74,0
2022-07-18,North,Apparel,49,21.9,1072.94,0
2022-07-18,North,Electronics,62,19.01,1178.69,0
2022-07-18,North,Home & Garden,31,23.25,720.62,0
2022-07-18,South,Apparel,47,18.65,876.57,0
2022-07-18,South,Electronics,43,21.45,922.27,0
2022-07-18,South,Home & Garden,30,19.25,577.4,0
2022-07-18,West,Apparel,37,24.34,900.59,0
2022-07-18,West,Electronics,44,21.83,960.5,0
2022-07-18,West,Home & Garden,34,18.79,638.77,0
2022-07-19,North,Apparel,47,22.14,1040.74,0
2022-07-19,North,Electronics,63,19.09,1202.41,0
2022-07-19,North,Home & Garden,41,23.4,959.32,1
2022-07-19,South,Apparel,58,18.61,1079.17,1
2022-07-19,South,Electronics,47,21.21,996.73,0
2022-07-19,South,Home & Garden,31,19.15,593.59,0
2022-07-19,West,Apparel,47,24.07,1131.5,1
2022-07-19,West,Electronics,45,21.69,976.11,0
2022-07-19,West,Home & Garden,36,18.93,681.42,0
2022-07-20,North,Apparel,46,22.11,1017.16,0
2022-07-20,North,Electronics,58,19.14,1110.25,0
2022-07-20,North,Home & Garden,32,23.45,750.48,0
2022-07-20,South,Apparel,43,18.51,795.9,0
2022-07-20,South,Electronics,44,21.42,942.52,0
2022-07-20,South,Home & Garden,33,19.01,627.32,0
2022-07-20,West,Apparel,38,24.05,913.77,0
2022-07-20,West,Electronics,49,21.74,1065.39,0
2022-07-20,West,Home & Garden,35,18.89,661.15,0
2022-07-21,North,Apparel,46,21.74,1000.06,0
2022-07-21,North,Electronics,59,19.13,1128.87,0
2022-07-21,North,Home & Garden,30,23.36,700.72,0
2022-07-21,South,Apparel,47,18.58,873.18,0
2022-07-21,South,Electronics,41,21.46,879.86,0
2022-07-21,South,Home & Garden,33,18.95,625.31,0
2022-07-21,West,Apparel,36,24.0,863.91,0
2022-07-21,West,Electronics,47,22.08,1037.61,0
2022-07-21,West,Home & Garden,37,18.8,695.46,0
2022-07-22,North,Apparel,48,21.97,1054.65,0
2022-07-22,North,Electronics,59,19.06,1124.42,0
2022-07-22,North,Home & Garden,31,23.61,732.01,0
2022-07-22,South,Apparel,42,18.57,779.92,0
2022-07-22,South,Electronics,43,21.58,928.09,0
2022-07-22,South,Home & Garden,30,19.22,576.5,0
2022-07-22,West,Apparel,37,23.91,884.81,0
2022-07-22,West,Electronics,50,21.67,1083.6,0
2022-07-22,West,Home & Garden,33,18.56,612.41,0
2022-07-23,North,Apparel,54,22.04,1190.15,0
2022-07-23,North,Electronics,65,19.12,1243.11,0
2022-07-23,North,Home & Garden,37,23.15,856.42,0
2022-07-23,South,Apparel,50,18.38,919.0,0
2022-07-23,South,Electronics,46,21.21,975.54,0
2022-07-23,South,Home & Garden,37,18.94,700.78,0
2022-07-23,West,Apparel,42,24.26,1018.92,0
2022-07-23,West,Electronics,49,22.09,1082.5,0
2022-07-23,West,Home & Garden,37,18.98,702.28,0
2022-07-24,North,Apparel,51,21.89,1116.33,0
2022-07-24,North,Electronics,69,19.03,1313.11,0
2022-07-24,North,Home & Garden,35,23.22,812.78,0
2022-07-24,South,Apparel,47,18.62,875.11,0
2022-07-24,South,Electronics,44,21.16,930.9,0
2022-07-24,South,Home & Garden,35,19.03,666.06,0
2022-07-24,West,Apparel,38,24.4,927.25,0
2022-07-24,West,Electronics,48,21.73,1042.81,0
2022-07-24,West,Home & Garden,42,18.66,783.81,0
2022-07-25,North,Apparel,44,22.05,970.18,0
2022-07-25,North,Electronics,90,19.06,1715.58,1
2022-07-25,North,Home & Garden,31,23.75,736.4,0
2022-07-25,South,Apparel,40,18.56,742.25,0
2022-07-25,South,Electronics,44,21.24,934.54,0
2022-07-25,South,Home & Garden,30,19.43,582.98,0
2022-07-25,West,Apparel,34,24.08,818.67,0
2022-07-25,West,Electronics,46,21.98,1010.88,0
2022-07-25,West,Home & Garden,32,18.57,594.18,0
2022-07-26,North,Apparel,64,21.94,1403.97,1
2022-07-26,North,Electronics,63,19.06,1200.65,0
2022-07-26,North,Home & Garden,34,23.57,801.39,0
2022-07-26,South,Apparel,47,18.48,868.62,0
2022-07-26,South,Electronics,43,21.35,918.16,0
2022-07-26,South,Home & Garden,29,19.45,564.12,0
2022-07-26,West,Apparel,38,24.15,917.52,0
2022-07-26,West,Electronics,43,22.1,950.11,0
2022-07-26,West,Home & Garden,34,19.05,647.66,0
2022-07-27,North,Apparel,43,22.17,953.11,0
2022-07-27,North,Electronics,63,18.93,1192.8,0
2022-07-27,North,Home & Garden,35,23.15,810.2,0
2022-07-27,South,Apparel,47,18.46,867.4,0
2022-07-27,South,Electronics,44,21.38,940.89,0
2022-07-27,South,Home & Garden,30,19.11,573.2,0
2022-07-27,West,Apparel,35,24.36,852.63,0
2022-07-27,West,Electronics,44,21.97,966.83,0
2022-07-27,West,Home & Garden,34,18.89,642.39,0
2022-07-28,North,Apparel,44,21.74,956.51,0
2022-07-28,North,Electronics,78,18.99,1481.38,1
2022-07-28,North,Home & Garden,28,23.69,663.42,0
2022-07-28,South,Apparel,45,18.45,830.29,0
2022-07-28,South,Electronics,43,21.47,923.2,0
2022-07-28,South,Home & Garden,33,18.95,625.35,0
2022-07-28,West,Apparel,35,24.36,852.51,0
2022-07-28,West,Electronics,48,22.08,1059.87,0
2022-07-28,West,Home & Garden,36,18.61,670.11,0
2022-07-29,North,Apparel,44,21.91,963.85,0
2022-07-29,North,Electronics,60,19.04,1142.33,0
2022-07-29,North,Home & Garden,32,23.17,741.53,0
2022-07-29,South,Apparel,45,18.38,827.08,0
2022-07-29,South,Electronics,41,21.56,883.81,0
2022-07-29,South,Home & Garden,30,19.35,580.44,0
2022-07-29,West,Apparel,36,24.49,881.75,0
2022-07-29,West,Electronics,48,21.96,1053.84,0
2022-07-29,West,Home & Garden,34,19.01,646.24,0
2022-07-30,North,Apparel,50,22.15,1107.3,0
2022-07-30,North,Electronics,63,18.88,1189.48,0
2022-07-30,North,Home & Garden,40,23.2,928.08,0
2022-07-30,South,Apparel,50,18.72,935.85,0
2022-07-30,South,Electronics,47,21.41,1006.26,0
2022-07-30,South,Home & Garden,35,19.16,670.72,0
2022-07-30,West,Apparel,40,24.44,977.55,0
2022-07-30,West,Electronics,50,21.79,1089.31,0
2022-07-30,West,Home & Garden,38,19.09,725.36,0
2022-07-31,North,Apparel,59,21.75,1283.4,1
2022-07-31,North,Electronics,63,18.97,1195.11,0
2022-07-31,North,Home & Garden,36,23.37,841.14,0
2022-07-31,South,Apparel,47,18.6,874.15,0
2022-07-31,South,Electronics,44,21.41,942.12,0
2022-07-31,South,Home & Garden,32,19.19,614.08,0
2022-07-31,West,Apparel,42,23.99,1007.51,0
2022-07-31,West,Electronics,45,22.09,993.9,0
2022-07-31,West,Home & Garden,38,18.82,715.28,0
2022-08-01,North,Apparel,42,21.94,921.32,0
2022-08-01,North,Electronics,61,18.91,1153.57,0
2022-08-01,North,Home & Garden,38,23.6,896.74,1
2022-08-01,South,Apparel,43,18.45,793.36,0
2022-08-01,South,Electronics,36,21.37,769.23,0
2022-08-01,South,Home & Garden,29,19.4,562.63,0
2022-08-01,West,Apparel,36,24.07,866.54,0
2022-08-01,West,Electronics,45,22.08,993.55,0
2022-08-01,West,Home & Garden,32,18.82,602.36,0
2022-08-02,North,Apparel,43,22.11,950.85,0
2022-08-02,North,Electronics,60,18.97,1137.92,0
2022-08-02,North,Home & Garden,33,23.55,777.02,0
2022-08-02,South,Apparel,41,18.53,759.54,0
2022-08-02,South,Electronics,43,21.23,912.96,0
2022-08-02,South,Home & Garden,41,19.39,795.14,1
2022-08-02,West,Apparel,36,24.29,874.26,0
2022-08-02,West,Electronics,44,21.66,952.84,0
2022-08-02,West,Home & Garden,33,19.09,629.91,0
2022-08-03,North,Apparel,46,22.16,1019.3,0
2022-08-03,North,Electronics,56,19.07,1068.08,0
2022-08-03,North,Home & Garden,32,23.03,737.01,0
2022-08-03,South,Apparel,36,18.72,674.01,0
2022-08-03,South,Electronics,41,21.48,880.67,0
2022-08-03,South,Home & Garden,28,19.35,541.79,0
2022-08-03,West,Apparel,35,23.88,835.93,0
2022-08-03,West,Electronics,48,22.07,1059.16,0
2022-08-03,West,Home & Garden,36,18.75,675.02,0
2022-08-04,North,Apparel,43,21.86,940.02,0
2022-08-04,North,Electronics,63,18.87,1188.75,0
2022-08-04,North,Home & Garden,32,23.51,752.45,0
2022-08-04,South,Apparel,44,18.64,820.25,0
2022-08-04,South,Electronics,43,21.42,921.18,0
2022-08-04,South,Home & Garden,30,19.01,570.21,0
2022-08-04,West,Apparel,36,24.15,869.38,0
2022-08-04,West,Electronics,45,21.74,978.16,0
2022-08-04,West,Home & Garden,33,18.87,622.72,0
2022-08-05,North,Apparel,44,22.15,974.5,0
2022-08-05,North,Electronics,58,19.05,1104.72,0
2022-08-05,North,Home & Garden,31,23.18,718.5,0
2022-08-05,South,Apparel,43,18.5,795.49,0
2022-08-05,South,Electronics,46,21.57,992.29,0
2022-08-05,South,Home & Garden,29,19.07,553.04,0
2022-08-05,West,Apparel,37,24.42,903.43,0
2022-08-05,West,Electronics,44,21.68,953.75,0
2022-08-05,West,Home & Garden,36,18.9,680.4,0
2022-08-06,North,Apparel,54,21.91,1183.16,0
2022-08-06,North,Electronics,64,19.09,1221.62,0
2022-08-06,North,Home & Garden,35,23.46,821.17,0
2022-08-06,South,Apparel,45,18.63,838.41,0
2022-08-06,South,Electronics,49,21.47,1051.91,0
2022-08-06,South,Home & Garden,34,19.4,659.45,0
2022-08-06,West,Apparel,39,24.46,954.06,0
2022-08-06,West,Electronics,49,21.68,1062.08,0
2022-08-06,West,Home & Garden,40,18.63,745.19,0
2022-08-07,North,Apparel,50,22.01,1100.44,0
2022-08-07,North,Electronics,68,19.15,1302.0,0
2022-08-07,North,Home & Garden,35,23.63,827.14,0
2022-08-07,South,Apparel,47,18.6,874.43,0
2022-08-07,South,Electronics,45,21.14,951.52,0
2022-08-07,South,Home & Garden,34,19.4,659.46,0
2022-08-07,West,Apparel,42,24.07,1010.88,0
2022-08-07,West,Electronics,47,21.92,1030.03,0
2022-08-07,West,Home & Garden,39,18.84,734.69,0
2022-08-08,North,Apparel,45,22.07,993.18,0
2022-08-08,North,Electronics,58,19.05,1105.06,0
2022-08-08,North,Home & Garden,32,23.46,750.63,0
2022-08-08,South,Apparel,44,18.38,808.64,0
2022-08-08,South,Electronics,40,21.5,860.02,0
2022-08-08,South,Home & Garden,28,18.94,530.29,0
2022-08-08,West,Apparel,35,24.28,849.66,0
2022-08-08,West,Electronics,49,21.71,1063.67,0
2022-08-08,West,Home & Garden,33,18.81,620.72,0
2022-08-09,North,Apparel,43,21.83,938.66,0
2022-08-09,North,Electronics,54,19.08,1030.3,0
2022-08-09,North,Home & Garden,30,23.44,703.32,0
2022-08-09,South,Apparel,41,18.77,769.5,0
2022-08-09,South,Electronics,43,21.44,921.75,0
2022-08-09,South,Home & Garden,29,18.91,548.3,0
2022-08-09,West,Apparel,36,24.4,878.51,0
2022-08-09,West,Electronics,44,21.86,961.86,0
2022-08-09,West,Home & Garden,32,18.84,602.73,0
2022-08-10,North,Apparel,48,22.08,1060.02,0
2022-08-10,North,Electronics,59,19.14,1128.99,0
2022-08-10,North,Home & Garden,30,23.35,700.43,0
2022-08-10,South,Apparel,37,18.75,693.9,0
2022-08-10,South,Electronics,41,21.39,876.97,0
2022-08-10,South,Home & Garden,29,19.43,563.44,0
2022-08-10,West,Apparel,35,24.33,851.65,0
2022-08-10,West,Electronics,42,22.14,929.95,0
2022-08-10,West,Home & Garden,36,18.94,681.89,0
2022-08-11,North,Apparel,43,22.06,948.75,0
2022-08-11,North,Electronics,63,18.87,1189.05,0
2022-08-11,North,Home & Garden,28,23.11,647.06,0
2022-08-11,South,Apparel,38,18.71,710.92,0
2022-08-11,South,Electronics,43,21.15,909.42,0
2022-08-11,South,Home & Garden,31,19.38,600.64,0
2022-08-11,West,Apparel,35,24.07,842.49,0
2022-08-11,West,Electronics,41,21.8,894.0,0
2022-08-11,West,Home & Garden,34,19.09,649.1,0
2022-08-12,North,Apparel,44,21.78,958.16,0
2022-08-12,North,Electronics,64,19.14,1225.25,0
2022-08-12,North,Home & Garden,30,23.3,698.98,0
2022-08-12,South,Apparel,45,18.47,831.29,0
2022-08-12,South,Electronics,40,21.5,860.18,0
2022-08-12,South,Home & Garden,30,18.89,566.62,0
2022-08-12,West,Apparel,35,24.43,855.1,0
2022-08-12,West,Electronics,45,21.94,987.42,0
2022-08-12,West,Home & Garden,33,18.63,614.71,0
2022-08-13,North,Apparel,52,21.86,1136.79,0
2022-08-13,North,Electronics,60,18.99,1139.37,0
2022-08-13,North,Home & Garden,36,23.16,833.86,0
2022-08-13,South,Apparel,47,18.66,877.16,0
2022-08-13,South,Electronics,45,21.32,959.3,0
2022-08-13,South,Home & Garden,32,19.46,622.88,0
2022-08-13,West,Apparel,42,23.97,1006.9,0
2022-08-13,West,Electronics,47,21.73,1021.41,0
2022-08-13,West,Home & Garden,41,18.71,767.3,0
2022-08-14,North,Apparel,49,21.91,1073.63,0
2022-08-14,North,Electronics,64,18.98,1214.59,0
2022-08-14,North,Home & Garden,35,23.28,814.66,0
2022-08-14,South,Apparel,49,18.66,914.35,0
2022-08-14,South,Electronics,43,21.15,909.56,0
2022-08-14,South,Home & Garden,34,19.36,658.4,0
2022-08-14,West,Apparel,40,24.13,965.01,0
2022-08-14,West,Electronics,45,21.78,980.25,0
2022-08-14,West,Home & Garden,39,18.67,728.06,0
2022-08-15,North,Apparel,44,21.81,959.55,0
2022-08-15,North,Electronics,58,19.12,1108.8,0
2022-08-15,North,Home & Garden,29,23.15,671.48,0
2022-08-15,South,Apparel,44,18.7,822.99,0
2022-08-15,South,Electronics,44,21.31,937.43,0
2022-08-15,South,Home & Garden,32,19.14,612.57,0
2022-08-15,West,Apparel,35,24.34,851.87,0
2022-08-15,West,Electronics,47,22.04,1035.89,0
2022-08-15,West,Home & Garden,30,18.82,564.51,0
2022-08-16,North,Apparel,43,21.93,943.07,0
2022-08-16,North,Electronics,59,19.02,1122.43,0
2022-08-16,North,Home & Garden,39,23.27,907.36,1
2022-08-16,South,Apparel,39,18.68,728.52,0
2022-08-16,South,Electronics,55,21.4,1176.73,1
2022-08-16,South,Home & Garden,30,19.44,583.24,0
2022-08-16,West,Apparel,34,23.97,815.12,0
2022-08-16,West,Electronics,46,21.96,1010.2,0
2022-08-16,West,Home & Garden,32,18.67,597.46,0
2022-08-17,North,Apparel,43,21.86,940.0,0
2022-08-17,North,Electronics,65,19.13,1243.63,0
2022-08-17,North,Home & Garden,39,23.66,922.88,1
2022-08-17,South,Apparel,41,18.5,758.34,0
2022-08-17,South,Electronics,43,21.16,909.9,0
2022-08-17,South,Home & Garden,30,18.95,568.64,0
2022-08-17,West,Apparel,37,24.05,889.79,0
2022-08-17,West,Electronics,45,21.7,976.67,0
2022-08-17,West,Home & Garden,34,18.71,635.98,0
2022-08-18,North,Apparel,44,21.87,962.43,0
2022-08-18,North,Electronics,55,19.17,1054.4,0
2022-08-18,North,Home & Garden,31,23.62,732.28,0
2022-08-18,South,Apparel,36,18.42,662.94,0
2022-08-18,South,Electronics,38,21.61,821.2,0
2022-08-18,South,Home & Garden,30,19.11,573.18,0
2022-08-18,West,Apparel,35,24.27,849.62,0
2022-08-18,West,Electronics,47,22.07,1037.08,0
2022-08-18,West,Home & Garden,35,18.9,661.42,0
2022-08-19,North,Apparel,57,22.01,1254.72,1
2022-08-19,North,Electronics,59,19.17,1130.82,0
2022-08-19,North,Home & Garden,29,23.48,681.0,0
2022-08-19,South,Apparel,38,18.81,714.65,0
2022-08-19,South,Electronics,43,21.19,911.2,0
2022-08-19,South,Home & Garden,31,19.24,596.47,0
2022-08-19,West,Apparel,34,24.24,824.14,0
2022-08-19,West,Electronics,46,21.81,1003.21,0
2022-08-19,West,Home & Garden,48,18.84,904.54,1
2022-08-20,North,Apparel,47,22.02,1035.0,0
2022-08-20,North,Electronics,63,19.01,1197.78,0
2022-08-20,North,Home & Garden,31,23.71,734.98,0
2022-08-20,South,Apparel,47,18.71,879.25,0
2022-08-20,South,Electronics,42,21.2,890.48,0
2022-08-20,South,Home & Garden,35,19.2,671.99,0
2022-08-20,West,Apparel,39,23.93,933.12,0
2022-08-20,West,Electronics,45,22.09,994.05,0
2022-08-20,West,Home & Garden,37,18.8,695.72,0
2022-08-21,North,Apparel,47,21.84,1026.58,0
2022-08-21,North,Electronics,64,19.11,1222.9,0
2022-08-21,North,Home & Garden,33,23.11,762.68,0
2022-08-21,South,Apparel,46,18.39,845.8,0
2022-08-21,South,Electronics,44,21.45,943.61,0
2022-08-21,South,Home & Garden,34,19.19,652.43,0
2022-08-21,West,Apparel,40,24.35,974.1,0
2022-08-21,West,Electronics,45,21.82,981.96,0
2022-08-21,West,Home & Garden,38,18.8,714.45,0
2022-08-22,North,Apparel,41,22.18,909.33,0
2022-08-22,North,Electronics,59,18.91,1115.72,0
2022-08-22,North,Home & Garden,30,23.42,702.46,0
2022-08-22,South,Apparel,40,18.72,748.79,0
2022-08-22,South,Electronics,43,21.3,915.77,0
2022-08-22,South,Home & Garden,30,19.27,578.22,0
2022-08-22,West,Apparel,33,23.87,787.66,0
2022-08-22,West,Electronics,46,21.81,1003.17,0
2022-08-22,West,Home & Garden,31,18.69,579.51,0
2022-08-23,North,Apparel,40,21.85,874.07,0
2022-08-23,North,Electronics,59,19.02,1122.42,0
2022-08-23,North,Home & Garden,31,23.62,732.25,0
2022-08-23,South,Apparel,41,18.66,765.11,0
2022-08-23,South,Electronics,40,21.46,858.57,0
2022-08-23,South,Home & Garden,26,19.28,501.18,0
2022-08-23,West,Apparel,30,24.58,737.48,0
2022-08-23,West,Electronics,45,21.82,981.8,0
2022-08-23,West,Home & Garden,30,18.93,567.87,0
2022-08-24,North,Apparel,54,22.04,1190.15,1
2022-08-24,North,Electronics,57,19.09,1088.15,0
2022-08-24,North,Home & Garden,29,23.36,677.48,0
2022-08-24,South,Apparel,54,18.57,1002.73,1
2022-08-24,South,Electronics,38,21.55,819.08,0
2022-08-24,South,Home & Garden,25,19.39,484.65,0
2022-08-24,West,Apparel,33,24.5,808.56,0
2022-08-24,West,Electronics,44,22.03,969.18,0
2022-08-24,West,Home & Garden,29,18.55,537.92,0
2022-08-25,North,Apparel,43,21.74,934.76,0
2022-08-25,North,Electronics,59,18.9,1115.08,0
2022-08-25,North,Home & Garden,31,23.26,721.06,0
2022-08-25,South,Apparel,40,18.39,735.48,0
2022-08-25,South,Electronics,41,21.6,885.55,0
2022-08-25,South,Home & Garden,28,19.32,540.91,0
2022-08-25,West,Apparel,35,24.29,850.1,0
2022-08-25,West,Electronics,42,21.93,921.01,0
2022-08-25,West,Home & Garden,32,19.02,608.55,0
2022-08-26,North,Apparel,44,21.74,956.75,0
2022-08-26,North,Electronics,81,19.0,1538.92,1
2022-08-26,North,Home & Garden,31,23.06,714.83,0
2022-08-26,South,Apparel,39,18.64,727.01,0
2022-08-26,South,Electronics,39,21.11,823.13,0
2022-08-26,South,Home & Garden,28,19.14,535.98,0
2022-08-26,West,Apparel,36,23.97,862.96,0
2022-08-26,West,Electronics,45,21.87,983.99,0
2022-08-26,West,Home & Garden,34,18.74,637.12,0
2022-08-27,North,Apparel,49,21.84,1070.35,0
2022-08-27,North,Electronics,62,19.12,1185.24,0
2022-08-27,North,Home & Garden,31,23.49,728.24,0
2022-08-27,South,Apparel,44,18.49,813.75,0
2022-08-27,South,Electronics,42,21.44,900.54,0
2022-08-27,South,Home & Garden,31,19.44,602.69,0
2022-08-27,West,Apparel,38,23.99,911.8,0
2022-08-27,West,Electronics,45,21.78,980.15,0
2022-08-27,West,Home & Garden,38,18.63,707.96,0
2022-08-28,North,Apparel,43,21.78,936.49,0
2022-08-28,North,Electronics,60,18.96,1137.75,0
2022-08-28,North,Home & Garden,35,23.17,810.81,0
2022-08-28,South,Apparel,58,18.53,1074.88,1
2022-08-28,South,Electronics,58,21.38,1239.8,1
2022-08-28,South,Home & Garden,34,19.08,648.76,0
2022-08-28,West,Apparel,38,24.07,914.59,0
2022-08-28,West,Electronics,46,21.89,1007.05,0
2022-08-28,West,Home & Garden,36,18.94,681.78,0
2022-08-29,North,Apparel,41,21.91,898.21,0
2022-08-29,North,Electronics,58,19.11,1108.44,0
2022-08-29,North,Home & Garden,29,23.62,684.96,0
2022-08-29,South,Apparel,41,18.65,764.84,0
2022-08-29,South,Electronics,43,21.29,915.43,0
2022-08-29,South,Home & Garden,24,19.28,462.78,0
2022-08-29,West,Apparel,33,24.56,810.36,0
2022-08-29,West,Electronics,46,22.05,1014.22,0
2022-08-29,West,Home & Garden,33,19.07,629.47,0
2022-08-30,North,Apparel,39,22.05,860.14,0
2022-08-30,North,Electronics,57,19.07,1087.23,0
2022-08-30,North,Home & Garden,27,23.33,629.98,0
2022-08-30,South,Apparel,40,18.48,739.35,0
2022-08-30,South,Electronics,40,21.33,853.1,0
2022-08-30,South,Home & Garden,26,19.51,507.37,0
2022-08-30,West,Apparel,32,24.24,775.71,0
2022-08-30,West,Electronics,42,21.83,916.82,0
2022-08-30,West,Home & Garden,37,18.59,687.81,0
2022-08-31,North,Apparel,41,22.1,906.16,0
2022-08-31,North,Electronics,60,18.94,1136.26,0
2022-08-31,North,Home & Garden,31,23.59,731.41,0
2022-08-31,South,Apparel,36,18.7,673.11,0
2022-08-31,South,Electronics,40,21.27,850.62,0
2022-08-31,South,Home & Garden,26,19.51,507.2,0
2022-08-31,West,Apparel,33,24.35,803.63,0
2022-08-31,West,Electronics,40,21.83,873.21,0
2022-08-31,West,Home & Garden,29,19.08,553.31,0
2022-09-01,North,Apparel,40,22.0,879.87,0
2022-09-01,North,Electronics,57,18.95,1080.31,0
2022-09-01,North,Home & Garden,28,23.68,662.93,0
2022-09-01,South,Apparel,38,18.53,704.23,0
2022-09-01,South,Electronics,41,21.47,880.46,0
2022-09-01,South,Home & Garden,24,19.37,464.99,0
2022-09-01,West,Apparel,32,24.26,776.22,0
2022-09-01,West,Electronics,41,21.81,894.04,0
2022-09-01,West,Home & Garden,26,19.06,495.46,0
2022-09-02,North,Apparel,42,21.82,916.39,0
2022-09-02,North,Electronics,68,19.1,1298.96,1
2022-09-02,North,Home & Garden,26,22.96,596.84,0
2022-09-02,South,Apparel,35,18.37,642.97,0
2022-09-02,South,Electronics,40,21.18,847.19,0
2022-09-02,South,Home & Garden,30,19.09,572.64,0
2022-09-02,West,Apparel,34,24.02,816.73,0
2022-09-02,West,Electronics,45,21.86,983.55,0
2022-09-02,West,Home & Garden,31,19.04,590.12,0
2022-09-03,North,Apparel,46,21.91,1008.07,0
2022-09-03,North,Electronics,63,18.94,1193.41,0
2022-09-03,North,Home & Garden,31,23.47,727.66,0
2022-09-03,South,Apparel,43,18.52,796.49,0
2022-09-03,South,Electronics,44,21.16,931.17,0
2022-09-03,South,Home & Garden,29,19.34,560.81,0
2022-09-03,West,Apparel,50,24.03,1201.64,1
2022-09-03,West,Electronics,46,21.91,1007.65,0
2022-09-03,West,Home & Garden,37,19.02,703.87,0
2022-09-04,North,Apparel,42,22.12,929.09,0
2022-09-04,North,Electronics,57,19.17,1092.84,0
2022-09-04,North,Home & Garden,31,23.11,716.55,0
2022-09-04,South,Apparel,45,18.53,833.98,0
2022-09-04,South,Electronics,44,21.56,948.74,0
2022-09-04,South,Home & Garden,31,18.9,585.84,0
2022-09-04,West,Apparel,38,24.26,921.92,0
2022-09-04,West,Electronics,45,21.95,987.76,0
2022-09-04,West,Home & Garden,32,19.05,609.66,0
2022-09-05,North,Apparel,38,22.17,842.33,0
2022-09-05,North,Electronics,55,18.93,1041.13,0
2022-09-05,North,Home & Garden,27,23.46,633.52,0
2022-09-05,South,Apparel,38,18.42,699.89,0
2022-09-05,South,Electronics,39,21.1,823.07,0
2022-09-05,South,Home & Garden,29,18.84,546.25,0
2022-09-05,West,Apparel,31,24.45,757.88,0
2022-09-05,West,Electronics,41,22.15,908.0,0
2022-09-05,West,Home & Garden,32,18.77,600.78,0
2022-09-06,North,Apparel,40,21.93,877.3,0
2022-09-06,North,Electronics,55,18.92,1040.69,0
2022-09-06,North,Home & Garden,27,23.68,639.28,0
2022-09-06,South,Apparel,37,18.68,691.03,0
2022-09-06,South,Electronics,32,21.5,688.05,0
2022-09-06,South,Home & Garden,28,19.11,535.11,0
2022-09-06,West,Apparel,35,23.99,839.7,0
2022-09-06,West,Electronics,43,22.1,950.1,0
2022-09-06,West,Home & Garden,30,18.59,557.64,0
2022-09-07,North,Apparel,40,21.92,876.71,0
2022-09-07,North,Electronics,59,19.09,1126.27,0
2022-09-07,North,Home & Garden,28,22.98,643.32,0
2022-09-07,South,Apparel,35,18.51,647.96,0
2022-09-07,South,Electronics,37,21.52,796.22,0
2022-09-07,South,Home & Garden,25,18.87,471.73,0
2022-09-07,West,Apparel,32,24.33,778.58,0
2022-09-07,West,Electronics,41,21.64,887.37,0
2022-09-07,West,Home & Garden,31,18.68,579.03,0
2022-09-08,North,Apparel,37,21.97,812.91,0
2022-09-08,North,Electronics,51,18.93,965.23,0
2022-09-08,North,Home & Garden,27,23.68,639.46,0
2022-09-08,South,Apparel,34,18.73,636.73,0
2022-09-08,South,Electronics,41,21.59,885.0,0
2022-09-08,South,Home & Garden,28,19.01,532.42,0
2022-09-08,West,Apparel,32,23.93,765.66,0
2022-09-08,West,Electronics,43,21.78,936.66,0
2022-09-08,West,Home & Garden,28,19.03,532.87,0
2022-09-09,North,Apparel,37,21.72,803.69,0
2022-09-09,North,Electronics,63,19.04,1199.44,0
2022-09-09,North,Home & Garden,28,22.99,643.83,0
2022-09-09,South,Apparel,39,18.34,715.07,0
2022-09-09,South,Electronics,39,21.2,826.67,0
2022-09-09,South,Home & Garden,27,19.14,516.68,0
2022-09-09,West,Apparel,30,24.06,721.86,0
2022-09-09,West,Electronics,41,21.64,887.3,0
2022-09-09,West,Home & Garden,28,18.87,528.5,0
2022-09-10,North,Apparel,60,21.85,1311.06,1
2022-09-10,North,Electronics,61,19.06,1162.65,0
2022-09-10,North,Home & Garden,32,23.6,755.24,0
2022-09-10,South,Apparel,46,18.73,861.68,0
2022-09-10,South,Electronics,41,21.23,870.49,0
2022-09-10,South,Home & Garden,35,19.32,676.19,0
2022-09-10,West,Apparel,36,24.03,864.93,0
2022-09-10,West,Electronics,43,21.79,937.11,0
2022-09-10,West,Home & Garden,32,19.12,611.93,0
2022-09-11,North,Apparel,42,21.93,920.98,0
2022-09-11,North,Electronics,59,19.02,1122.06,0
2022-09-11,North,Home & Garden,30,23.53,705.99,0
2022-09-11,South,Apparel,44,18.47,812.79,0
2022-09-11,South,Electronics,44,21.27,935.82,0
2022-09-11,South,Home & Garden,32,18.96,606.66,0
2022-09-11,West,Apparel,36,24.16,869.9,0
2022-09-11,West,Electronics,43,22.0,946.11,0
2022-09-11,West,Home & Garden,36,18.66,671.72,0
2022-09-12,North,Apparel,36,21.84,786.35,0
2022-09-12,North,Electronics,55,19.03,1046.42,0
2022-09-12,North,Home & Garden,29,23.48,680.88,0
2022-09-12,South,Apparel,36,18.35,660.75,0
2022-09-12,South,Electronics,38,21.48,816.31,0
2022-09-12,South,Home & Garden,26,19.06,495.57,0
2022-09-12,West,Apparel,29,24.49,710.32,0
2022-09-12,West,Electronics,41,21.83,895.18,0
2022-09-12,West,Home & Garden,28,19.08,534.27,0
2022-09-13,North,Apparel,38,21.88,831.26,0
2022-09-13,North,Electronics,56,18.9,1058.6,0
2022-09-13,North,Home & Garden,25,23.76,594.08,0
2022-09-13,South,Apparel,38,18.78,713.48,0
2022-09-13,South,Electronics,34,21.3,724.25,0
2022-09-13,South,Home & Garden,24,19.52,468.52,0
2022-09-13,West,Apparel,30,24.22,726.62,0
2022-09-13,West,Electronics,41,22.13,907.15,0
2022-09-13,West,Home & Garden,38,19.03,723.28,1
2022-09-14,North,Apparel,38,21.72,825.48,0
2022-09-14,North,Electronics,56,19.04,1066.06,0
2022-09-14,North,Home & Garden,28,23.43,655.91,0
2022-09-14,South,Apparel,34,18.46,627.63,0
2022-09-14,South,Electronics,35,21.38,748.22,0
2022-09-14,South,Home & Garden,25,18.82,470.42,0
2022-09-14,West,Apparel,30,24.27,728.17,0
2022-09-14,West,Electronics,42,21.84,917.21,0
2022-09-14,West,Home & Garden,29,19.06,552.67,0
2022-09-15,North,Apparel,37,21.78,805.83,0
2022-09-15,North,Electronics,56,19.08,1068.5,0
2022-09-15,North,Home & Garden,29,23.77,689.31,0
2022-09-15,South,Apparel,38,18.43,700.27,0
2022-09-15,South,Electronics,39,21.34,832.33,0
2022-09-15,South,Home & Garden,24,19.4,465.54,0
2022-09-15,West,Apparel,30,24.45,733.51,0
2022-09-15,West,Electronics,34,21.7,737.9,0
2022-09-15,West,Home & Garden,27,18.82,508.08,0
2022-09-16,North,Apparel,37,21.86,808.76,0
2022-09-16,North,Electronics,56,18.95,1061.31,0
2022-09-16,North,Home & Garden,27,23.07,622.99,0
2022-09-16,South,Apparel,34,18.56,631.11,0
2022-09-16,South,Electronics,38,21.26,808.01,0
2022-09-16,South,Home & Garden,28,19.3,540.41,0
2022-09-16,West,Apparel,27,24.34,657.24,0
2022-09-16,West,Electronics,40,21.62,864.79,0
2022-09-16,West,Home & Garden,29,18.96,549.79,0
2022-09-17,North,Apparel,43,22.17,953.4,0
2022-09-17,North,Electronics,58,18.92,1097.18,0
2022-09-17,North,Home & Garden,31,23.33,723.38,0
2022-09-17,South,Apparel,40,18.75,749.89,0
2022-09-17,South,Electronics,44,21.23,934.01,0
2022-09-17,South,Home & Garden,30,19.37,581.01,0
2022-09-17,West,Apparel,35,23.97,838.8,0
2022-09-17,West,Electronics,43,21.88,940.77,0
2022-09-17,West,Home & Garden,34,18.92,643.17,0
2022-09-18,North,Apparel,42,21.9,919.98,0
2022-09-18,North,Electronics,57,18.97,1081.11,0
2022-09-18,North,Home & Garden,29,23.45,680.13,0
2022-09-18,South,Apparel,41,18.42,755.3,0
2022-09-18,South,Electronics,39,21.36,833.09,0
2022-09-18,South,Home & Garden,31,19.29,598.14,0
2022-09-18,West,Apparel,48,24.38,1170.19,1
2022-09-18,West,Electronics,47,21.77,1023.38,0
2022-09-18,West,Home & Garden,36,18.61,669.81,0
2022-09-19,North,Apparel,38,21.78,827.54,0
2022-09-19,North,Electronics,54,18.89,1020.03,0
2022-09-19,North,Home & Garden,26,23.21,603.5,0
2022-09-19,South,Apparel,35,18.33,641.38,0
2022-09-19,South,Electronics,37,21.34,789.68,0
2022-09-19,South,Home & Garden,28,19.26,539.32,0
2022-09-19,West,Apparel,30,23.88,716.31,0
2022-09-19,West,Electronics,39,21.65,844.3,0
2022-09-19,West,Home & Garden,31,19.12,592.66,0
2022-09-20,North,Apparel,54,21.89,1182.04,1
2022-09-20,North,Electronics,53,19.15,1014.9,0
2022-09-20,North,Home & Garden,29,23.23,673.68,0
2022-09-20,South,Apparel,37,18.35,678.84,0
2022-09-20,South,Electronics,36,21.15,761.33,0
2022-09-20,South,Home & Garden,21,19.13,401.74,0
2022-09-20,West,Apparel,31,24.36,755.02,0
2022-09-20,West,Electronics,41,21.89,897.48,0
2022-09-20,West,Home & Garden,27,18.61,502.41,0
2022-09-21,North,Apparel,38,21.67,823.29,0
2022-09-21,North,Electronics,56,19.13,1071.53,0
2022-09-21,North,Home & Garden,27,23.79,642.41,0
2022-09-21,South,Apparel,32,18.34,586.89,0
2022-09-21,South,Electronics,36,21.53,775.24,0
2022-09-21,South,Home & Garden,27,19.52,527.01,0
2022-09-21,West,Apparel,33,24.01,792.17,0
2022-09-21,West,Electronics,44,21.7,954.68,0
2022-09-21,West,Home & Garden,29,18.91,548.25,0
2022-09-22,North,Apparel,39,21.73,847.64,0
2022-09-22,North,Electronics,55,18.98,1044.06,0
2022-09-22,North,Home & Garden,27,23.27,628.26,0
2022-09-22,South,Apparel,33,18.54,611.71,0
2022-09-22,South,Electronics,33,21.55,711.05,0
2022-09-22,South,Home & Garden,25,19.29,482.16,0
2022-09-22,West,Apparel,30,24.46,733.67,0
2022-09-22,West,Electronics,38,21.73,825.57,0
2022-09-22,West,Home & Garden,24,19.0,455.97,0
2022-09-23,North,Apparel,38,22.16,842.02,0
2022-09-23,North,Electronics,46,19.17,881.88,0
2022-09-23,North,Home & Garden,23,23.62,543.19,0
2022-09-23,South,Apparel,35,18.32,641.09,0
2022-09-23,South,Electronics,36,21.57,776.36,0
2022-09-23,South,Home & Garden,26,18.98,493.41,0
2022-09-23,West,Apparel,27,24.21,653.63,0
2022-09-23,West,Electronics,57,21.97,1252.55,1
2022-09-23,West,Home & Garden,30,18.7,561.11,0
2022-09-24,North,Apparel,57,21.92,1249.56,1
2022-09-24,North,Electronics,58,18.98,1100.56,0
2022-09-24,North,Home & Garden,29,23.22,673.35,0
2022-09-24,South,Apparel,42,18.38,771.84,0
2022-09-24,South,Electronics,40,21.22,848.92,0
2022-09-24,South,Home & Garden,28,19.18,537.17,0
2022-09-24,West,Apparel,33,24.41,805.66,0
2022-09-24,West,Electronics,41,22.03,903.07,0
2022-09-24,West,Home & Garden,35,18.78,657.47,0
2022-09-25,North,Apparel,43,22.18,953.87,0
2022-09-25,North,Electronics,57,18.89,1076.66,0
2022-09-25,North,Home & Garden,32,23.65,756.7,0
2022-09-25,South,Apparel,37,18.33,678.16,0
2022-09-25,South,Electronics,39,21.61,842.66,0
2022-09-25,South,Home & Garden,28,19.2,537.7,0
2022-09-25,West,Apparel,35,23.99,839.79,0
2022-09-25,West,Electronics,42,21.76,913.73,0
2022-09-25,West,Home & Garden,28,18.69,523.31,0
2022-09-26,North,Apparel,37,21.78,805.84,0
2022-09-26,North,Electronics,53,18.94,1003.92,0
2022-09-26,North,Home & Garden,26,23.76,617.63,0
2022-09-26,South,Apparel,32,18.49,591.58,0
2022-09-26,South,Electronics,41,21.54,883.06,0
2022-09-26,South,Home & Garden,26,18.82,489.22,0
2022-09-26,West,Apparel,29,24.54,711.77,0
2022-09-26,West,Electronics,38,22.04,837.56,0
2022-09-26,West,Home & Garden,27,18.99,512.7,0
2022-09-27,North,Apparel,46,21.7,998.23,1
2022-09-27,North,Electronics,52,18.93,984.14,0
2022-09-27,North,Home & Garden,26,23.82,619.42,0
2022-09-27,South,Apparel,30,18.34,550.09,0
2022-09-27,South,Electronics,41,21.13,866.39,0
2022-09-27,South,Home & Garden,29,19.09,553.55,0
2022-09-27,West,Apparel,30,24.28,728.42,0
2022-09-27,West,Electronics,38,22.05,838.04,0
2022-09-27,West,Home & Garden,26,18.88,490.93,0
2022-09-28,North,Apparel,35,22.08,772.73,0
2022-09-28,North,Electronics,55,19.07,1049.08,0
2022-09-28,North,Home & Garden,26,23.23,604.07,0
2022-09-28,South,Apparel,32,18.4,588.91,0
2022-09-28,South,Electronics,35,21.36,747.64,0
2022-09-28,South,Home & Garden,26,19.35,503.2,0
2022-09-28,West,Apparel,28,24.34,681.53,0
2022-09-28,West,Electronics,45,22.02,990.74,0
2022-09-28,West,Home & Garden,27,18.82,508.13,0
2022-09-29,North,Apparel,34,22.03,749.12,0
2022-09-29,North,Electronics,55,18.87,1038.02,0
2022-09-29,North,Home & Garden,25,22.96,574.08,0
2022-09-29,South,Apparel,32,18.63,596.25,0
2022-09-29,South,Electronics,32,21.47,687.02,0
2022-09-29,South,Home & Garden,27,18.9,510.37,0
2022-09-29,West,Apparel,39,24.38,950.65,1
2022-09-29,West,Electronics,41,22.04,903.55,0
2022-09-29,West,Home & Garden,26,19.19,498.96,0
2022-09-30,North,Apparel,36,21.68,780.41,0
2022-09-30,North,Electronics,50,19.15,957.49,0
2022-09-30,North,Home & Garden,26,23.25,604.62,0
2022-09-30,South,Apparel,34,18.55,630.72,0
2022-09-30,South,Electronics,36,21.45,772.1,0
2022-09-30,South,Home & Garden,24,19.06,457.35,0
2022-09-30,West,Apparel,31,24.15,748.55,0
2022-09-30,West,Electronics,42,21.72,912.42,0
2022-09-30,West,Home & Garden,27,19.04,514.11,0
2022-10-01,North,Apparel,42,22.0,924.13,0
2022-10-01,North,Electronics,56,19.06,1067.5,0
2022-10-01,North,Home & Garden,27,23.22,626.88,0
2022-10-01,South,Apparel,34,18.7,635.85,0
2022-10-01,South,Electronics,40,21.28,851.08,0
2022-10-01,South,Home & Garden,28,18.97,531.07,0
2022-10-01,West,Apparel,33,24.16,797.34,0
2022-10-01,West,Electronics,43,21.91,942.29,0
2022-10-01,West,Home & Garden,34,18.76,637.98,0
2022-10-02,North,Apparel,39,22.13,863.24,0
2022-10-02,North,Electronics,53,18.91,1002.37,0
2022-10-02,North,Home & Garden,27,23.03,621.71,0
2022-10-02,South,Apparel,40,18.76,750.51,0
2022-10-02,South,Electronics,37,21.43,793.01,0
2022-10-02,South,Home & Garden,27,19.36,522.76,0
2022-10-02,West,Apparel,31,24.22,750.87,0
2022-10-02,West,Electronics,39,21.67,845.19,0
2022-10-02,West,Home & Garden,31,19.04,590.23,0
2022-10-03,North,Apparel,35,21.91,766.82,0
2022-10-03,North,Electronics,48,19.19,920.95,0
2022-10-03,North,Home & Garden,31,23.24,720.46,1
2022-10-03,South,Apparel,31,18.74,580.91,0
2022-10-03,South,Electronics,34,21.55,732.83,0
2022-10-03,South,Home & Garden,23,19.18,441.03,0
2022-10-03,West,Apparel,30,24.24,727.1,0
2022-10-03,West,Electronics,40,21.81,872.58,0
2022-10-03,West,Home & Garden,25,18.98,474.46,0
2022-10-04,North,Apparel,51,22.02,1122.9,1
2022-10-04,North,Electronics,50,19.04,951.78,0
2022-10-04,North,Home & Garden,33,23.38,771.44,1
2022-10-04,South,Apparel,31,18.86,584.57,0
2022-10-04,South,Electronics,39,21.49,838.15,0
2022-10-04,South,Home & Garden,20,19.22,384.3,0
2022-10-04,West,Apparel,25,24.19,604.83,0
2022-10-04,West,Electronics,41,21.96,900.44,0
2022-10-04,West,Home & Garden,27,18.52,499.91,0
2022-10-05,North,Apparel,35,21.97,768.84,0
2022-10-05,North,Electronics,53,19.17,1015.75,0
2022-10-05,North,Home & Garden,22,23.88,525.42,0
2022-10-05,South,Apparel,34,18.65,634.0,0
2022-10-05,South,Electronics,35,21.51,752.98,0
2022-10-05,South,Home & Garden,22,19.49,428.82,0
2022-10-05,West,Apparel,22,23.7,521.47,0
2022-10-05,West,Electronics,37,21.92,811.11,0
2022-10-05,West,Home & Garden,40,18.76,750.43,1
2022-10-06,North,Apparel,33,22.26,734.61,0
2022-10-06,North,Electronics,53,19.19,1016.82,0
2022-10-06,North,Home & Garden,25,23.29,582.32,0
2022-10-06,South,Apparel,35,18.45,645.9,0
2022-10-06,South,Electronics,37,21.41,792.01,0
2022-10-06,South,Home & Garden,23,18.81,432.64,0
2022-10-06,West,Apparel,28,24.6,688.67,0
2022-10-06,West,Electronics,41,21.72,890.34,0
2022-10-06,West,Home & Garden,27,18.5,499.47,0
2022-10-07,North,Apparel,33,21.91,723.14,0
2022-10-07,North,Electronics,52,19.12,994.03,0
2022-10-07,North,Home & Garden,23,23.5,540.6,0
2022-10-07,South,Apparel,30,18.76,562.88,0
2022-10-07,South,Electronics,34,21.12,718.0,0
2022-10-07,South,Home & Garden,23,19.31,444.18,0
2022-10-07,West,Apparel,29,23.83,690.97,0
2022-10-07,West,Electronics,40,21.9,875.99,0
2022-10-07,West,Home & Garden,25,19.13,478.37,0
2022-10-08,North,Apparel,38,22.15,841.69,0
2022-10-08,North,Electronics,56,18.94,1060.61,0
2022-10-08,North,Home & Garden,27,23.44,632.87,0
2022-10-08,South,Apparel,37,18.37,679.62,0
2022-10-08,South,Electronics,38,21.45,814.98,0
2022-10-08,South,Home & Garden,28,19.39,543.01,0
2022-10-08,West,Apparel,33,23.87,787.77,0
2022-10-08,West,Electronics,45,21.89,985.06,0
2022-10-08,West,Home & Garden,32,18.78,600.92,0
2022-10-09,North,Apparel,40,22.13,885.23,0
2022-10-09,North,Electronics,55,19.06,1048.27,0
2022-10-09,North,Home & Garden,30,23.53,706.02,0
2022-10-09,South,Apparel,37,18.62,688.95,0
2022-10-09,South,Electronics,37,21.62,800.11,0
2022-10-09,South,Home & Garden,29,18.94,549.19,0
2022-10-09,West,Apparel,30,23.86,715.81,0
2022-10-09,West,Electronics,40,22.01,880.36,0
2022-10-09,West,Home & Garden,34,18.57,631.39,0
2022-10-10,North,Apparel,34,21.69,737.48,0
2022-10-10,North,Electronics,49,19.05,933.27,0
2022-10-10,North,Home & Garden,24,23.73,569.44,0
2022-10-10,South,Apparel,30,18.45,553.51,0
2022-10-10,South,Electronics,34,21.25,722.59,0
2022-10-10,South,Home & Garden,23,19.31,444.11,0
2022-10-10,West,Apparel,27,23.79,642.3,0
2022-10-10,West,Electronics,36,21.87,787.25,0
2022-10-10,West,Home & Garden,24,18.73,449.62,0
2022-10-11,North,Apparel,33,21.83,720.51,0
2022-10-11,North,Electronics,51,19.19,978.71,0
2022-10-11,North,Home & Garden,23,23.22,534.14,0
2022-10-11,South,Apparel,48,18.47,886.73,1
2022-10-11,South,Electronics,38,21.12,802.72,0
2022-10-11,South,Home & Garden,22,19.2,422.42,0
2022-10-11,West,Apparel,26,24.24,630.3,0
2022-10-11,West,Electronics,37,22.1,817.88,0
2022-10-11,West,Home & Garden,27,18.81,507.75,0
2022-10-12,North,Apparel,34,21.9,744.45,0
2022-10-12,North,Electronics,52,19.09,992.47,0
2022-10-12,North,Home & Garden,24,23.75,569.97,0
2022-10-12,South,Apparel,31,18.49,573.17,0
2022-10-12,South,Electronics,32,21.44,686.03,0
2022-10-12,South,Home & Garden,19,19.59,372.23,0
2022-10-12,West,Apparel,25,24.67,616.76,0
2022-10-12,West,Electronics,41,21.86,896.3,0
2022-10-12,West,Home & Garden,28,18.7,523.53,0
2022-10-13,North,Apparel,33,21.63,713.83,0
2022-10-13,North,Electronics,69,19.05,1314.76,1
2022-10-13,North,Home & Garden,22,23.17,509.71,0
2022-10-13,South,Apparel,29,18.8,545.22,0
2022-10-13,South,Electronics,36,21.11,759.87,0
2022-10-13,South,Home & Garden,22,19.05,419.02,0
2022-10-13,West,Apparel,29,23.85,691.62,0
2022-10-13,West,Electronics,34,21.97,747.02,0
2022-10-13,West,Home & Garden,25,18.91,472.76,0
2022-10-14,North,Apparel,35,22.06,771.96,0
2022-10-14,North,Electronics,53,18.95,1004.49,0
2022-10-14,North,Home & Garden,24,23.85,572.28,0
2022-10-14,South,Apparel,31,18.48,572.79,0
2022-10-14,South,Electronics,51,21.43,1092.75,1
2022-10-14,South,Home & Garden,21,19.21,403.36,0
2022-10-14,West,Apparel,24,24.59,590.22,0
2022-10-14,West,Electronics,34,21.58,733.87,0
2022-10-14,West,Home & Garden,28,18.92,529.83,0
2022-10-15,North,Apparel,37,21.74,804.53,0
2022-10-15,North,Electronics,55,18.91,1040.23,0
2022-10-15,North,Home & Garden,29,23.64,685.47,0
2022-10-15,South,Apparel,41,18.4,754.55,0
2022-10-15,South,Electronics,38,21.6,820.86,0
2022-10-15,South,Home & Garden,28,19.36,542.0,0
2022-10-15,West,Apparel,31,24.57,761.76,0
2022-10-15,West,Electronics,41,21.68,888.68,0
2022-10-15,West,Home & Garden,30,19.07,571.98,0
2022-10-16,North,Apparel,38,21.91,832.7,0
2022-10-16,North,Electronics,54,18.92,1021.64,0
2022-10-16,North,Home & Garden,29,23.03,667.76,0
2022-10-16,South,Apparel,37,18.36,679.39,0
2022-10-16,South,Electronics,37,21.21,784.84,0
2022-10-16,South,Home & Garden,29,19.17,555.86,0
2022-10-16,West,Apparel,33,24.06,794.0,0
2022-10-16,West,Electronics,39,22.12,862.54,0
2022-10-16,West,Home & Garden,28,19.03,532.85,0
2022-10-17,North,Apparel,30,22.03,660.81,0
2022-10-17,North,Electronics,52,19.07,991.55,0
2022-10-17,North,Home & Garden,27,23.26,628.09,0
2022-10-17,South,Apparel,46,18.63,856.78,1
2022-10-17,South,Electronics,36,21.59,777.33,0
2022-10-17,South,Home & Garden,24,19.39,465.3,0
2022-10-17,West,Apparel,39,23.96,934.34,1
2022-10-17,West,Electronics,37,22.18,820.69,0
2022-10-17,West,Home & Garden,23,18.96,435.99,0
2022-10-18,North,Apparel,32,21.88,700.11,0
2022-10-18,North,Electronics,71,18.98,1347.33,1
2022-10-18,North,Home & Garden,21,22.99,482.8,0
2022-10-18,South,Apparel,30,18.26,547.88,0
2022-10-18,South,Electronics,32,21.69,694.22,0
2022-10-18,South,Home & Garden,24,19.06,457.43,0
2022-10-18,West,Apparel,28,23.95,670.5,0
2022-10-18,West,Electronics,39,22.07,860.88,0
2022-10-18,West,Home & Garden,27,18.75,506.29,0
2022-10-19,North,Apparel,29,22.21,643.98,0
2022-10-19,North,Electronics,62,18.9,1171.74,1
2022-10-19,North,Home & Garden,24,23.05,553.28,0
2022-10-19,South,Apparel,30,18.72,561.71,0
2022-10-19,South,Electronics,37,21.27,786.92,0
2022-10-19,South,Home & Garden,22,19.31,424.85,0
2022-10-19,West,Apparel,26,24.65,640.95,0
2022-10-19,West,Electronics,36,21.99,791.61,0
2022-10-19,West,Home & Garden,27,18.57,501.5,0
2022-10-20,North,Apparel,34,21.72,738.41,0
2022-10-20,North,Electronics,49,18.97,929.65,0
2022-10-20,North,Home & Garden,21,23.82,500.15,0
2022-10-20,South,Apparel,30,18.26,547.91,0
2022-10-20,South,Electronics,34,21.53,732.0,0
2022-10-20,South,Home & Garden,21,19.52,409.95,0
2022-10-20,West,Apparel,26,24.36,633.31,0
2022-10-20,West,Electronics,33,22.14,730.48,0
2022-10-20,West,Home & Garden,28,18.95,530.55,0
2022-10-21,North,Apparel,34,21.67,736.89,0
2022-10-21,North,Electronics,47,19.19,901.73,0
2022-10-21,North,Home & Garden,23,23.46,539.61,0
2022-10-21,South,Apparel,29,18.28,530.19,0
2022-10-21,South,Electronics,31,21.68,672.15,0
2022-10-21,South,Home & Garden,21,19.09,400.9,0
2022-10-21,West,Apparel,36,24.18,870.31,1
2022-10-21,West,Electronics,41,22.08,905.26,0
2022-10-21,West,Home & Garden,26,19.15,497.98,0
2022-10-22,North,Apparel,39,21.94,855.59,0
2022-10-22,North,Electronics,51,18.89,963.39,0
2022-10-22,North,Home & Garden,27,23.5,634.44,0
2022-10-22,South,Apparel,33,18.33,604.86,0
2022-10-22,South,Electronics,38,21.62,821.39,0
2022-10-22,South,Home & Garden,24,19.3,463.28,0
2022-10-22,West,Apparel,31,24.42,756.91,0
2022-10-22,West,Electronics,38,21.77,827.1,0
2022-10-22,West,Home & Garden,30,18.66,559.9,0
2022-10-23,North,Apparel,38,21.68,823.75,0
2022-10-23,North,Electronics,52,18.96,986.1,0
2022-10-23,North,Home & Garden,30,23.77,713.13,0
2022-10-23,South,Apparel,37,18.79,695.2,0
2022-10-23,South,Electronics,37,21.11,780.91,0
2022-10-23,South,Home & Garden,29,18.96,549.94,0
2022-10-23,West,Apparel,30,23.85,715.53,0
2022-10-23,West,Electronics,38,21.67,823.3,0
2022-10-23,West,Home & Garden,31,18.69,579.35,0
2022-10-24,North,Apparel,30,22.21,666.21,0
2022-10-24,North,Electronics,47,19.07,896.14,0
2022-10-24,North,Home & Garden,23,23.5,540.48,0
2022-10-24,South,Apparel,28,18.33,513.2,0
2022-10-24,South,Electronics,31,21.04,652.38,0
2022-10-24,South,Home & Garden,22,19.02,418.51,0
2022-10-24,West,Apparel,23,24.25,557.84,0
2022-10-24,West,Electronics,39,22.05,859.93,0
2022-10-24,West,Home & Garden,25,18.97,474.32,0
2022-10-25,North,Apparel,30,22.29,668.72,0
2022-10-25,North,Electronics,48,19.12,917.56,0
2022-10-25,North,Home & Garden,23,23.45,539.39,0
2022-10-25,South,Apparel,33,18.39,606.9,0
2022-10-25,South,Electronics,35,21.25,743.89,0
2022-10-25,South,Home & Garden,20,19.03,380.66,0
2022-10-25,West,Apparel,27,23.98,647.49,0
2022-10-25,West,Electronics,36,22.02,792.62,0
2022-10-25,West,Home & Garden,24,19.16,459.78,0
2022-10-26,North,Apparel,35,21.77,761.86,0
2022-10-26,North,Electronics,45,18.81,846.31,0
2022-10-26,North,Home & Garden,25,23.09,577.25,0
2022-10-26,South,Apparel,29,18.4,533.58,0
2022-10-26,South,Electronics,36,21.51,774.31,0
2022-10-26,South,Home & Garden,21,18.82,395.3,0
2022-10-26,West,Apparel,27,24.29,655.73,0
2022-10-26,West,Electronics,37,21.82,807.16,0
2022-10-26,West,Home & Garden,24,18.84,452.14,0
2022-10-27,North,Apparel,35,21.68,758.69,0
2022-10-27,North,Electronics,50,18.84,941.78,0
2022-10-27,North,Home & Garden,23,23.5,540.6,0
2022-10-27,South,Apparel,28,18.86,528.15,0
2022-10-27,South,Electronics,37,21.28,787.23,0
2022-10-27,South,Home & Garden,21,18.77,394.18,0
2022-10-27,West,Apparel,26,23.84,619.87,0
2022-10-27,West,Electronics,38,21.9,832.32,0
2022-10-27,West,Home & Garden,22,18.7,411.39,0
2022-10-28,North,Apparel,32,22.11,707.54,0
2022-10-28,North,Electronics,49,19.05,933.53,0
2022-10-28,North,Home & Garden,26,23.36,607.41,0
2022-10-28,South,Apparel,29,18.31,531.03,0
2022-10-28,South,Electronics,33,21.62,713.52,0
2022-10-28,South,Home & Garden,22,19.4,426.71,0
2022-10-28,West,Apparel,24,24.54,589.06,0
2022-10-28,West,Electronics,39,22.06,860.48,0
2022-10-28,West,Home & Garden,24,18.6,446.47,0
2022-10-29,North,Apparel,37,21.74,804.27,0
2022-10-29,North,Electronics,50,19.17,958.72,0
2022-10-29,North,Home & Garden,28,23.51,658.18,0
2022-10-29,South,Apparel,37,18.32,677.66,0
2022-10-29,South,Electronics,37,21.59,798.66,0
2022-10-29,South,Home & Garden,29,19.09,553.68,0
2022-10-29,West,Apparel,28,23.95,670.64,0
2022-10-29,West,Electronics,39,22.01,858.46,0
2022-10-29,West,Home & Garden,30,18.77,563.0,0
2022-10-30,North,Apparel,40,22.07,882.86,0
2022-10-30,North,Electronics,54,19.04,1027.96,0
2022-10-30,North,Home & Garden,28,23.78,665.78,0
2022-10-30,South,Apparel,34,18.81,639.52,0
2022-10-30,South,Electronics,37,21.53,796.59,0
2022-10-30,South,Home & Garden,26,19.45,505.74,0
2022-10-30,West,Apparel,31,23.84,739.19,0
2022-10-30,West,Electronics,43,21.96,944.31,0
2022-10-30,West,Home & Garden,25,18.83,470.75,0
2022-10-31,North,Apparel,31,22.08,684.63,0
2022-10-31,North,Electronics,52,18.93,984.16,0
2022-10-31,North,Home & Garden,21,23.05,484.14,0
2022-10-31,South,Apparel,29,18.29,530.53,0
2022-10-31,South,Electronics,38,21.16,804.24,0
2022-10-31,South,Home & Garden,18,19.51,351.21,0
2022-10-31,West,Apparel,23,24.59,565.53,0
2022-10-31,West,Electronics,33,21.91,723.0,0
2022-10-31,West,Home & Garden,24,19.16,459.81,0
2022-11-01,North,Apparel,46,21.81,1003.15,1
2022-11-01,North,Electronics,46,19.01,874.27,0
2022-11-01,North,Home & Garden,27,23.05,622.45,0
2022-11-01,South,Apparel,32,18.33,586.7,0
2022-11-01,South,Electronics,33,21.34,704.35,0
2022-11-01,South,Home & Garden,22,19.37,426.13,0
2022-11-01,West,Apparel,23,24.55,564.67,0
2022-11-01,West,Electronics,39,21.98,857.33,0
2022-11-01,West,Home & Garden,27,19.0,513.06,0
2022-11-02,North,Apparel,35,22.25,778.66,0
2022-11-02,North,Electronics,48,19.12,917.95,0
2022-11-02,North,Home & Garden,23,23.23,534.25,0
2022-11-02,South,Apparel,28,18.8,526.36,0
2022-11-02,South,Electronics,34,21.3,724.34,0
2022-11-02,South,Home & Garden,22,19.57,430.62,0
2022-11-02,West,Apparel,26,24.2,629.24,0
2022-11-02,West,Electronics,36,21.95,790.28,0
2022-11-02,West,Home & Garden,28,18.98,531.56,0
2022-11-03,North,Apparel,47,21.77,1023.28,1
2022-11-03,North,Electronics,49,18.87,924.41,0
2022-11-03,North,Home & Garden,24,23.42,562.0,0
2022-11-03,South,Apparel,32,18.6,595.29,0
2022-11-03,South,Electronics,33,21.61,712.98,0
2022-11-03,South,Home & Garden,23,18.79,432.22,0
2022-11-03,West,Apparel,25,24.26,606.52,0
2022-11-03,West,Electronics,41,21.85,895.68,0
2022-11-03,West,Home & Garden,25,18.82,470.53,0
2022-11-04,North,Apparel,47,21.79,1024.0,1
2022-11-04,North,Electronics,49,18.87,924.62,0
2022-11-04,North,Home & Garden,23,23.72,545.5,0
2022-11-04,South,Apparel,33,18.6,613.85,0
2022-11-04,South,Electronics,32,21.61,691.51,0
2022-11-04,South,Home & Garden,31,19.02,589.59,1
2022-11-04,West,Apparel,27,24.41,659.1,0
2022-11-04,West,Electronics,39,21.72,847.19,0
2022-11-04,West,Home & Garden,25,18.98,474.43,0
2022-11-05,North,Apparel,41,21.8,893.79,0
2022-11-05,North,Electronics,56,19.17,1073.32,0
2022-11-05,North,Home & Garden,27,23.31,629.41,0
2022-11-05,South,Apparel,40,18.4,735.98,0
2022-11-05,South,Electronics,39,21.41,834.97,0
2022-11-05,South,Home & Garden,29,18.89,547.81,0
2022-11-05,West,Apparel,32,24.01,768.38,0
2022-11-05,West,Electronics,60,21.91,1314.41,1
2022-11-05,West,Home & Garden,30,18.83,565.02,0
2022-11-06,North,Apparel,40,22.09,883.73,0
2022-11-06,North,Electronics,55,18.86,1037.54,0
2022-11-06,North,Home & Garden,27,23.37,631.03,0
2022-11-06,South,Apparel,39,18.67,728.29,0
2022-11-06,South,Electronics,42,21.52,903.92,0
2022-11-06,South,Home & Garden,29,18.92,548.66,0
2022-11-06,West,Apparel,31,24.56,761.23,0
2022-11-06,West,Electronics,43,22.03,947.45,0
2022-11-06,West,Home & Garden,31,18.63,577.51,0
2022-11-07,North,Apparel,34,21.75,739.38,0
2022-11-07,North,Electronics,52,18.96,985.82,0
2022-11-07,North,Home & Garden,37,23.12,855.37,1
2022-11-07,South,Apparel,29,18.54,537.58,0
2022-11-07,South,Electronics,36,21.44,771.9,0
2022-11-07,South,Home & Garden,24,19.26,462.34,0
2022-11-07,West,Apparel,25,24.37,609.3,0
2022-11-07,West,Electronics,41,22.14,907.78,0
2022-11-07,West,Home & Garden,29,19.13,554.67,0
2022-11-08,North,Apparel,35,21.87,765.36,0
2022-11-08,North,Electronics,48,19.17,920.17,0
2022-11-08,North,Home & Garden,23,23.16,532.61,0
2022-11-08,South,Apparel,50,18.6,930.17,1
2022-11-08,South,Electronics,35,21.46,751.02,0
2022-11-08,South,Home & Garden,25,19.41,485.22,0
2022-11-08,West,Apparel,27,24.32,656.61,0
2022-11-08,West,Electronics,41,22.13,907.44,0
2022-11-08,West,Home & Garden,31,18.71,580.11,0
2022-11-09,North,Apparel,37,22.23,822.47,0
2022-11-09,North,Electronics,75,18.94,1420.57,1
2022-11-09,North,Home & Garden,26,23.21,603.58,0
2022-11-09,South,Apparel,31,18.72,580.39,0
2022-11-09,South,Electronics,38,21.31,809.84,0
2022-11-09,South,Home & Garden,24,19.33,463.97,0
2022-11-09,West,Apparel,28,24.02,672.47,0
2022-11-09,West,Electronics,39,21.64,844.14,0
2022-11-09,West,Home & Garden,25,18.93,473.14,0
2022-11-10,North,Apparel,35,22.05,771.73,0
2022-11-10,North,Electronics,52,18.9,983.0,0
2022-11-10,North,Home & Garden,28,23.59,660.4,0
2022-11-10,South,Apparel,34,18.63,633.38,0
2022-11-10,South,Electronics,39,21.52,839.45,0
2022-11-10,South,Home & Garden,37,19.18,709.67,1
2022-11-10,West,Apparel,28,23.98,671.56,0
2022-11-10,West,Electronics,40,22.04,881.49,0
2022-11-10,West,Home & Garden,27,19.02,513.67,0
2022-11-11,North,Apparel,39,21.86,852.73,0
2022-11-11,North,Electronics,56,18.88,1057.04,0
2022-11-11,North,Home & Garden,28,23.48,657.47,0
2022-11-11,South,Apparel,36,18.46,664.51,0
2022-11-11,South,Electronics,38,21.53,818.1,0
2022-11-11,South,Home & Garden,28,19.48,545.54,0
2022-11-11,West,Apparel,30,24.13,723.8,0
2022-11-11,West,Electronics,42,21.82,916.64,0
2022-11-11,West,Home & Garden,26,18.74,487.26,0
2022-11-12,North,Apparel,46,21.93,1008.86,0
2022-11-12,North,Electronics,60,19.05,1143.12,0
2022-11-12,North,Home & Garden,32,23.53,753.02,0
2022-11-12,South,Apparel,40,18.78,751.05,0
2022-11-12,South,Electronics,45,21.36,961.05,0
2022-11-12,South,Home & Garden,32,19.27,616.62,0
2022-11-12,West,Apparel,50,24.3,1215.1,1
2022-11-12,West,Electronics,45,21.98,989.13,0
2022-11-12,West,Home & Garden,47,18.78,882.45,1
2022-11-13,North,Apparel,48,21.81,1046.97,0
2022-11-13,North,Electronics,64,18.89,1208.68,0
2022-11-13,North,Home & Garden,31,23.21,719.49,0
2022-11-13,South,Apparel,44,18.36,807.7,0
2022-11-13,South,Electronics,41,21.33,874.49,0
2022-11-13,South,Home & Garden,33,19.28,636.11,0
2022-11-13,West,Apparel,37,23.93,885.24,0
2022-11-13,West,Electronics,47,22.11,1039.35,0
2022-11-13,West,Home & Garden,34,19.05,647.54,0
2022-11-14,North,Apparel,39,21.85,852.33,0
2022-11-14,North,Electronics,55,19.01,1045.67,0
2022-11-14,North,Home & Garden,26,23.79,618.48,0
2022-11-14,South,Apparel,40,18.45,738.19,0
2022-11-14,South,Electronics,40,21.29,851.53,0
2022-11-14,South,Home & Garden,30,19.01,570.39,0
2022-11-14,West,Apparel,33,24.22,799.41,0
2022-11-14,West,Electronics,40,21.75,869.82,0
2022-11-14,West,Home & Garden,32,18.71,598.64,0
2022-11-15,North,Apparel,45,21.82,981.68,0
2022-11-15,North,Electronics,52,18.96,985.84,0
2022-11-15,North,Home & Garden,43,23.24,999.52,1
2022-11-15,South,Apparel,37,18.57,687.12,0
2022-11-15,South,Electronics,42,21.22,891.19,0
2022-11-15,South,Home & Garden,29,19.18,556.21,0
2022-11-15,West,Apparel,32,24.21,774.81,0
2022-11-15,West,Electronics,45,22.01,990.45,0
2022-11-15,West,Home & Garden,33,18.81,620.78,0
2022-11-16,North,Apparel,46,22.12,1017.35,0
2022-11-16,North,Electronics,60,19.12,1146.93,0
2022-11-16,North,Home & Garden,29,23.6,684.52,0
2022-11-16,South,Apparel,55,18.47,1015.83,1
2022-11-16,South,Electronics,43,21.14,908.81,0
2022-11-16,South,Home & Garden,30,19.35,580.5,0
2022-11-16,West,Apparel,35,24.08,842.7,0
2022-11-16,West,Electronics,45,21.71,977.09,0
2022-11-16,West,Home & Garden,33,19.04,628.22,0
2022-11-17,North,Apparel,45,21.91,985.81,0
2022-11-17,North,Electronics,65,19.02,1236.11,0
2022-11-17,North,Home & Garden,43,23.13,994.52,1
2022-11-17,South,Apparel,43,18.74,805.9,0
2022-11-17,South,Electronics,42,21.57,906.11,0
2022-11-17,South,Home & Garden,26,19.33,502.62,0
2022-11-17,West,Apparel,33,23.89,788.51,0
2022-11-17,West,Electronics,44,21.97,966.69,0
2022-11-17,West,Home & Garden,30,18.74,562.28,0
2022-11-18,North,Apparel,43,22.02,946.78,0
2022-11-18,North,Electronics,65,18.87,1226.47,0
2022-11-18,North,Home & Garden,31,23.16,717.96,0
2022-11-18,South,Apparel,40,18.41,736.36,0
2022-11-18,South,Electronics,40,21.47,858.68,0
2022-11-18,South,Home & Garden,30,19.15,574.44,0
2022-11-18,West,Apparel,34,23.97,814.9,0
2022-11-18,West,Electronics,45,21.88,984.6,0
2022-11-18,West,Home & Garden,33,19.07,629.43,0
2022-11-19,North,Apparel,51,21.82,1112.73,0
2022-11-19,North,Electronics,66,19.01,1254.68,0
2022-11-19,North,Home & Garden,36,23.6,849.57,0
2022-11-19,South,Apparel,50,18.42,920.88,0
2022-11-19,South,Electronics,51,21.43,1092.79,0
2022-11-19,South,Home & Garden,34,19.4,659.64,0
2022-11-19,West,Apparel,41,24.15,990.12,0
2022-11-19,West,Electronics,49,22.06,1080.99,0
2022-11-19,West,Home & Garden,36,18.63,670.68,0
2022-11-20,North,Apparel,52,21.92,1139.81,0
2022-11-20,North,Electronics,65,19.02,1236.26,0
2022-11-20,North,Home & Garden,39,23.09,900.64,0
2022-11-20,South,Apparel,52,18.64,969.17,0
2022-11-20,South,Electronics,46,21.46,987.25,0
2022-11-20,South,Home & Garden,38,19.28,732.64,0
2022-11-20,West,Apparel,43,24.09,1035.93,0
2022-11-20,West,Electronics,43,21.86,940.02,0
2022-11-20,West,Home & Garden,42,19.04,799.59,0
2022-11-21,North,Apparel,48,21.8,1046.36,0
2022-11-21,North,Electronics,66,18.88,1246.19,0
2022-11-21,North,Home & Garden,34,23.71,806.1,0
2022-11-21,South,Apparel,41,18.61,763.17,0
2022-11-21,South,Electronics,45,21.15,951.82,0
2022-11-21,South,Home & Garden,33,18.89,623.27,0
2022-11-21,West,Apparel,39,23.98,935.17,0
2022-11-21,West,Electronics,47,21.71,1020.5,0
2022-11-21,West,Home & Garden,34,18.94,644.03,0
2022-11-22,North,Apparel,48,21.83,1047.93,0
2022-11-22,North,Electronics,62,18.96,1175.64,0
2022-11-22,North,Home & Garden,29,23.47,680.6,0
2022-11-22,South,Apparel,42,18.46,775.16,0
2022-11-22,South,Electronics,46,21.35,982.11,0
2022-11-22,South,Home & Garden,30,19.15,574.46,0
2022-11-22,West,Apparel,40,24.37,974.97,0
2022-11-22,West,Electronics,47,21.72,1020.98,0
2022-11-22,West,Home & Garden,33,18.64,614.98,0
2022-11-23,North,Apparel,49,21.78,1067.21,0
2022-11-23,North,Electronics,66,18.91,1248.35,0
2022-11-23,North,Home & Garden,32,23.66,757.09,0
2022-11-23,South,Apparel,44,18.57,817.15,0
2022-11-23,South,Electronics,44,21.17,931.55,0
2022-11-23,South,Home & Garden,32,19.19,614.0,0
2022-11-23,West,Apparel,37,24.41,903.17,0
2022-11-23,West,Electronics,50,21.82,1090.86,0
2022-11-23,West,Home & Garden,34,19.08,648.68,0
2022-11-24,North,Apparel,48,22.05,1058.45,0
2022-11-24,North,Electronics,66,19.01,1254.83,0
2022-11-24,North,Home & Garden,31,23.38,724.63,0
2022-11-24,South,Apparel,45,18.53,833.9,0
2022-11-24,South,Electronics,45,21.48,966.8,0
2022-11-24,South,Home & Garden,32,19.06,609.86,0
2022-11-24,West,Apparel,38,24.17,918.45,0
2022-11-24,West,Electronics,47,22.02,1035.13,0
2022-11-24,West,Home & Garden,36,18.84,678.38,0
2022-11-25,North,Apparel,49,21.96,1075.84,0
2022-11-25,North,Electronics,67,19.14,1282.54,0
2022-11-25,North,Home & Garden,34,23.72,806.61,0
2022-11-25,South,Apparel,44,18.36,808.0,0
2022-11-25,South,Electronics,44,21.27,935.92,0
2022-11-25,South,Home & Garden,32,19.42,621.46,0
2022-11-25,West,Apparel,37,23.92,884.99,0
2022-11-25,West,Electronics,49,21.72,1064.09,0
2022-11-25,West,Home & Garden,37,18.88,698.51,0
2022-11-26,North,Apparel,53,22.02,1166.92,0
2022-11-26,North,Electronics,75,18.92,1419.27,0
2022-11-26,North,Home & Garden,37,23.35,863.96,0
2022-11-26,South,Apparel,56,18.44,1032.59,0
2022-11-26,South,Electronics,49,21.33,1045.29,0
2022-11-26,South,Home & Garden,34,19.41,659.94,0
2022-11-26,West,Apparel,41,24.3,996.23,0
2022-11-26,West,Electronics,55,21.88,1203.39,0
2022-11-26,West,Home & Garden,43,18.8,808.4,0
2022-11-27,North,Apparel,53,22.05,1168.82,0
2022-11-27,North,Electronics,69,18.99,1310.46,0
2022-11-27,North,Home & Garden,38,23.24,883.13,0
2022-11-27,South,Apparel,52,18.71,972.95,0
2022-11-27,South,Electronics,47,21.54,1012.38,0
2022-11-27,South,Home & Garden,37,19.1,706.7,0
2022-11-27,West,Apparel,43,24.49,1052.93,0
2022-11-27,West,Electronics,54,21.79,1176.75,0
2022-11-27,West,Home & Garden,41,18.62,763.43,0
2022-11-28,North,Apparel,47,21.98,1033.27,0
2022-11-28,North,Electronics,63,19.13,1205.13,0
2022-11-28,North,Home & Garden,32,23.57,754.26,0
2022-11-28,South,Apparel,43,18.48,794.5,0
2022-11-28,South,Electronics,46,21.16,973.16,0
2022-11-28,South,Home & Garden,31,19.13,593.1,0
2022-11-28,West,Apparel,37,23.99,887.49,0
2022-11-28,West,Electronics,51,21.73,1108.45,0
2022-11-28,West,Home & Garden,35,18.75,656.19,0
2022-11-29,North,Apparel,51,22.04,1124.0,0
2022-11-29,North,Electronics,84,19.03,1598.9,1
2022-11-29,North,Home & Garden,31,23.42,725.94,0
2022-11-29,South,Apparel,55,18.65,1025.99,1
2022-11-29,South,Electronics,42,21.63,908.34,0
2022-11-29,South,Home & Garden,32,18.95,606.48,0
2022-11-29,West,Apparel,40,24.0,960.0,0
2022-11-29,West,Electronics,47,22.11,1039.1,0
2022-11-29,West,Home & Garden,36,19.08,686.86,0
2022-11-30,North,Apparel,50,21.88,1094.06,0
2022-11-30,North,Electronics,60,18.86,1131.74,0
2022-11-30,North,Home & Garden,31,23.37,724.41,0
2022-11-30,South,Apparel,44,18.36,807.88,0
2022-11-30,South,Electronics,43,21.18,910.71,0
2022-11-30,South,Home & Garden,44,18.99,835.56,1
2022-11-30,West,Apparel,35,24.06,841.95,0
2022-11-30,West,Electronics,49,22.0,1077.78,0
2022-11-30,West,Home & Garden,36,18.87,679.36,0
2022-12-01,North,Apparel,48,21.74,1043.34,0
2022-12-01,North,Electronics,61,19.16,1168.48,0
2022-12-01,North,Home & Garden,30,23.07,691.98,0
2022-12-01,South,Apparel,44,18.56,816.7,0
2022-12-01,South,Electronics,41,21.4,877.5,0
2022-12-01,South,Home & Garden,29,19.42,563.06,0
2022-12-01,West,Apparel,47,24.23,1138.6,1
2022-12-01,West,Electronics,47,21.97,1032.73,0
2022-12-01,West,Home & Garden,35,18.64,652.53,0
2022-12-02,North,Apparel,48,22.03,1057.43,0
2022-12-02,North,Electronics,61,19.14,1167.83,0
2022-12-02,North,Home & Garden,40,23.33,933.23,1
2022-12-02,South,Apparel,63,18.7,1178.21,1
2022-12-02,South,Electronics,42,21.34,896.39,0
2022-12-02,South,Home & Garden,32,19.26,616.3,0
2022-12-02,West,Apparel,34,24.51,833.18,0
2022-12-02,West,Electronics,47,21.76,1022.69,0
2022-12-02,West,Home & Garden,35,19.07,667.46,0
2022-12-03,North,Apparel,52,21.88,1137.63,0
2022-12-03,North,Electronics,64,18.87,1207.51,0
2022-12-03,North,Home & Garden,33,23.07,761.47,0
2022-12-03,South,Apparel,60,18.49,1109.38,1
2022-12-03,South,Electronics,40,21.52,860.7,0
2022-12-03,South,Home & Garden,32,19.35,619.07,0
2022-12-03,West,Apparel,39,24.21,944.31,0
2022-12-03,West,Electronics,50,21.94,1096.78,0
2022-12-03,West,Home & Garden,37,18.85,697.39,0
2022-12-04,North,Apparel,50,21.85,1092.54,0
2022-12-04,North,Electronics,64,19.08,1221.41,0
2022-12-04,North,Home & Garden,33,23.15,763.82,0
2022-12-04,South,Apparel,47,18.42,865.73,0
2022-12-04,South,Electronics,44,21.59,949.75,0
2022-12-04,South,Home & Garden,32,19.11,611.48,0
2022-12-04,West,Apparel,40,24.52,980.94,0
2022-12-04,West,Electronics,47,22.07,1037.1,0
2022-12-04,West,Home & Garden,38,18.59,706.61,0
2022-12-05,North,Apparel,40,22.08,883.32,0
2022-12-05,North,Electronics,58,18.96,1099.93,0
2022-12-05,North,Home & Garden,28,23.5,657.99,0
2022-12-05,South,Apparel,38,18.4,699.36,0
2022-12-05,South,Electronics,41,21.12,865.73,0
2022-12-05,South,Home & Garden,28,19.4,543.06,0
2022-12-05,West,Apparel,33,24.04,793.43,0
2022-12-05,West,Electronics,48,22.0,1055.82,0
2022-12-05,West,Home & Garden,28,19.08,534.25,0
2022-12-06,North,Apparel,41,22.2,910.34,0
2022-12-06,North,Electronics,61,19.16,1168.96,0
2022-12-06,North,Home & Garden,36,23.7,853.28,1
2022-12-06,South,Apparel,40,18.39,735.46,0
2022-12-06,South,Electronics,41,21.52,882.15,0
2022-12-06,South,Home & Garden,26,19.48,506.53,0
2022-12-06,West,Apparel,32,24.38,780.09,0
2022-12-06,West,Electronics,44,21.94,965.42,0
2022-12-06,West,Home & Garden,34,18.87,641.47,0
2022-12-07,North,Apparel,40,22.1,884.1,0
2022-12-07,North,Electronics,58,18.96,1099.61,0
2022-12-07,North,Home & Garden,29,23.42,679.32,0
2022-12-07,South,Apparel,60,18.6,1116.23,1
2022-12-07,South,Electronics,40,21.56,862.56,0
2022-12-07,South,Home & Garden,26,18.88,490.94,0
2022-12-07,West,Apparel,31,24.13,747.95,0
2022-12-07,West,Electronics,45,21.87,984.0,0
2022-12-07,West,Home & Garden,30,18.76,562.7,0
2022-12-08,North,Apparel,38,21.8,828.59,0
2022-12-08,North,Electronics,57,18.95,1080.05,0
2022-12-08,North,Home & Garden,28,23.77,665.63,0
2022-12-08,South,Apparel,33,18.56,612.43,0
2022-12-08,South,Electronics,42,21.48,902.15,0
2022-12-08,South,Home & Garden,27,19.03,513.84,0
2022-12-08,West,Apparel,34,24.45,831.32,0
2022-12-08,West,Electronics,46,21.85,1005.04,0
2022-12-08,West,Home & Garden,33,18.66,615.69,0
2022-12-09,North,Apparel,36,21.97,790.95,0
2022-12-09,North,Electronics,55,19.03,1046.64,0
2022-12-09,North,Home & Garden,29,23.38,678.03,0
2022-12-09,South,Apparel,36,18.57,668.51,0
2022-12-09,South,Electronics,44,21.53,947.4,0
2022-12-09,South,Home & Garden,23,19.38,445.77,0
2022-12-09,West,Apparel,30,23.83,714.77,0
2022-12-09,West,Electronics,44,22.03,969.37,0
2022-12-09,West,Home & Garden,28,18.96,530.86,0
2022-12-10,North,Apparel,44,21.98,966.96,0
2022-12-10,North,Electronics,58,19.13,1109.61,0
2022-12-10,North,Home & Garden,30,23.65,709.42,0
2022-12-10,South,Apparel,39,18.63,726.61,0
2022-12-10,South,Electronics,43,21.56,927.16,0
2022-12-10,South,Home & Garden,28,19.34,541.63,0
2022-12-10,West,Apparel,46,24.16,1111.28,1
2022-12-10,West,Electronics,41,22.03,903.23,0
2022-12-10,West,Home & Garden,34,18.87,641.59,0
2022-12-11,North,Apparel,43,21.81,937.74,0
2022-12-11,North,Electronics,59,19.01,1121.52,0
2022-12-11,North,Home & Garden,29,23.12,670.51,0
2022-12-11,South,Apparel,37,18.8,695.51,0
2022-12-11,South,Electronics,39,21.57,841.31,0
2022-12-11,South,Home & Garden,33,19.32,637.6,0
2022-12-11,West,Apparel,34,23.87,811.72,0
2022-12-11,West,Electronics,44,22.06,970.8,0
2022-12-11,West,Home & Garden,33,18.8,620.48,0
2022-12-12,North,Apparel,34,21.66,736.46,0
2022-12-12,North,Electronics,51,18.98,967.86,0
2022-12-12,North,Home & Garden,29,23.15,671.48,0
2022-12-12,South,Apparel,37,18.4,680.66,0
2022-12-12,South,Electronics,36,21.27,765.79,0
2022-12-12,South,Home & Garden,25,19.24,481.02,0
2022-12-12,West,Apparel,28,24.64,689.86,0
2022-12-12,West,Electronics,62,21.74,1347.81,1
2022-12-12,West,Home & Garden,26,19.06,495.52,0
2022-12-13,North,Apparel,33,22.21,732.8,0
2022-12-13,North,Electronics,51,18.84,960.64,0
2022-12-13,North,Home & Garden,26,23.57,612.71,0
2022-12-13,South,Apparel,34,18.6,632.33,0
2022-12-13,South,Electronics,38,21.42,814.07,0
2022-12-13,South,Home & Garden,22,19.48,428.58,0
2022-12-13,West,Apparel,26,24.56,638.57,0
2022-12-13,West,Electronics,41,21.98,901.23,0
2022-12-13,West,Home & Garden,28,18.64,522.01,0
2022-12-14,North,Apparel,46,21.96,1010.33,1
2022-12-14,North,Electronics,51,18.84,960.98,0
2022-12-14,North,Home & Garden,25,22.96,574.06,0
2022-12-14,South,Apparel,30,18.58,557.5,0
2022-12-14,South,Electronics,32,21.47,687.02,0
2022-12-14,South,Home & Garden,24,19.16,459.73,0
2022-12-14,West,Apparel,26,24.55,638.36,0
2022-12-14,West,Electronics,36,22.15,797.42,0
2022-12-14,West,Home & Garden,29,18.59,539.24,0
2022-12-15,North,Apparel,31,22.27,690.31,0
2022-12-15,North,Electronics,47,19.14,899.58,0
2022-12-15,North,Home & Garden,24,23.34,560.21,0
2022-12-15,South,Apparel,30,18.71,561.26,0
2022-12-15,South,Electronics,34,21.68,737.23,0
2022-12-15,South,Home & Garden,24,19.0,456.01,0
2022-12-15,West,Apparel,39,24.29,947.34,1
2022-12-15,West,Electronics,37,21.77,805.34,0
2022-12-15,West,Home & Garden,29,18.87,547.26,0
2022-12-16,North,Apparel,33,21.69,715.75,0
2022-12-16,North,Electronics,48,18.96,909.95,0
2022-12-16,North,Home & Garden,24,23.21,556.94,0
2022-12-16,South,Apparel,29,18.69,542.12,0
2022-12-16,South,Electronics,34,21.48,730.27,0
2022-12-16,South,Home & Garden,24,19.28,462.74,0
2022-12-16,West,Apparel,24,24.25,581.93,0
2022-12-16,West,Electronics,40,21.7,868.07,0
2022-12-16,West,Home & Garden,27,18.57,501.47,0
2022-12-17,North,Apparel,37,21.79,806.3,0
2022-12-17,North,Electronics,51,19.08,973.26,0
2022-12-17,North,Home & Garden,27,22.97,620.16,0
2022-12-17,South,Apparel,33,18.73,618.02,0
2022-12-17,South,Electronics,38,21.52,817.78,0
2022-12-17,South,Home & Garden,26,19.46,505.99,0
2022-12-17,West,Apparel,32,23.97,766.96,0
2022-12-17,West,Electronics,38,22.07,838.49,0
2022-12-17,West,Home & Garden,27,19.07,514.8,0
2022-12-18,North,Apparel,37,22.18,820.61,0
2022-12-18,North,Electronics,54,18.95,1023.12,0
2022-12-18,North,Home & Garden,27,23.08,623.09,0
2022-12-18,South,Apparel,34,18.55,630.82,0
2022-12-18,South,Electronics,38,21.33,810.58,0
2022-12-18,South,Home & Garden,28,19.21,537.87,0
2022-12-18,West,Apparel,31,24.48,759.03,0
2022-12-18,West,Electronics,53,21.72,1151.2,1
2022-12-18,West,Home & Garden,40,18.7,747.87,1
2022-12-19,North,Apparel,29,21.86,634.03,0
2022-12-19,North,Electronics,49,18.9,925.88,0
2022-12-19,North,Home & Garden,23,23.41,538.38,0
2022-12-19,South,Apparel,30,18.48,554.36,0
2022-12-19,South,Electronics,32,21.31,681.85,0
2022-12-19,South,Home & Garden,18,18.68,336.32,0
2022-12-19,West,Apparel,25,24.21,605.37,0
2022-12-19,West,Electronics,40,21.64,865.75,0
2022-12-19,West,Home & Garden,26,18.95,492.82,0
2022-12-20,North,Apparel,41,21.73,890.98,1
2022-12-20,North,Electronics,48,19.05,914.22,0
2022-12-20,North,Home & Garden,30,23.08,692.43,1
2022-12-20,South,Apparel,27,18.22,492.03,0
2022-12-20,South,Electronics,32,21.56,690.01,0
2022-12-20,South,Home & Garden,19,19.23,365.38,0
2022-12-20,West,Apparel,24,23.94,574.64,0
2022-12-20,West,Electronics,36,21.81,785.25,0
2022-12-20,West,Home & Garden,22,18.73,412.15,0
2022-12-21,North,Apparel,30,21.84,655.07,0
2022-12-21,North,Electronics,49,19.11,936.36,0
2022-12-21,North,Home & Garden,19,23.74,450.99,0
2022-12-21,South,Apparel,28,18.78,525.94,0
2022-12-21,South,Electronics,34,21.26,722.87,0
2022-12-21,South,Home & Garden,21,19.21,403.45,0
2022-12-21,West,Apparel,18,24.67,444.13,0
2022-12-21,West,Electronics,34,22.01,748.23,0
2022-12-21,West,Home & Garden,25,18.54,463.46,0
2022-12-22,North,Apparel,30,21.65,649.51,0
2022-12-22,North,Electronics,47,18.84,885.49,0
2022-12-22,North,Home & Garden,28,23.45,656.66,1
2022-12-22,South,Apparel,26,18.41,478.79,0
2022-12-22,South,Electronics,50,21.4,1070.01,1
2022-12-22,South,Home & Garden,21,19.3,405.25,0
2022-12-22,West,Apparel,24,23.91,573.76,0
2022-12-22,West,Electronics,34,21.64,735.88,0
2022-12-22,West,Home & Garden,23,19.22,442.14,0
2022-12-23,North,Apparel,29,21.95,636.64,0
2022-12-23,North,Electronics,70,19.02,1331.3,1
2022-12-23,North,Home & Garden,23,23.03,529.79,0
2022-12-23,South,Apparel,24,18.68,448.4,0
2022-12-23,South,Electronics,35,21.37,747.87,0
2022-12-23,South,Home & Garden,19,18.86,358.39,0
2022-12-23,West,Apparel,22,24.33,535.2,0
2022-12-23,West,Electronics,36,21.82,785.63,0
2022-12-23,West,Home & Garden,25,19.19,479.82,0
2022-12-24,North,Apparel,35,21.76,761.53,0
2022-12-24,North,Electronics,49,19.12,937.09,0
2022-12-24,North,Home & Garden,23,23.03,529.66,0
2022-12-24,South,Apparel,52,18.49,961.68,1
2022-12-24,South,Electronics,50,21.21,1060.65,1
2022-12-24,South,Home & Garden,25,19.46,486.52,0
2022-12-24,West,Apparel,27,24.3,656.02,0
2022-12-24,West,Electronics,35,21.91,766.74,0
2022-12-24,West,Home & Garden,29,18.56,538.34,0
2022-12-25,North,Apparel,38,21.86,830.69,0
2022-12-25,North,Electronics,50,19.0,949.97,0
2022-12-25,North,Home & Garden,26,23.01,598.33,0
2022-12-25,South,Apparel,28,18.66,522.36,0
2022-12-25,South,Electronics,35,21.57,754.87,0
2022-12-25,South,Home & Garden,24,18.89,453.24,0
2022-12-25,West,Apparel,24,24.41,585.86,0
2022-12-25,West,Electronics,37,21.96,812.38,0
2022-12-25,West,Home & Garden,27,19.14,516.79,0
2022-12-26,North,Apparel,33,21.87,721.64,0
2022-12-26,North,Electronics,45,18.86,848.84,0
2022-12-26,North,Home & Garden,19,23.64,449.19,0
2022-12-26,South,Apparel,30,18.53,555.98,0
2022-12-26,South,Electronics,33,21.29,702.43,0
2022-12-26,South,Home & Garden,19,19.66,373.46,0
2022-12-26,West,Apparel,23,24.27,558.16,0
2022-12-26,West,Electronics,35,22.17,775.92,0
2022-12-26,West,Home & Garden,41,18.8,770.89,1
2022-12-27,North,Apparel,27,21.87,590.59,0
2022-12-27,North,Electronics,40,19.08,763.01,0
2022-12-27,North,Home & Garden,19,23.57,447.82,0
2022-12-27,South,Apparel,28,18.65,522.13,0
2022-12-27,South,Electronics,31,21.36,662.02,0
2022-12-27,South,Home & Garden,22,18.98,417.51,0
2022-12-27,West,Apparel,20,23.89,477.85,0
2022-12-27,West,Electronics,37,22.09,817.38,0
2022-12-27,West,Home & Garden,24,18.87,452.86,0
2022-12-28,North,Apparel,24,21.71,521.11,0
2022-12-28,North,Electronics,46,18.8,864.99,0
2022-12-28,North,Home & Garden,20,23.05,461.03,0
2022-12-28,South,Apparel,26,18.76,487.71,0
2022-12-28,South,Electronics,31,21.08,653.49,0
2022-12-28,South,Home & Garden,22,18.74,412.29,0
2022-12-28,West,Apparel,22,24.48,538.51,0
2022-12-28,West,Electronics,36,21.87,787.46,0
2022-12-28,West,Home & Garden,23,19.22,442.17,0
2022-12-29,North,Apparel,29,21.93,635.98,0
2022-12-29,North,Electronics,49,19.06,933.84,0
2022-12-29,North,Home & Garden,30,23.12,693.7,1
2022-12-29,South,Apparel,25,18.45,461.24,0
2022-12-29,South,Electronics,31,21.34,661.61,0
2022-12-29,South,Home & Garden,18,19.15,344.74,0
2022-12-29,West,Apparel,23,24.72,568.5,0
2022-12-29,West,Electronics,33,21.95,724.23,0
2022-12-29,West,Home & Garden,21,18.95,397.92,0
2022-12-30,North,Apparel,28,22.09,618.47,0
2022-12-30,North,Electronics,48,18.97,910.73,0
2022-12-30,North,Home & Garden,19,23.12,439.25,0
2022-12-30,South,Apparel,25,18.54,463.47,0
2022-12-30,South,Electronics,33,21.29,702.63,0
2022-12-30,South,Home & Garden,18,19.0,342.05,0
2022-12-30,West,Apparel,21,24.41,512.55,0
2022-12-30,West,Electronics,37,21.86,808.73,0
2022-12-30,West,Home & Garden,20,19.05,381.04,0
2022-12-31,North,Apparel,35,22.08,772.79,0
2022-12-31,North,Electronics,51,19.06,972.12,0
2022-12-31,North,Home & Garden,24,23.01,552.33,0
2022-12-31,South,Apparel,48,18.62,893.7,1
2022-12-31,South,Electronics,35,21.4,748.88,0
2022-12-31,South,Home & Garden,24,18.93,454.33,0
2022-12-31,West,Apparel,29,24.12,699.38,0
2022-12-31,West,Electronics,37,21.67,801.89,0
2022-12-31,West,Home & Garden,27,18.58,501.72,0
2023-01-01,North,Apparel,34,21.66,736.44,0
2023-01-01,North,Electronics,52,18.85,980.12,0
2023-01-01,North,Home & Garden,24,23.73,569.63,0
2023-01-01,South,Apparel,32,18.78,600.9,0
2023-01-01,South,Electronics,34,21.1,717.54,0
2023-01-01,South,Home & Garden,24,19.38,465.13,0
2023-01-01,West,Apparel,25,24.65,616.24,0
2023-01-01,West,Electronics,35,21.6,756.13,0
2023-01-01,West,Home & Garden,24,18.97,455.39,0
2023-01-02,North,Apparel,28,21.74,608.62,0
2023-01-02,North,Electronics,46,18.91,869.67,0
2023-01-02,North,Home & Garden,19,23.1,438.95,0
2023-01-02,South,Apparel,23,18.96,436.11,0
2023-01-02,South,Electronics,33,21.55,711.22,0
2023-01-02,South,Home & Garden,18,19.65,353.65,0
2023-01-02,West,Apparel,23,23.97,551.22,0
2023-01-02,West,Electronics,34,21.91,745.02,0
2023-01-02,West,Home & Garden,22,18.51,407.26,0
2023-01-03,North,Apparel,30,21.76,652.74,0
2023-01-03,North,Electronics,46,19.04,875.79,0
2023-01-03,North,Home & Garden,23,23.14,532.12,0
2023-01-03,South,Apparel,26,18.39,478.21,0
2023-01-03,South,Electronics,31,21.63,670.63,0
2023-01-03,South,Home & Garden,32,18.98,607.22,1
2023-01-03,West,Apparel,20,23.81,476.14,0
2023-01-03,West,Electronics,37,22.12,818.56,0
2023-01-03,West,Home & Garden,24,18.64,447.27,0
2023-01-04,North,Apparel,30,21.99,659.72,0
2023-01-04,North,Electronics,44,19.1,840.42,0
2023-01-04,North,Home & Garden,18,23.48,422.71,0
2023-01-04,South,Apparel,26,18.73,486.93,0
2023-01-04,South,Electronics,30,21.61,648.27,0
2023-01-04,South,Home & Garden,20,19.51,390.16,0
2023-01-04,West,Apparel,24,23.78,570.78,0
2023-01-04,West,Electronics,35,21.78,762.4,0
2023-01-04,West,Home & Garden,24,18.93,454.36,0
2023-01-05,North,Apparel,43,21.72,933.96,1
2023-01-05,North,Electronics,45,19.01,855.35,0
2023-01-05,North,Home & Garden,20,23.81,476.27,0
2023-01-05,South,Apparel,25,18.63,465.7,0
2023-01-05,South,Electronics,32,21.62,691.98,0
2023-01-05,South,Home & Garden,21,18.71,392.93,0
2023-01-05,West,Apparel,34,24.07,818.29,1
2023-01-05,West,Electronics,35,21.62,756.71,0
2023-01-05,West,Home & Garden,22,18.58,408.82,0
2023-01-06,North,Apparel,26,22.28,579.28,0
2023-01-06,North,Electronics,47,19.12,898.69,0
2023-01-06,North,Home & Garden,23,23.02,529.41,0
2023-01-06,South,Apparel,31,18.34,568.48,0
2023-01-06,South,Electronics,45,21.61,972.49,1
2023-01-06,South,Home & Garden,17,19.71,335.14,0
2023-01-06,West,Apparel,23,23.95,550.86,0
2023-01-06,West,Electronics,38,21.87,831.05,0
2023-01-06,West,Home & Garden,28,18.73,524.39,0
2023-01-07,North,Apparel,33,22.1,729.32,0
2023-01-07,North,Electronics,69,19.09,1317.08,1
2023-01-07,North,Home & Garden,23,23.02,529.52,0
2023-01-07,South,Apparel,32,18.59,594.81,0
2023-01-07,South,Electronics,31,21.51,666.87,0
2023-01-07,South,Home & Garden,27,18.93,511.11,0
2023-01-07,West,Apparel,26,24.53,637.79,0
2023-01-07,West,Electronics,34,22.18,754.25,0
2023-01-07,West,Home & Garden,30,18.57,557.07,0
2023-01-08,North,Apparel,34,21.74,739.15,0
2023-01-08,North,Electronics,49,18.93,927.72,0
2023-01-08,North,Home & Garden,25,22.92,573.09,0
2023-01-08,South,Apparel,29,18.31,530.94,0
2023-01-08,South,Electronics,35,21.25,743.76,0
2023-01-08,South,Home & Garden,19,19.6,372.37,0
2023-01-08,West,Apparel,25,23.96,598.89,0
2023-01-08,West,Electronics,35,21.78,762.14,0
2023-01-08,West,Home & Garden,27,18.98,512.37,0
2023-01-09,North,Apparel,28,21.71,607.91,0
2023-01-09,North,Electronics,45,19.01,855.32,0
2023-01-09,North,Home & Garden,21,23.46,492.68,0
2023-01-09,South,Apparel,24,18.43,442.42,0
2023-01-09,South,Electronics,31,21.15,655.65,0
2023-01-09,South,Home & Garden,21,19.58,411.13,0
2023-01-09,West,Apparel,22,23.68,520.86,0
2023-01-09,West,Electronics,31,22.21,688.66,0
2023-01-09,West,Home & Garden,25,18.57,464.32,0
2023-01-10,North,Apparel,29,21.94,636.13,0
2023-01-10,North,Electronics,46,19.07,877.25,0
2023-01-10,North,Home & Garden,20,23.05,460.93,0
2023-01-10,South,Apparel,28,18.3,512.39,0
2023-01-10,South,Electronics,32,21.1,675.09,0
2023-01-10,South,Home & Garden,22,18.89,415.53,0
2023-01-10,West,Apparel,24,24.27,582.47,0
2023-01-10,West,Electronics,36,21.65,779.58,0
2023-01-10,West,Home & Garden,21,19.29,405.08,0
2023-01-11,North,Apparel,30,22.02,660.49,0
2023-01-11,North,Electronics,48,18.87,905.99,0
2023-01-11,North,Home & Garden,21,23.22,487.64,0
2023-01-11,South,Apparel,25,18.27,456.82,0
2023-01-11,South,Electronics,30,21.48,644.36,0
2023-01-11,South,Home & Garden,19,19.4,368.62,0
2023-01-11,West,Apparel,22,24.77,544.89,0
2023-01-11,West,Electronics,35,22.05,771.78,0
2023-01-11,West,Home & Garden,23,18.93,435.28,0
2023-01-12,North,Apparel,32,21.61,691.5,0
2023-01-12,North,Electronics,43,18.97,815.73,0
2023-01-12,North,Home & Garden,22,23.24,511.23,0
2023-01-12,South,Apparel,24,18.65,447.5,0
2023-01-12,South,Electronics,35,21.25,743.64,0
2023-01-12,South,Home & Garden,22,19.51,429.27,0
2023-01-12,West,Apparel,20,23.96,479.26,0
2023-01-12,West,Electronics,38,21.98,835.25,0
2023-01-12,West,Home & Garden,22,18.86,414.84,0
2023-01-13,North,Apparel,30,21.59,647.77,0
2023-01-13,North,Electronics,58,19.12,1109.06,1
2023-01-13,North,Home & Garden,20,23.83,476.51,0
2023-01-13,South,Apparel,29,18.78,544.64,0
2023-01-13,South,Electronics,31,21.32,660.9,0
2023-01-13,South,Home & Garden,20,19.18,383.51,0
2023-01-13,West,Apparel,21,23.72,498.15,0
2023-01-13,West,Electronics,36,21.62,778.36,0
2023-01-13,West,Home & Garden,20,19.31,386.16,0
2023-01-14,North,Apparel,32,22.27,712.61,0
2023-01-14,North,Electronics,48,19.16,919.62,0
2023-01-14,North,Home & Garden,26,23.5,610.93,0
2023-01-14,South,Apparel,33,18.7,617.25,0
2023-01-14,South,Electronics,34,21.55,732.69,0
2023-01-14,South,Home & Garden,25,19.16,478.93,0
2023-01-14,West,Apparel,30,23.84,715.08,0
2023-01-14,West,Electronics,37,21.91,810.85,0
2023-01-14,West,Home & Garden,29,18.56,538.36,0
2023-01-15,North,Apparel,34,21.85,742.96,0
2023-01-15,North,Electronics,47,18.97,891.39,0
2023-01-15,North,Home & Garden,26,23.05,599.28,0
2023-01-15,South,Apparel,32,18.38,588.1,0
2023-01-15,South,Electronics,36,21.41,770.65,0
2023-01-15,South,Home & Garden,26,18.83,489.7,0
2023-01-15,West,Apparel,28,24.51,686.35,0
2023-01-15,West,Electronics,38,21.86,830.8,0
2023-01-15,West,Home & Garden,28,18.6,520.7,0
2023-01-16,North,Apparel,29,21.66,628.06,0
2023-01-16,North,Electronics,46,18.81,865.44,0
2023-01-16,North,Home & Garden,20,23.83,476.54,0
2023-01-16,South,Apparel,21,18.24,383.14,0
2023-01-16,South,Electronics,30,21.11,633.25,0
2023-01-16,South,Home & Garden,26,19.25,500.44,0
2023-01-16,West,Apparel,21,23.78,499.4,0
2023-01-16,West,Electronics,36,21.6,777.74,0
2023-01-16,West,Home & Garden,23,18.89,434.51,0
2023-01-17,North,Apparel,30,21.8,653.95,0
2023-01-17,North,Electronics,46,19.21,883.7,0
2023-01-17,North,Home & Garden,32,23.73,759.2,1
2023-01-17,South,Apparel,28,18.59,520.49,0
2023-01-17,South,Electronics,30,21.05,631.52,0
2023-01-17,South,Home & Garden,23,19.0,437.1,0
2023-01-17,West,Apparel,20,24.01,480.12,0
2023-01-17,West,Electronics,32,21.84,698.99,0
2023-01-17,West,Home & Garden,23,18.8,432.43,0
2023-01-18,North,Apparel,42,21.69,911.11,1
2023-01-18,North,Electronics,46,18.96,872.05,0
2023-01-18,North,Home & Garden,20,23.7,473.94,0
2023-01-18,South,Apparel,27,18.45,498.14,0
2023-01-18,South,Electronics,33,21.68,715.58,0
2023-01-18,South,Home & Garden,22,18.9,415.75,0
2023-01-18,West,Apparel,22,23.99,527.8,0
2023-01-18,West,Electronics,41,21.9,898.0,0
2023-01-18,West,Home & Garden,21,19.2,403.24,0
2023-01-19,North,Apparel,33,21.82,720.16,0
2023-01-19,North,Electronics,51,18.82,959.96,0
2023-01-19,North,Home & Garden,23,23.1,531.36,0
2023-01-19,South,Apparel,30,18.38,551.45,0
2023-01-19,South,Electronics,32,21.25,680.09,0
2023-01-19,South,Home & Garden,19,18.97,360.46,0
2023-01-19,West,Apparel,20,24.04,480.86,0
2023-01-19,West,Electronics,37,21.66,801.3,0
2023-01-19,West,Home & Garden,26,18.91,491.6,0
2023-01-20,North,Apparel,28,22.22,622.17,0
2023-01-20,North,Electronics,48,18.99,911.5,0
2023-01-20,North,Home & Garden,20,23.88,477.67,0
2023-01-20,South,Apparel,25,18.3,457.58,0
2023-01-20,South,Electronics,31,21.33,661.27,0
2023-01-20,South,Home & Garden,21,18.98,398.66,0
2023-01-20,West,Apparel,23,23.95,550.84,0
2023-01-20,West,Electronics,36,21.92,789.27,0
2023-01-20,West,Home & Garden,24,18.59,446.08,0
2023-01-21,North,Apparel,35,22.24,778.57,0
2023-01-21,North,Electronics,51,19.07,972.57,0
2023-01-21,North,Home & Garden,25,23.34,583.53,0
2023-01-21,South,Apparel,33,18.44,608.43,0
2023-01-21,South,Electronics,37,21.37,790.76,0
2023-01-21,South,Home & Garden,24,19.02,456.44,0
2023-01-21,West,Apparel,32,24.29,777.36,0
2023-01-21,West,Electronics,40,21.74,869.47,0
2023-01-21,West,Home & Garden,28,18.55,519.43,0
2023-01-22,North,Apparel,39,22.05,859.99,0
2023-01-22,North,Electronics,52,19.03,989.36,0
2023-01-22,North,Home & Garden,25,23.62,590.55,0
2023-01-22,South,Apparel,34,18.75,637.35,0
2023-01-22,South,Electronics,34,21.44,728.87,0
2023-01-22,South,Home & Garden,27,19.07,514.97,0
2023-01-22,West,Apparel,26,23.76,617.69,0
2023-01-22,West,Electronics,57,22.02,1255.16,1
2023-01-22,West,Home & Garden,26,18.63,484.39,0
2023-01-23,North,Apparel,28,22.32,625.07,0
2023-01-23,North,Electronics,45,18.94,852.47,0
2023-01-23,North,Home & Garden,22,23.63,519.79,0
2023-01-23,South,Apparel,30,18.59,557.74,0
2023-01-23,South,Electronics,33,21.06,694.9,0
2023-01-23,South,Home & Garden,21,19.16,402.43,0
2023-01-23,West,Apparel,23,24.19,556.45,0
2023-01-23,West,Electronics,36,21.65,779.51,0
2023-01-23,West,Home & Garden,26,18.88,490.8,0
2023-01-24,North,Apparel,40,21.7,868.15,1
2023-01-24,North,Electronics,50,19.06,952.88,0
2023-01-24,North,Home & Garden,18,23.62,425.2,0
2023-01-24,South,Apparel,41,18.59,762.28,1
2023-01-24,South,Electronics,31,21.57,668.81,0
2023-01-24,South,Home & Garden,19,18.92,359.52,0
2023-01-24,West,Apparel,26,23.8,618.75,0
2023-01-24,West,Electronics,35,21.7,759.53,0
2023-01-24,West,Home & Garden,25,19.01,475.3,0
2023-01-25,North,Apparel,28,22.01,616.22,0
2023-01-25,North,Electronics,48,18.86,905.17,0
2023-01-25,North,Home & Garden,23,22.93,527.48,0
2023-01-25,South,Apparel,26,18.6,483.54,0
2023-01-25,South,Electronics,34,21.32,724.72,0
2023-01-25,South,Home & Garden,21,19.2,403.1,0
2023-01-25,West,Apparel,25,23.95,598.67,0
2023-01-25,West,Electronics,37,22.08,817.05,0
2023-01-25,West,Home & Garden,24,18.53,444.79,0
2023-01-26,North,Apparel,30,22.01,660.16,0
2023-01-26,North,Electronics,50,18.83,941.26,0
2023-01-26,North,Home & Garden,22,23.17,509.67,0
2023-01-26,South,Apparel,30,18.87,565.99,0
2023-01-26,South,Electronics,53,21.55,1142.23,1
2023-01-26,South,Home & Garden,19,19.58,371.95,0
2023-01-26,West,Apparel,23,24.58,565.25,0
2023-01-26,West,Electronics,37,21.88,809.61,0
2023-01-26,West,Home & Garden,21,19.11,401.36,0
2023-01-27,North,Apparel,29,21.68,628.59,0
2023-01-27,North,Electronics,46,18.81,865.42,0
2023-01-27,North,Home & Garden,22,23.87,525.11,0
2023-01-27,South,Apparel,27,18.66,503.88,0
2023-01-27,South,Electronics,30,21.04,631.29,0
2023-01-27,South,Home & Garden,31,19.38,600.88,1
2023-01-27,West,Apparel,23,24.69,567.89,0
2023-01-27,West,Electronics,35,21.66,758.03,0
2023-01-27,West,Home & Garden,27,18.74,505.98,0
2023-01-28,North,Apparel,38,21.7,824.66,0
2023-01-28,North,Electronics,48,18.88,906.34,0
2023-01-28,North,Home & Garden,27,23.13,624.58,0
2023-01-28,South,Apparel,35,18.45,645.9,0
2023-01-28,South,Electronics,37,21.14,782.14,0
2023-01-28,South,Home & Garden,24,19.36,464.54,0
2023-01-28,West,Apparel,27,24.08,650.1,0
2023-01-28,West,Electronics,42,21.92,920.6,0
2023-01-28,West,Home & Garden,28,18.81,526.79,0
2023-01-29,North,Apparel,36,21.99,791.72,0
2023-01-29,North,Electronics,53,19.16,1015.72,0
2023-01-29,North,Home & Garden,27,23.06,622.7,0
2023-01-29,South,Apparel,36,18.64,671.11,0
2023-01-29,South,Electronics,38,21.52,817.7,0
2023-01-29,South,Home & Garden,26,19.12,497.07,0
2023-01-29,West,Apparel,28,24.58,688.27,0
2023-01-29,West,Electronics,40,21.81,872.26,0
2023-01-29,West,Home & Garden,27,19.18,517.73,0
2023-01-30,North,Apparel,29,21.78,631.51,0
2023-01-30,North,Electronics,49,19.15,938.55,0
2023-01-30,North,Home & Garden,19,23.72,450.62,0
2023-01-30,South,Apparel,32,18.31,586.03,0
2023-01-30,South,Electronics,33,21.28,702.3,0
2023-01-30,South,Home & Garden,31,19.07,591.08,1
2023-01-30,West,Apparel,24,24.64,591.41,0
2023-01-30,West,Electronics,38,21.95,834.25,0
2023-01-30,West,Home & Garden,24,18.8,451.22,0
2023-01-31,North,Apparel,32,22.05,705.7,0
2023-01-31,North,Electronics,46,19.21,883.77,0
2023-01-31,North,Home & Garden,21,23.13,485.74,0
2023-01-31,South,Apparel,29,18.65,540.73,0
2023-01-31,South,Electronics,48,21.26,1020.37,1
2023-01-31,South,Home & Garden,21,19.4,407.35,0
2023-01-31,West,Apparel,26,24.18,628.62,0
2023-01-31,West,Electronics,40,21.66,866.43,0
2023-01-31,West,Home & Garden,25,18.71,467.8,0
2023-02-01,North,Apparel,31,22.02,682.48,0
2023-02-01,North,Electronics,47,18.89,888.02,0
2023-02-01,North,Home & Garden,23,23.33,536.56,0
2023-02-01,South,Apparel,34,18.59,631.98,0
2023-02-01,South,Electronics,35,21.27,744.55,0
2023-02-01,South,Home & Garden,21,18.91,397.12,0
2023-02-01,West,Apparel,23,24.45,562.4,0
2023-02-01,West,Electronics,37,21.82,807.21,0
2023-02-01,West,Home & Garden,24,18.77,450.54,0
2023-02-02,North,Apparel,33,21.72,716.67,0
2023-02-02,North,Electronics,52,18.86,980.64,0
2023-02-02,North,Home & Garden,23,23.22,533.97,0
2023-02-02,South,Apparel,28,18.84,527.46,0
2023-02-02,South,Electronics,36,21.47,772.9,0
2023-02-02,South,Home & Garden,22,19.07,419.53,0
2023-02-02,West,Apparel,24,24.27,582.45,0
2023-02-02,West,Electronics,38,21.66,822.96,0
2023-02-02,West,Home & Garden,18,18.87,339.69,0
2023-02-03,North,Apparel,29,21.93,635.97,0
2023-02-03,North,Electronics,46,19.12,879.36,0
2023-02-03,North,Home & Garden,21,23.88,501.44,0
2023-02-03,South,Apparel,29,18.81,545.38,0
2023-02-03,South,Electronics,36,21.39,770.16,0
2023-02-03,South,Home & Garden,23,19.06,438.46,0
2023-02-03,West,Apparel,23,24.13,554.97,0
2023-02-03,West,Electronics,39,21.73,847.65,0
2023-02-03,West,Home & Garden,25,18.75,468.8,0
2023-02-04,North,Apparel,37,22.16,820.0,0
2023-02-04,North,Electronics,56,19.1,1069.73,0
2023-02-04,North,Home & Garden,28,23.11,647.03,0
2023-02-04,South,Apparel,34,18.57,631.54,0
2023-02-04,South,Electronics,38,21.29,808.84,0
2023-02-04,South,Home & Garden,24,19.46,466.98,0
2023-02-04,West,Apparel,30,24.16,724.88,0
2023-02-04,West,Electronics,38,22.13,841.13,0
2023-02-04,West,Home & Garden,31,18.85,584.22,0
2023-02-05,North,Apparel,38,22.09,839.61,0
2023-02-05,North,Electronics,50,19.17,958.25,0
2023-02-05,North,Home & Garden,26,23.63,614.41,0
2023-02-05,South,Apparel,36,18.66,671.87,0
2023-02-05,South,Electronics,37,21.6,799.1,0
2023-02-05,South,Home & Garden,27,19.13,516.55,0
2023-02-05,West,Apparel,31,24.2,750.2,0
2023-02-05,West,Electronics,40,21.97,878.76,0
2023-02-05,West,Home & Garden,28,18.67,522.63,0
2023-02-06,North,Apparel,42,21.94,921.64,1
2023-02-06,North,Electronics,51,19.03,970.52,0
2023-02-06,North,Home & Garden,33,23.24,767.03,1
2023-02-06,South,Apparel,30,18.45,553.57,0
2023-02-06,South,Electronics,33,21.11,696.6,0
2023-02-06,South,Home & Garden,24,19.39,465.27,0
2023-02-06,West,Apparel,26,24.12,627.06,0
2023-02-06,West,Electronics,38,21.7,824.6,0
2023-02-06,West,Home & Garden,28,18.58,520.35,0
2023-02-07,North,Apparel,29,22.25,645.32,0
2023-02-07,North,Electronics,49,18.98,930.06,0
2023-02-07,North,Home & Garden,25,23.21,580.17,0
2023-02-07,South,Apparel,32,18.32,586.27,0
2023-02-07,South,Electronics,36,21.62,778.38,0
2023-02-07,South,Home & Garden,23,19.17,440.98,0
2023-02-07,West,Apparel,23,24.27,558.13,0
2023-02-07,West,Electronics,36,21.63,778.58,0
2023-02-07,West,Home & Garden,26,19.17,498.29,0
2023-02-08,North,Apparel,32,21.8,697.59,0
2023-02-08,North,Electronics,51,19.12,975.08,0
2023-02-08,North,Home & Garden,24,22.91,549.83,0
2023-02-08,South,Apparel,30,18.83,565.03,0
2023-02-08,South,Electronics,36,21.62,778.32,0
2023-02-08,South,Home & Garden,22,19.3,424.7,0
2023-02-08,West,Apparel,25,24.56,613.93,0
2023-02-08,West,Electronics,42,22.11,928.59,0
2023-02-08,West,Home & Garden,26,18.69,486.05,0
2023-02-09,North,Apparel,34,22.12,752.01,0
2023-02-09,North,Electronics,49,18.91,926.59,0
2023-02-09,North,Home & Garden,24,23.41,561.83,0
2023-02-09,South,Apparel,28,18.89,528.99,0
2023-02-09,South,Electronics,50,21.53,1076.35,1
2023-02-09,South,Home & Garden,23,19.43,446.87,0
2023-02-09,West,Apparel,24,24.34,584.11,0
2023-02-09,West,Electronics,35,21.82,763.69,0
2023-02-09,West,Home & Garden,23,18.96,436.15,0
2023-02-10,North,Apparel,34,22.11,751.6,0
2023-02-10,North,Electronics,50,18.94,946.92,0
2023-02-10,North,Home & Garden,22,23.79,523.42,0
2023-02-10,South,Apparel,30,18.77,563.22,0
2023-02-10,South,Electronics,36,21.2,763.21,0
2023-02-10,South,Home & Garden,23,19.22,442.13,0
2023-02-10,West,Apparel,27,24.25,654.84,0
2023-02-10,West,Electronics,35,22.04,771.37,0
2023-02-10,West,Home & Garden,26,18.59,483.42,0
2023-02-11,North,Apparel,37,21.98,813.14,0
2023-02-11,North,Electronics,54,18.88,1019.3,0
2023-02-11,North,Home & Garden,29,23.04,668.3,0
2023-02-11,South,Apparel,35,18.54,648.98,0
2023-02-11,South,Electronics,39,21.5,838.69,0
2023-02-11,South,Home & Garden,28,19.45,544.52,0
2023-02-11,West,Apparel,30,24.37,731.18,0
2023-02-11,West,Electronics,43,22.13,951.71,0
2023-02-11,West,Home & Garden,31,18.65,578.14,0
2023-02-12,North,Apparel,36,21.74,782.72,0
2023-02-12,North,Electronics,68,19.0,1292.27,1
2023-02-12,North,Home & Garden,28,23.11,647.09,0
2023-02-12,South,Apparel,38,18.44,700.8,0
2023-02-12,South,Electronics,57,21.29,1213.77,1
2023-02-12,South,Home & Garden,23,19.53,449.17,0
2023-02-12,West,Apparel,28,24.29,680.13,0
2023-02-12,West,Electronics,42,22.08,927.5,0
2023-02-12,West,Home & Garden,30,18.83,564.92,0
2023-02-13,North,Apparel,32,21.89,700.61,0
2023-02-13,North,Electronics,52,19.18,997.33,0
2023-02-13,North,Home & Garden,23,23.55,541.56,0
2023-02-13,South,Apparel,29,18.6,539.43,0
2023-02-13,South,Electronics,35,21.46,751.06,0
2023-02-13,South,Home & Garden,20,18.88,377.53,0
2023-02-13,West,Apparel,25,24.62,615.43,0
2023-02-13,West,Electronics,36,22.0,792.09,0
2023-02-13,West,Home & Garden,27,18.93,511.08,0
2023-02-14,North,Apparel,32,21.97,702.97,0
2023-02-14,North,Electronics,50,18.88,944.22,0
2023-02-14,North,Home & Garden,22,23.26,511.65,0
2023-02-14,South,Apparel,27,18.85,508.9,0
2023-02-14,South,Electronics,54,21.47,1159.34,1
2023-02-14,South,Home & Garden,36,19.27,693.59,1
2023-02-14,West,Apparel,38,23.95,909.98,1
2023-02-14,West,Electronics,40,21.71,868.47,0
2023-02-14,West,Home & Garden,25,18.78,469.39,0
2023-02-15,North,Apparel,34,21.87,743.47,0
2023-02-15,North,Electronics,51,18.83,960.38,0
2023-02-15,North,Home & Garden,23,23.47,539.79,0
2023-02-15,South,Apparel,28,18.67,522.66,0
2023-02-15,South,Electronics,34,21.68,737.06,0
2023-02-15,South,Home & Garden,20,19.15,383.06,0
2023-02-15,West,Apparel,26,24.64,640.72,0
2023-02-15,West,Electronics,42,21.67,910.11,0
2023-02-15,West,Home & Garden,25,18.99,474.65,0
2023-02-16,North,Apparel,33,21.98,725.35,0
2023-02-16,North,Electronics,49,18.97,929.31,0
2023-02-16,North,Home & Garden,22,23.66,520.45,0
2023-02-16,South,Apparel,28,18.71,523.95,0
2023-02-16,South,Electronics,34,21.09,716.98,0
2023-02-16,South,Home & Garden,24,18.82,451.75,0
2023-02-16,West,Apparel,25,24.56,613.92,0
2023-02-16,West,Electronics,39,21.68,845.65,0
2023-02-16,West,Home & Garden,25,18.52,463.01,0
2023-02-17,North,Apparel,32,21.98,703.4,0
2023-02-17,North,Electronics,45,19.16,862.18,0
2023-02-17,North,Home & Garden,25,23.54,588.45,0
2023-02-17,South,Apparel,30,18.43,552.94,0
2023-02-17,South,Electronics,36,21.19,762.69,0
2023-02-17,South,Home & Garden,22,19.42,427.35,0
2023-02-17,West,Apparel,25,24.58,614.44,0
2023-02-17,West,Electronics,44,21.98,966.93,0
2023-02-17,West,Home & Garden,25,18.91,472.73,0
2023-02-18,North,Apparel,41,21.99,901.71,0
2023-02-18,North,Electronics,54,19.12,1032.34,0
2023-02-18,North,Home & Garden,37,23.27,861.0,1
2023-02-18,South,Apparel,36,18.43,663.32,0
2023-02-18,South,Electronics,38,21.49,816.58,0
2023-02-18,South,Home & Garden,26,19.11,496.8,0
2023-02-18,West,Apparel,30,24.06,721.84,0
2023-02-18,West,Electronics,38,21.98,835.41,0
2023-02-18,West,Home & Garden,31,18.56,575.49,0
2023-02-19,North,Apparel,40,21.68,867.22,0
2023-02-19,North,Electronics,61,18.9,1152.99,0
2023-02-19,North,Home & Garden,29,23.76,688.99,0
2023-02-19,South,Apparel,38,18.41,699.5,0
2023-02-19,South,Electronics,43,21.56,926.94,0
2023-02-19,South,Home & Garden,28,19.5,545.91,0
2023-02-19,West,Apparel,31,24.16,749.08,0
2023-02-19,West,Electronics,43,22.03,947.24,0
2023-02-19,West,Home & Garden,31,18.6,576.46,0
2023-02-20,North,Apparel,35,21.8,763.11,0
2023-02-20,North,Electronics,54,18.95,1023.25,0
2023-02-20,North,Home & Garden,28,23.45,656.52,0
2023-02-20,South,Apparel,31,18.32,567.91,0
2023-02-20,South,Electronics,38,21.41,813.43,0
2023-02-20,South,Home & Garden,24,18.86,452.74,0
2023-02-20,West,Apparel,25,24.57,614.2,0
2023-02-20,West,Electronics,42,21.7,911.57,0
2023-02-20,West,Home & Garden,26,18.74,487.14,0
2023-02-21,North,Apparel,31,21.96,680.82,0
2023-02-21,North,Electronics,52,19.05,990.62,0
2023-02-21,North,Home & Garden,24,23.17,556.01,0
2023-02-21,South,Apparel,51,18.63,950.19,1
2023-02-21,South,Electronics,38,21.57,819.57,0
2023-02-21,South,Home & Garden,27,19.32,521.61,0
2023-02-21,West,Apparel,29,23.82,690.82,0
2023-02-21,West,Electronics,41,22.01,902.27,0
2023-02-21,West,Home & Garden,28,18.92,529.85,0
2023-02-22,North,Apparel,30,21.9,657.01,0
2023-02-22,North,Electronics,52,18.91,983.23,0
2023-02-22,North,Home & Garden,25,23.83,595.65,0
2023-02-22,South,Apparel,52,18.55,964.66,1
2023-02-22,South,Electronics,37,21.62,799.95,0
2023-02-22,South,Home & Garden,22,19.45,427.95,0
2023-02-22,West,Apparel,36,24.01,864.43,1
2023-02-22,West,Electronics,39,21.95,856.07,0
2023-02-22,West,Home & Garden,29,19.05,552.39,0
2023-02-23,North,Apparel,32,21.9,700.68,0
2023-02-23,North,Electronics,53,18.86,999.67,0
2023-02-23,North,Home & Garden,23,23.31,536.08,0
2023-02-23,South,Apparel,31,18.72,580.4,0
2023-02-23,South,Electronics,36,21.25,765.03,0
2023-02-23,South,Home & Garden,26,19.32,502.3,0
2023-02-23,West,Apparel,27,24.6,664.18,0
2023-02-23,West,Electronics,39,21.93,855.33,0
2023-02-23,West,Home & Garden,24,19.05,457.25,0
2023-02-24,North,Apparel,34,21.86,743.19,0
2023-02-24,North,Electronics,54,19.02,1026.91,0
2023-02-24,North,Home & Garden,25,22.93,573.21,0
2023-02-24,South,Apparel,35,18.47,646.36,0
2023-02-24,South,Electronics,36,21.44,772.01,0
2023-02-24,South,Home & Garden,24,19.43,466.33,0
2023-02-24,West,Apparel,27,24.63,665.14,0
2023-02-24,West,Electronics,41,21.74,891.54,0
2023-02-24,West,Home & Garden,30,18.54,556.22,0
2023-02-25,North,Apparel,41,22.19,909.73,0
2023-02-25,North,Electronics,53,19.11,1012.81,0
2023-02-25,North,Home & Garden,27,23.0,621.1,0
2023-02-25,South,Apparel,37,18.46,682.95,0
2023-02-25,South,Electronics,39,21.51,838.98,0
2023-02-25,South,Home & Garden,27,19.37,522.98,0
2023-02-25,West,Apparel,34,24.25,824.5,0
2023-02-25,West,Electronics,44,22.08,971.44,0
2023-02-25,West,Home & Garden,33,18.8,620.4,0
2023-02-26,North,Apparel,36,22.15,797.27,0
2023-02-26,North,Electronics,59,18.98,1119.76,0
2023-02-26,North,Home & Garden,30,23.18,695.42,0
2023-02-26,South,Apparel,41,18.62,763.62,0
2023-02-26,South,Electronics,40,21.47,858.61,0
2023-02-26,South,Home & Garden,30,19.21,576.22,0
2023-02-26,West,Apparel,34,24.53,833.98,0
2023-02-26,West,Electronics,44,21.93,965.04,0
2023-02-26,West,Home & Garden,30,18.93,567.9,0
2023-02-27,North,Apparel,38,22.08,839.0,0
2023-02-27,North,Electronics,55,19.01,1045.51,0
2023-02-27,North,Home & Garden,25,23.03,575.83,0
2023-02-27,South,Apparel,33,18.58,612.99,0
2023-02-27,South,Electronics,38,21.33,810.55,0
2023-02-27,South,Home & Garden,25,19.21,480.19,0
2023-02-27,West,Apparel,29,24.21,702.0,0
2023-02-27,West,Electronics,42,22.09,927.95,0
2023-02-27,West,Home & Garden,27,18.52,499.99,0
2023-02-28,North,Apparel,36,21.85,786.46,0
2023-02-28,North,Electronics,55,19.08,1049.36,0
2023-02-28,North,Home & Garden,22,23.6,519.12,0
2023-02-28,South,Apparel,32,18.57,594.37,0
2023-02-28,South,Electronics,37,21.51,795.98,0
2023-02-28,South,Home & Garden,24,19.32,463.8,0
2023-02-28,West,Apparel,29,23.86,692.06,0
2023-02-28,West,Electronics,38,22.07,838.54,0
2023-02-28,West,Home & Garden,28,18.71,523.87,0
2023-03-01,North,Apparel,38,22.06,838.42,0
2023-03-01,North,Electronics,55,18.92,1040.52,0
2023-03-01,North,Home & Garden,24,23.74,569.82,0
2023-03-01,South,Apparel,35,18.82,658.75,0
2023-03-01,South,Electronics,37,21.24,785.8,0
2023-03-01,South,Home & Garden,25,18.96,474.03,0
2023-03-01,West,Apparel,26,24.61,639.8,0
2023-03-01,West,Electronics,40,21.93,877.4,0
2023-03-01,West,Home & Garden,24,19.1,458.42,0
2023-03-02,North,Apparel,34,22.15,752.97,0
2023-03-02,North,Electronics,54,18.99,1025.44,0
2023-03-02,North,Home & Garden,28,23.55,659.35,0
2023-03-02,South,Apparel,34,18.8,639.3,0
2023-03-02,South,Electronics,36,21.53,775.09,0
2023-03-02,South,Home & Garden,23,19.39,446.0,0
2023-03-02,West,Apparel,27,23.81,642.82,0
2023-03-02,West,Electronics,39,21.76,848.62,0
2023-03-02,West,Home & Garden,27,19.1,515.74,0
2023-03-03,North,Apparel,37,21.97,812.98,0
2023-03-03,North,Electronics,56,18.9,1058.63,0
2023-03-03,North,Home & Garden,26,23.61,613.76,0
2023-03-03,South,Apparel,31,18.63,577.45,0
2023-03-03,South,Electronics,35,21.2,742.12,0
2023-03-03,South,Home & Garden,23,19.14,440.19,0
2023-03-03,West,Apparel,27,24.28,655.59,0
2023-03-03,West,Electronics,40,21.92,876.84,0
2023-03-03,West,Home & Garden,29,18.61,539.61,0
2023-03-04,North,Apparel,42,21.92,920.68,0
2023-03-04,North,Electronics,59,18.96,1118.78,0
2023-03-04,North,Home & Garden,31,23.2,719.13,0
2023-03-04,South,Apparel,41,18.5,758.51,0
2023-03-04,South,Electronics,43,21.52,925.52,0
2023-03-04,South,Home & Garden,31,18.96,587.88,0
2023-03-04,West,Apparel,35,24.1,843.36,0
2023-03-04,West,Electronics,46,21.81,1003.21,0
2023-03-04,West,Home & Garden,31,18.96,587.61,0
2023-03-05,North,Apparel,44,21.69,954.45,0
2023-03-05,North,Electronics,57,18.95,1080.04,0
2023-03-05,North,Home & Garden,30,23.31,699.44,0
2023-03-05,South,Apparel,41,18.58,761.97,0
2023-03-05,South,Electronics,45,21.56,970.01,0
2023-03-05,South,Home & Garden,29,19.16,555.68,0
2023-03-05,West,Apparel,34,24.12,820.1,0
2023-03-05,West,Electronics,44,21.95,965.71,0
2023-03-05,West,Home & Garden,30,18.81,564.33,0
2023-03-06,North,Apparel,36,22.14,796.88,0
2023-03-06,North,Electronics,53,19.13,1014.0,0
2023-03-06,North,Home & Garden,26,23.14,601.54,0
2023-03-06,South,Apparel,36,18.65,671.26,0
2023-03-06,South,Electronics,41,21.16,867.74,0
2023-03-06,South,Home & Garden,25,18.92,472.94,0
2023-03-06,West,Apparel,30,24.53,735.82,0
2023-03-06,West,Electronics,47,21.73,1021.5,0
2023-03-06,West,Home & Garden,28,19.13,535.55,0
2023-03-07,North,Apparel,38,21.83,829.67,0
2023-03-07,North,Electronics,55,19.06,1048.25,0
2023-03-07,North,Home & Garden,26,23.51,611.29,0
2023-03-07,South,Apparel,35,18.8,657.91,0
2023-03-07,South,Electronics,36,21.11,760.13,0
2023-03-07,South,Home & Garden,25,19.51,487.77,0
2023-03-07,West,Apparel,31,24.04,745.1,0
2023-03-07,West,Electronics,42,21.82,916.24,0
2023-03-07,West,Home & Garden,32,19.01,608.37,0
2023-03-08,North,Apparel,39,22.03,859.35,0
2023-03-08,North,Electronics,59,18.94,1117.25,0
2023-03-08,North,Home & Garden,27,23.04,622.21,0
2023-03-08,South,Apparel,36,18.45,664.31,0
2023-03-08,South,Electronics,40,21.38,855.23,0
2023-03-08,South,Home & Garden,26,18.83,489.51,0
2023-03-08,West,Apparel,28,24.28,679.89,0
2023-03-08,West,Electronics,42,21.75,913.59,0
2023-03-08,West,Home & Garden,27,18.84,508.62,0
2023-03-09,North,Apparel,36,22.05,793.76,0
2023-03-09,North,Electronics,52,19.15,995.66,0
2023-03-09,North,Home & Garden,25,23.12,578.12,0
2023-03-09,South,Apparel,34,18.35,623.93,0
2023-03-09,South,Electronics,41,21.19,868.92,0
2023-03-09,South,Home & Garden,23,18.8,432.45,0
2023-03-09,West,Apparel,29,24.63,714.16,0
2023-03-09,West,Electronics,42,21.88,919.06,0
2023-03-09,West,Home & Garden,27,18.96,512.04,0
2023-03-10,North,Apparel,38,21.95,834.06,0
2023-03-10,North,Electronics,52,19.02,989.28,0
2023-03-10,North,Home & Garden,35,23.25,813.67,1
2023-03-10,South,Apparel,34,18.73,636.77,0
2023-03-10,South,Electronics,38,21.26,807.75,0
2023-03-10,South,Home & Garden,28,18.92,529.76,0
2023-03-10,West,Apparel,41,23.95,981.94,1
2023-03-10,West,Electronics,41,21.68,888.97,0
2023-03-10,West,Home & Garden,37,18.81,696.0,1
2023-03-11,North,Apparel,40,21.84,873.42,0
2023-03-11,North,Electronics,59,19.1,1126.64,0
2023-03-11,North,Home & Garden,32,23.49,751.55,0
2023-03-11,South,Apparel,41,18.5,758.65,0
2023-03-11,South,Electronics,43,21.19,910.96,0
2023-03-11,South,Home & Garden,30,19.37,581.25,0
2023-03-11,West,Apparel,34,24.34,827.7,0
2023-03-11,West,Electronics,45,21.74,978.46,0
2023-03-11,West,Home & Garden,36,19.06,686.06,0
2023-03-12,North,Apparel,45,21.81,981.62,0
2023-03-12,North,Electronics,59,19.08,1125.44,0
2023-03-12,North,Home & Garden,30,23.61,708.31,0
2023-03-12,South,Apparel,38,18.64,708.37,0
2023-03-12,South,Electronics,41,21.26,871.49,0
2023-03-12,South,Home & Garden,30,19.07,572.19,0
2023-03-12,West,Apparel,34,24.22,823.41,0
2023-03-12,West,Electronics,47,22.03,1035.22,0
2023-03-12,West,Home & Garden,31,18.57,575.81,0
2023-03-13,North,Apparel,42,21.82,916.3,0
2023-03-13,North,Electronics,57,18.86,1074.87,0
2023-03-13,North,Home & Garden,26,23.45,609.8,0
2023-03-13,South,Apparel,38,18.62,707.39,0
2023-03-13,South,Electronics,42,21.52,903.9,0
2023-03-13,South,Home & Garden,26,19.49,506.64,0
2023-03-13,West,Apparel,32,24.26,776.19,0
2023-03-13,West,Electronics,43,21.7,933.02,0
2023-03-13,West,Home & Garden,30,19.1,573.12,0
2023-03-14,North,Apparel,36,22.03,792.95,0
2023-03-14,North,Electronics,57,18.98,1081.99,0
2023-03-14,North,Home & Garden,26,23.27,605.06,0
2023-03-14,South,Apparel,33,18.63,614.76,0
2023-03-14,South,Electronics,40,21.37,854.62,0
2023-03-14,South,Home & Garden,26,19.31,502.13,0
2023-03-14,West,Apparel,30,24.5,734.88,0
2023-03-14,West,Electronics,41,21.84,895.61,0
2023-03-14,West,Home & Garden,28,19.01,532.24,0
2023-03-15,North,Apparel,38,22.2,843.69,0
2023-03-15,North,Electronics,56,19.02,1064.91,0
2023-03-15,North,Home & Garden,30,23.18,695.53,0
2023-03-15,South,Apparel,36,18.72,673.88,0
2023-03-15,South,Electronics,37,21.62,800.0,0
2023-03-15,South,Home & Garden,27,19.37,522.99,0
2023-03-15,West,Apparel,30,24.58,737.34,0
2023-03-15,West,Electronics,41,21.78,893.11,0
2023-03-15,West,Home & Garden,29,18.54,537.8,0
2023-03-16,North,Apparel,40,22.18,887.18,0
2023-03-16,North,Electronics,60,19.1,1145.95,0
2023-03-16,North,Home & Garden,33,23.62,779.44,1
2023-03-16,South,Apparel,35,18.67,653.51,0
2023-03-16,South,Electronics,41,21.33,874.5,0
2023-03-16,South,Home & Garden,27,19.16,517.26,0
2023-03-16,West,Apparel,29,24.44,708.73,0
2023-03-16,West,Electronics,42,21.86,917.92,0
2023-03-16,West,Home & Garden,28,18.52,518.46,0
2023-03-17,North,Apparel,39,22.0,857.85,0
2023-03-17,North,Electronics,53,19.07,1010.82,0
2023-03-17,North,Home & Garden,28,23.67,662.69,0
2023-03-17,South,Apparel,36,18.36,660.84,0
2023-03-17,South,Electronics,42,21.31,895.1,0
2023-03-17,South,Home & Garden,27,19.48,525.86,0
2023-03-17,West,Apparel,32,24.12,771.87,0
2023-03-17,West,Electronics,43,21.98,944.94,0
2023-03-17,West,Home & Garden,29,18.88,547.65,0
2023-03-18,North,Apparel,45,21.95,987.83,0
2023-03-18,North,Electronics,58,19.13,1109.53,0
2023-03-18,North,Home & Garden,31,23.42,726.13,0
2023-03-18,South,Apparel,44,18.66,821.11,0
2023-03-18,South,Electronics,43,21.38,919.47,0
2023-03-18,South,Home & Garden,33,19.4,640.32,0
2023-03-18,West,Apparel,34,24.37,828.69,0
2023-03-18,West,Electronics,48,22.06,1058.77,0
2023-03-18,West,Home & Garden,33,18.62,614.58,0
2023-03-19,North,Apparel,44,22.05,970.23,0
2023-03-19,North,Electronics,60,19.1,1146.13,0
2023-03-19,North,Home & Garden,31,23.46,727.18,0
2023-03-19,South,Apparel,41,18.69,766.42,0
2023-03-19,South,Electronics,44,21.26,935.23,0
2023-03-19,South,Home & Garden,33,18.98,626.26,0
2023-03-19,West,Apparel,37,24.08,891.12,0
2023-03-19,West,Electronics,43,22.05,948.18,0
2023-03-19,West,Home & Garden,34,18.6,632.5,0
2023-03-20,North,Apparel,39,21.88,853.38,0
2023-03-20,North,Electronics,54,18.9,1020.8,0
2023-03-20,North,Home & Garden,27,23.03,621.88,0
2023-03-20,South,Apparel,38,18.41,699.53,0
2023-03-20,South,Electronics,40,21.34,853.62,0
2023-03-20,South,Home & Garden,26,19.31,502.02,0
2023-03-20,West,Apparel,32,24.26,776.25,0
2023-03-20,West,Electronics,59,22.03,1299.92,1
2023-03-20,West,Home & Garden,25,19.11,477.75,0
2023-03-21,North,Apparel,40,21.79,871.68,0
2023-03-21,North,Electronics,57,19.14,1090.8,0
2023-03-21,North,Home & Garden,26,23.75,617.63,0
2023-03-21,South,Apparel,38,18.51,703.54,0
2023-03-21,South,Electronics,38,21.28,808.82,0
2023-03-21,South,Home & Garden,25,18.83,470.64,0
2023-03-21,West,Apparel,31,24.02,744.5,0
2023-03-21,West,Electronics,44,21.86,961.89,0
2023-03-21,West,Home & Garden,27,18.74,505.91,0
2023-03-22,North,Apparel,40,22.04,881.46,0
2023-03-22,North,Electronics,62,18.99,1177.44,0
2023-03-22,North,Home & Garden,29,23.46,680.43,0
2023-03-22,South,Apparel,35,18.79,657.51,0
2023-03-22,South,Electronics,40,21.4,856.14,0
2023-03-22,South,Home & Garden,30,19.02,570.62,0
2023-03-22,West,Apparel,32,24.3,777.74,0
2023-03-22,West,Electronics,40,21.91,876.33,0
2023-03-22,West,Home & Garden,31,18.74,580.95,0
2023-03-23,North,Apparel,38,22.03,837.18,0
2023-03-23,North,Electronics,58,19.1,1107.58,0
2023-03-23,North,Home & Garden,27,23.06,622.72,0
2023-03-23,South,Apparel,39,18.68,728.61,0
2023-03-23,South,Electronics,42,21.18,889.6,0
2023-03-23,South,Home & Garden,26,19.47,506.23,0
2023-03-23,West,Apparel,32,24.27,776.5,0
2023-03-23,West,Electronics,42,22.02,924.78,0
2023-03-23,West,Home & Garden,33,18.66,615.9,0
2023-03-24,North,Apparel,40,22.16,886.43,0
2023-03-24,North,Electronics,59,19.0,1120.98,0
2023-03-24,North,Home & Garden,29,23.33,676.61,0
2023-03-24,South,Apparel,40,18.76,750.49,0
2023-03-24,South,Electronics,40,21.59,863.41,0
2023-03-24,South,Home & Garden,26,19.24,500.29,0
2023-03-24,West,Apparel,32,24.11,771.53,0
2023-03-24,West,Electronics,43,21.75,935.15,0
2023-03-24,West,Home & Garden,36,19.09,687.32,0
2023-03-25,North,Apparel,49,21.97,1076.45,0
2023-03-25,North,Electronics,59,18.95,1117.85,0
2023-03-25,North,Home & Garden,32,23.64,756.53,0
2023-03-25,South,Apparel,48,18.76,900.41,0
2023-03-25,South,Electronics,45,21.52,968.3,0
2023-03-25,South,Home & Garden,29,18.91,548.36,0
2023-03-25,West,Apparel,37,24.26,897.65,0
2023-03-25,West,Electronics,66,21.78,1437.27,1
2023-03-25,West,Home & Garden,37,18.9,699.19,0
2023-03-26,North,Apparel,46,21.77,1001.57,0
2023-03-26,North,Electronics,61,18.87,1150.78,0
2023-03-26,North,Home & Garden,33,23.72,782.64,0
2023-03-26,South,Apparel,44,18.47,812.56,0
2023-03-26,South,Electronics,43,21.34,917.71,0
2023-03-26,South,Home & Garden,33,18.89,623.29,0
2023-03-26,West,Apparel,37,24.42,903.63,0
2023-03-26,West,Electronics,48,21.69,1041.26,0
2023-03-26,West,Home & Garden,35,18.61,651.37,0
2023-03-27,North,Apparel,39,21.88,853.47,0
2023-03-27,North,Electronics,58,19.06,1105.58,0
2023-03-27,North,Home & Garden,28,23.14,647.88,0
2023-03-27,South,Apparel,38,18.8,714.31,0
2023-03-27,South,Electronics,40,21.59,863.76,0
2023-03-27,South,Home & Garden,41,19.35,793.34,1
2023-03-27,West,Apparel,33,23.95,790.38,0
2023-03-27,West,Electronics,44,22.02,968.83,0
2023-03-27,West,Home & Garden,27,18.98,512.51,0
2023-03-28,North,Apparel,41,21.99,901.52,0
2023-03-28,North,Electronics,59,18.85,1112.11,0
2023-03-28,North,Home & Garden,30,23.67,709.96,0
2023-03-28,South,Apparel,39,18.47,720.36,0
2023-03-28,South,Electronics,43,21.37,918.94,0
2023-03-28,South,Home & Garden,25,18.92,473.0,0
2023-03-28,West,Apparel,33,23.99,791.61,0
2023-03-28,West,Electronics,44,21.69,954.5,0
2023-03-28,West,Home & Garden,32,18.86,603.37,0
2023-03-29,North,Apparel,40,22.09,883.6,0
2023-03-29,North,Electronics,62,19.16,1188.02,0
2023-03-29,North,Home & Garden,29,23.11,670.13,0
2023-03-29,South,Apparel,40,18.51,740.51,0
2023-03-29,South,Electronics,42,21.3,894.6,0
2023-03-29,South,Home & Garden,28,19.44,544.18,0
2023-03-29,West,Apparel,31,24.16,749.05,0
2023-03-29,West,Electronics,46,21.79,1002.17,0
2023-03-29,West,Home & Garden,28,19.15,536.18,0
2023-03-30,North,Apparel,39,22.13,863.24,0
2023-03-30,North,Electronics,61,19.01,1159.37,0
2023-03-30,North,Home & Garden,33,23.29,768.7,0
2023-03-30,South,Apparel,42,18.75,787.42,0
2023-03-30,South,Electronics,41,21.2,869.17,0
2023-03-30,South,Home & Garden,39,19.06,743.16,1
2023-03-30,West,Apparel,33,23.97,791.11,0
2023-03-30,West,Electronics,49,21.71,1063.86,0
2023-03-30,West,Home & Garden,30,18.71,561.3,0
2023-03-31,North,Apparel,42,22.07,926.93,0
2023-03-31,North,Electronics,57,19.09,1088.18,0
2023-03-31,North,Home & Garden,27,23.13,624.4,0
2023-03-31,South,Apparel,40,18.51,740.54,0
2023-03-31,South,Electronics,44,21.3,937.28,0
2023-03-31,South,Home & Garden,33,19.0,627.03,0
2023-03-31,West,Apparel,34,23.88,811.78,0
2023-03-31,West,Electronics,49,21.7,1063.5,0
2023-03-31,West,Home & Garden,33,18.88,623.09,0
2023-04-01,North,Apparel,46,22.12,1017.52,0
2023-04-01,North,Electronics,64,18.96,1213.19,0
2023-04-01,North,Home & Garden,37,23.21,858.8,0
2023-04-01,South,Apparel,47,18.41,865.21,0
2023-04-01,South,Electronics,58,21.46,1244.85,1
2023-04-01,South,Home & Garden,32,18.91,605.21,0
2023-04-01,West,Apparel,38,24.45,929.05,0
2023-04-01,West,Electronics,44,21.97,966.61,0
2023-04-01,West,Home & Garden,37,18.78,694.9,0
2023-04-02,North,Apparel,47,21.82,1025.5,0
2023-04-02,North,Electronics,87,18.91,1645.45,1
2023-04-02,North,Home & Garden,33,23.4,772.26,0
2023-04-02,South,Apparel,43,18.71,804.42,0
2023-04-02,South,Electronics,43,21.49,924.15,0
2023-04-02,South,Home & Garden,32,19.13,612.17,0
2023-04-02,West,Apparel,40,24.18,967.27,0
2023-04-02,West,Electronics,66,21.81,1439.57,1
2023-04-02,West,Home & Garden,35,18.7,654.6,0
2023-04-03,North,Apparel,58,22.03,1277.97,1
2023-04-03,North,Electronics,63,19.07,1201.19,0
2023-04-03,North,Home & Garden,30,23.25,697.36,0
2023-04-03,South,Apparel,44,18.49,813.71,0
2023-04-03,South,Electronics,36,21.46,772.58,0
2023-04-03,South,Home & Garden,27,18.85,509.04,0
2023-04-03,West,Apparel,35,23.94,837.88,0
2023-04-03,West,Electronics,45,22.04,991.88,0
2023-04-03,West,Home & Garden,29,18.62,539.9,0
2023-04-04,North,Apparel,40,21.96,878.23,0
2023-04-04,North,Electronics,64,19.14,1224.87,0
2023-04-04,North,Home & Garden,29,23.15,671.28,0
2023-04-04,South,Apparel,39,18.37,716.29,0
2023-04-04,South,Electronics,41,21.41,878.01,0
2023-04-04,South,Home & Garden,31,18.92,586.63,0
2023-04-04,West,Apparel,32,24.44,782.19,0
2023-04-04,West,Electronics,46,21.96,1010.24,0
2023-04-04,West,Home & Garden,32,19.05,609.54,0
2023-04-05,North,Apparel,40,21.86,874.4,0
2023-04-05,North,Electronics,58,19.17,1111.93,0
2023-04-05,North,Home & Garden,27,23.72,640.38,0
2023-04-05,South,Apparel,34,18.6,632.45,0
2023-04-05,South,Electronics,45,21.44,964.84,0
2023-04-05,South,Home & Garden,28,18.97,531.09,0
2023-04-05,West,Apparel,34,23.95,814.26,0
2023-04-05,West,Electronics,45,21.97,988.69,0
2023-04-05,West,Home & Garden,33,18.68,616.35,0
2023-04-06,North,Apparel,44,22.17,975.39,0
2023-04-06,North,Electronics,59,19.07,1124.96,0
2023-04-06,North,Home & Garden,29,23.44,679.64,0
2023-04-06,South,Apparel,35,18.61,651.32,0
2023-04-06,South,Electronics,38,21.47,815.7,0
2023-04-06,South,Home & Garden,27,19.3,520.99,0
2023-04-06,West,Apparel,34,23.89,812.38,0
2023-04-06,West,Electronics,46,22.07,1015.24,0
2023-04-06,West,Home & Garden,50,18.91,945.26,1
2023-04-07,North,Apparel,40,21.89,875.79,0
2023-04-07,North,Electronics,58,19.12,1108.68,0
2023-04-07,North,Home & Garden,29,23.73,688.17,0
2023-04-07,South,Apparel,41,18.51,758.85,0
2023-04-07,South,Electronics,41,21.2,869.11,0
2023-04-07,South,Home & Garden,30,19.11,573.33,0
2023-04-07,West,Apparel,34,24.37,828.54,0
2023-04-07,West,Electronics,47,21.7,1020.09,0
2023-04-07,West,Home & Garden,28,18.65,522.31,0
2023-04-08,North,Apparel,47,22.09,1038.4,0
2023-04-08,North,Electronics,64,19.04,1218.54,0
2023-04-08,North,Home & Garden,34,23.53,800.19,0
2023-04-08,South,Apparel,44,18.6,818.4,0
2023-04-08,South,Electronics,47,21.16,994.69,0
2023-04-08,South,Home & Garden,31,19.11,592.48,0
2023-04-08,West,Apparel,39,24.42,952.46,0
2023-04-08,West,Electronics,48,21.89,1050.53,0
2023-04-08,West,Home & Garden,37,19.08,706.13,0
2023-04-09,North,Apparel,46,21.95,1009.9,0
2023-04-09,North,Electronics,66,19.0,1253.85,0
2023-04-09,North,Home & Garden,36,23.22,835.83,0
2023-04-09,South,Apparel,47,18.62,874.94,0
2023-04-09,South,Electronics,41,21.39,876.87,0
2023-04-09,South,Home & Garden,35,19.0,664.86,0
2023-04-09,West,Apparel,40,24.52,980.89,0
2023-04-09,West,Electronics,47,22.12,1039.54,0
2023-04-09,West,Home & Garden,39,18.88,736.51,0
2023-04-10,North,Apparel,43,22.02,946.85,0
2023-04-10,North,Electronics,64,19.08,1221.06,0
2023-04-10,North,Home & Garden,31,23.1,716.06,0
2023-04-10,South,Apparel,38,18.33,696.44,0
2023-04-10,South,Electronics,42,21.38,897.86,0
2023-04-10,South,Home & Garden,32,19.3,617.52,0
2023-04-10,West,Apparel,35,24.21,847.35,0
2023-04-10,West,Electronics,46,21.8,1002.96,0
2023-04-10,West,Home & Garden,32,18.82,602.14,0
2023-04-11,North,Apparel,45,21.95,987.79,0
2023-04-11,North,Electronics,62,18.98,1176.96,0
2023-04-11,North,Home & Garden,31,23.21,719.44,0
2023-04-11,South,Apparel,42,18.38,771.85,0
2023-04-11,South,Electronics,46,21.2,975.11,0
2023-04-11,South,Home & Garden,30,19.24,577.17,0
2023-04-11,West,Apparel,37,24.14,893.28,0
2023-04-11,West,Electronics,47,22.06,1036.95,0
2023-04-11,West,Home & Garden,30,18.78,563.38,0
2023-04-12,North,Apparel,45,21.77,979.51,0
2023-04-12,North,Electronics,62,18.87,1169.7,0
2023-04-12,North,Home & Garden,31,23.5,728.36,0
2023-04-12,South,Apparel,42,18.71,785.63,0
2023-04-12,South,Electronics,48,21.22,1018.62,0
2023-04-12,South,Home & Garden,30,19.39,581.82,0
2023-04-12,West,Apparel,35,24.5,857.48,0
2023-04-12,West,Electronics,48,22.01,1056.61,0
2023-04-12,West,Home & Garden,31,19.01,589.29,0
2023-04-13,North,Apparel,49,21.94,1075.01,0
2023-04-13,North,Electronics,63,18.96,1194.63,0
2023-04-13,North,Home & Garden,28,23.44,656.23,0
2023-04-13,South,Apparel,42,18.42,773.47,0
2023-04-13,South,Electronics,44,21.42,942.64,0
2023-04-13,South,Home & Garden,31,19.1,592.09,0
2023-04-13,West,Apparel,34,24.07,818.37,0
2023-04-13,West,Electronics,49,21.86,1071.27,0
2023-04-13,West,Home & Garden,33,18.95,625.35,0
2023-04-14,North,Apparel,47,21.85,1027.1,0
2023-04-14,North,Electronics,61,18.92,1153.9,0
2023-04-14,North,Home & Garden,37,23.45,867.76,1
2023-04-14,South,Apparel,40,18.55,741.94,0
2023-04-14,South,Electronics,42,21.21,890.77,0
2023-04-14,South,Home & Garden,33,18.9,623.61,0
2023-04-14,West,Apparel,35,23.9,836.64,0
2023-04-14,West,Electronics,46,22.04,1013.83,0
2023-04-14,West,Home & Garden,32,19.04,609.36,0
2023-04-15,North,Apparel,61,22.05,1345.28,1
2023-04-15,North,Electronics,71,19.0,1349.16,0
2023-04-15,North,Home & Garden,33,23.05,760.68,0
2023-04-15,South,Apparel,50,18.57,928.27,0
2023-04-15,South,Electronics,45,21.16,952.11,0
2023-04-15,South,Home & Garden,36,19.4,698.23,0
2023-04-15,West,Apparel,41,24.47,1003.18,0
2023-04-15,West,Electronics,51,21.8,1112.02,0
2023-04-15,West,Home & Garden,39,18.7,729.39,0
2023-04-16,North,Apparel,49,21.72,1064.24,0
2023-04-16,North,Electronics,83,18.93,1571.6,1
2023-04-16,North,Home & Garden,34,23.61,802.69,0
2023-04-16,South,Apparel,47,18.73,880.47,0
2023-04-16,South,Electronics,47,21.38,1004.68,0
2023-04-16,South,Home & Garden,35,19.24,673.37,0
2023-04-16,West,Apparel,38,24.16,918.14,0
2023-04-16,West,Electronics,52,22.03,1145.71,0
2023-04-16,West,Home & Garden,41,18.68,765.87,0
2023-04-17,North,Apparel,50,22.09,1104.58,0
2023-04-17,North,Electronics,64,18.92,1210.67,0
2023-04-17,North,Home & Garden,28,23.68,662.9,0
2023-04-17,South,Apparel,42,18.39,772.19,0
2023-04-17,South,Electronics,45,21.19,953.62,0
2023-04-17,South,Home & Garden,31,19.41,601.7,0
2023-04-17,West,Apparel,34,23.9,812.53,0
2023-04-17,West,Electronics,61,22.06,1345.52,1
2023-04-17,West,Home & Garden,33,18.77,619.43,0
2023-04-18,North,Apparel,48,21.73,1042.98,0
2023-04-18,North,Electronics,68,19.07,1297.0,0
2023-04-18,North,Home & Garden,30,23.56,706.91,0
2023-04-18,South,Apparel,41,18.6,762.6,0
2023-04-18,South,Electronics,48,21.4,1027.38,0
2023-04-18,South,Home & Garden,28,19.33,541.12,0
2023-04-18,West,Apparel,36,24.18,870.41,0
2023-04-18,West,Electronics,48,21.79,1045.99,0
2023-04-18,West,Home & Garden,46,18.79,864.37,1
2023-04-19,North,Apparel,47,21.88,1028.18,0
2023-04-19,North,Electronics,64,18.9,1209.79,0
2023-04-19,North,Home & Garden,29,23.65,685.78,0
2023-04-19,South,Apparel,42,18.46,775.5,0
2023-04-19,South,Electronics,46,21.53,990.24,0
2023-04-19,South,Home & Garden,31,19.4,601.35,0
2023-04-19,West,Apparel,38,23.99,911.61,0
2023-04-19,West,Electronics,48,21.7,1041.78,0
2023-04-19,West,Home & Garden,34,18.64,633.92,0
2023-04-20,North,Apparel,46,21.99,1011.69,0
2023-04-20,North,Electronics,63,19.12,1204.44,0
2023-04-20,North,Home & Garden,32,23.54,753.33,0
2023-04-20,South,Apparel,47,18.39,864.27,0
2023-04-20,South,Electronics,45,21.18,953.09,0
2023-04-20,South,Home & Garden,28,19.32,541.01,0
2023-04-20,West,Apparel,38,24.46,929.41,0
2023-04-20,West,Electronics,49,21.7,1063.38,0
2023-04-20,West,Home & Garden,35,18.63,652.09,0
2023-04-21,North,Apparel,47,21.78,1023.7,0
2023-04-21,North,Electronics,63,19.05,1200.4,0
2023-04-21,North,Home & Garden,32,23.57,754.15,0
2023-04-21,South,Apparel,43,18.43,792.39,0
2023-04-21,South,Electronics,44,21.29,936.95,0
2023-04-21,South,Home & Garden,29,19.5,565.37,0
2023-04-21,West,Apparel,47,24.12,1133.8,1
2023-04-21,West,Electronics,46,21.87,1006.07,0
2023-04-21,West,Home & Garden,34,18.78,638.37,0
2023-04-22,North,Apparel,49,21.99,1077.49,0
2023-04-22,North,Electronics,67,18.98,1271.82,0
2023-04-22,North,Home & Garden,35,23.45,820.86,0
2023-04-22,South,Apparel,47,18.4,864.95,0
2023-04-22,South,Electronics,54,21.3,1150.4,0
2023-04-22,South,Home & Garden,29,19.39,562.32,0
2023-04-22,West,Apparel,43,24.34,1046.58,0
2023-04-22,West,Electronics,51,21.81,1112.1,0
2023-04-22,West,Home & Garden,40,18.69,747.45,0
2023-04-23,North,Apparel,52,22.06,1147.03,0
2023-04-23,North,Electronics,71,18.95,1345.14,0
2023-04-23,North,Home & Garden,33,23.25,767.4,0
2023-04-23,South,Apparel,47,18.73,880.48,0
2023-04-23,South,Electronics,49,21.34,1045.61,0
2023-04-23,South,Home & Garden,36,19.06,686.23,0
2023-04-23,West,Apparel,42,24.06,1010.5,0
2023-04-23,West,Electronics,53,21.84,1157.3,0
2023-04-23,West,Home & Garden,40,18.89,755.73,0
2023-04-24,North,Apparel,47,21.86,1027.54,0
2023-04-24,North,Electronics,59,19.11,1127.22,0
2023-04-24,North,Home & Garden,32,23.07,738.1,0
2023-04-24,South,Apparel,43,18.39,790.88,0
2023-04-24,South,Electronics,44,21.14,929.97,0
2023-04-24,South,Home & Garden,29,19.37,561.6,0
2023-04-24,West,Apparel,34,24.41,829.78,0
2023-04-24,West,Electronics,50,21.91,1095.63,0
2023-04-24,West,Home & Garden,36,18.65,671.5,0
2023-04-25,North,Apparel,45,22.05,992.42,0
2023-04-25,North,Electronics,68,19.1,1299.11,0
2023-04-25,North,Home & Garden,33,23.04,760.37,0
2023-04-25,South,Apparel,42,18.41,773.2,0
2023-04-25,South,Electronics,45,21.17,952.58,0
2023-04-25,South,Home & Garden,33,18.94,624.96,0
2023-04-25,West,Apparel,37,24.16,894.1,0
2023-04-25,West,Electronics,48,22.03,1057.49,0
2023-04-25,West,Home & Garden,35,18.61,651.3,0
2023-04-26,North,Apparel,46,21.98,1010.9,0
2023-04-26,North,Electronics,62,18.86,1169.35,0
2023-04-26,North,Home & Garden,33,23.63,779.68,0
2023-04-26,South,Apparel,46,18.39,845.98,0
2023-04-26,South,Electronics,43,21.53,925.8,0
2023-04-26,South,Home & Garden,31,19.41,601.64,0
2023-04-26,West,Apparel,36,24.25,873.02,0
2023-04-26,West,Electronics,49,22.09,1082.34,0
2023-04-26,West,Home & Garden,28,19.17,536.73,0
2023-04-27,North,Apparel,50,21.94,1096.86,0
2023-04-27,North,Electronics,64,19.14,1224.71,0
2023-04-27,North,Home & Garden,35,23.29,815.09,0
2023-04-27,South,Apparel,41,18.4,754.3,0
2023-04-27,South,Electronics,40,21.49,859.66,0
2023-04-27,South,Home & Garden,33,19.07,629.21,0
2023-04-27,West,Apparel,48,24.29,1165.9,1
2023-04-27,West,Electronics,47,22.09,1038.29,0
2023-04-27,West,Home & Garden,36,18.78,676.26,0
2023-04-28,North,Apparel,47,22.02,1035.01,0
2023-04-28,North,Electronics,64,19.07,1220.64,0
2023-04-28,North,Home & Garden,34,23.39,795.26,0
2023-04-28,South,Apparel,44,18.39,809.17,0
2023-04-28,South,Electronics,46,21.4,984.47,0
2023-04-28,South,Home & Garden,29,19.1,553.81,0
2023-04-28,West,Apparel,37,24.41,903.34,0
2023-04-28,West,Electronics,51,21.76,1109.88,0
2023-04-28,West,Home & Garden,31,18.98,588.53,0
2023-04-29,North,Apparel,57,21.87,1246.59,0
2023-04-29,North,Electronics,70,19.0,1329.66,0
2023-04-29,North,Home & Garden,37,23.09,854.23,0
2023-04-29,South,Apparel,64,18.57,1188.59,1
2023-04-29,South,Electronics,52,21.41,1113.13,0
2023-04-29,South,Home & Garden,38,18.95,719.93,0
2023-04-29,West,Apparel,40,24.41,976.48,0
2023-04-29,West,Electronics,52,21.88,1137.52,0
2023-04-29,West,Home & Garden,39,18.67,728.3,0
2023-04-30,North,Apparel,50,21.96,1097.79,0
2023-04-30,North,Electronics,65,18.99,1234.43,0
2023-04-30,North,Home & Garden,36,23.36,840.81,0
2023-04-30,South,Apparel,49,18.66,914.51,0
2023-04-30,South,Electronics,45,21.38,962.02,0
2023-04-30,South,Home & Garden,40,18.98,759.11,0
2023-04-30,West,Apparel,40,24.27,970.81,0
2023-04-30,West,Electronics,52,21.76,1131.36,0
2023-04-30,West,Home & Garden,35,19.08,667.87,0
2023-05-01,North,Apparel,47,21.92,1030.16,0
2023-05-01,North,Electronics,67,18.96,1270.28,0
2023-05-01,North,Home & Garden,32,23.03,737.09,0
2023-05-01,South,Apparel,45,18.67,840.12,0
2023-05-01,South,Electronics,46,21.31,980.34,0
2023-05-01,South,Home & Garden,33,18.91,623.95,0
2023-05-01,West,Apparel,38,24.03,913.11,0
2023-05-01,West,Electronics,49,21.84,1070.23,0
2023-05-01,West,Home & Garden,38,19.03,723.01,0
2023-05-02,North,Apparel,56,21.77,1219.24,1
2023-05-02,North,Electronics,71,18.92,1343.67,0
2023-05-02,North,Home & Garden,35,23.22,812.81,0
2023-05-02,South,Apparel,44,18.72,823.74,0
2023-05-02,South,Electronics,44,21.56,948.46,0
2023-05-02,South,Home & Garden,33,18.99,626.64,0
2023-05-02,West,Apparel,34,24.13,820.25,0
2023-05-02,West,Electronics,50,21.73,1086.36,0
2023-05-02,West,Home & Garden,36,18.89,680.13,0
2023-05-03,North,Apparel,46,21.95,1009.77,0
2023-05-03,North,Electronics,63,18.96,1194.28,0
2023-05-03,North,Home & Garden,33,23.44,773.42,0
2023-05-03,South,Apparel,45,18.37,826.85,0
2023-05-03,South,Electronics,47,21.41,1006.13,0
2023-05-03,South,Home & Garden,32,18.96,606.66,0
2023-05-03,West,Apparel,37,24.31,899.4,0
2023-05-03,West,Electronics,49,21.87,1071.7,0
2023-05-03,West,Home & Garden,35,18.74,656.07,0
2023-05-04,North,Apparel,47,21.88,1028.5,0
2023-05-04,North,Electronics,67,18.91,1267.18,0
2023-05-04,North,Home & Garden,34,23.29,791.86,0
2023-05-04,South,Apparel,46,18.51,851.31,0
2023-05-04,South,Electronics,46,21.24,977.27,0
2023-05-04,South,Home & Garden,30,19.47,584.09,0
2023-05-04,West,Apparel,38,24.54,932.39,0
2023-05-04,West,Electronics,51,22.04,1124.09,0
2023-05-04,West,Home & Garden,38,18.92,719.05,0
2023-05-05,North,Apparel,49,21.99,1077.66,0
2023-05-05,North,Electronics,65,18.95,1231.82,0
2023-05-05,North,Home & Garden,32,23.48,751.31,0
2023-05-05,South,Apparel,41,18.52,759.16,0
2023-05-05,South,Electronics,43,21.54,926.14,0
2023-05-05,South,Home & Garden,33,19.11,630.79,0
2023-05-05,West,Apparel,36,24.55,883.85,0
2023-05-05,West,Electronics,49,22.03,1079.26,0
2023-05-05,West,Home & Garden,37,18.65,689.9,0
2023-05-06,North,Apparel,55,21.8,1199.1,0
2023-05-06,North,Electronics,71,18.93,1343.7,0
2023-05-06,North,Home & Garden,35,23.45,820.67,0
2023-05-06,South,Apparel,54,18.6,1004.29,0
2023-05-06,South,Electronics,47,21.39,1005.49,0
2023-05-06,South,Home & Garden,34,18.91,643.11,0
2023-05-06,West,Apparel,45,24.2,1088.82,0
2023-05-06,West,Electronics,56,21.99,1231.28,0
2023-05-06,West,Home & Garden,41,18.72,767.49,0
2023-05-07,North,Apparel,53,21.97,1164.57,0
2023-05-07,North,Electronics,70,18.98,1328.28,0
2023-05-07,North,Home & Garden,36,23.67,852.19,0
2023-05-07,South,Apparel,48,18.39,882.88,0
2023-05-07,South,Electronics,47,21.59,1014.53,0
2023-05-07,South,Home & Garden,36,18.97,682.84,0
2023-05-07,West,Apparel,45,24.44,1099.59,0
2023-05-07,West,Electronics,56,21.93,1228.04,0
2023-05-07,West,Home & Garden,41,18.99,778.79,0
2023-05-08,North,Apparel,45,21.91,985.9,0
2023-05-08,North,Electronics,65,19.1,1241.39,0
2023-05-08,North,Home & Garden,33,23.26,767.67,0
2023-05-08,South,Apparel,48,18.47,886.75,0
2023-05-08,South,Electronics,49,21.52,1054.61,0
2023-05-08,South,Home & Garden,29,18.87,547.1,0
2023-05-08,West,Apparel,37,24.17,894.12,0
2023-05-08,West,Electronics,49,21.72,1064.46,0
2023-05-08,West,Home & Garden,35,18.95,663.39,0
2023-05-09,North,Apparel,52,21.87,1137.33,0
2023-05-09,North,Electronics,68,19.04,1295.01,0
2023-05-09,North,Home & Garden,34,23.15,787.02,0
2023-05-09,South,Apparel,46,18.72,861.19,0
2023-05-09,South,Electronics,49,21.52,1054.5,0
2023-05-09,South,Home & Garden,31,18.9,586.05,0
2023-05-09,West,Apparel,38,24.36,925.66,0
2023-05-09,West,Electronics,51,21.77,1110.14,0
2023-05-09,West,Home & Garden,34,18.68,635.14,0
2023-05-10,North,Apparel,49,21.84,1069.95,0
2023-05-10,North,Electronics,71,19.11,1357.0,0
2023-05-10,North,Home & Garden,32,23.64,756.49,0
2023-05-10,South,Apparel,47,18.41,865.22,0
2023-05-10,South,Electronics,46,21.4,984.44,0
2023-05-10,South,Home & Garden,33,19.23,634.71,0
2023-05-10,West,Apparel,40,24.5,980.12,0
2023-05-10,West,Electronics,49,22.04,1080.12,0
2023-05-10,West,Home & Garden,38,18.79,713.89,0
2023-05-11,North,Apparel,47,22.12,1039.82,0
2023-05-11,North,Electronics,67,18.95,1269.92,0
2023-05-11,North,Home & Garden,34,23.09,785.14,0
2023-05-11,South,Apparel,49,18.64,913.3,0
2023-05-11,South,Electronics,49,21.55,1055.82,0
2023-05-11,South,Home & Garden,33,19.14,631.46,0
2023-05-11,West,Apparel,39,24.18,942.97,0
2023-05-11,West,Electronics,50,21.94,1097.05,0
2023-05-11,West,Home & Garden,36,18.87,679.48,0
2023-05-12,North,Apparel,50,21.97,1098.51,0
2023-05-12,North,Electronics,69,19.04,1313.55,0
2023-05-12,North,Home & Garden,35,23.64,827.41,0
2023-05-12,South,Apparel,48,18.72,898.44,0
2023-05-12,South,Electronics,47,21.17,994.85,0
2023-05-12,South,Home & Garden,32,19.28,617.06,0
2023-05-12,West,Apparel,37,24.05,889.89,0
2023-05-12,West,Electronics,55,21.89,1204.16,0
2023-05-12,West,Home & Garden,33,18.85,622.07,0
2023-05-13,North,Apparel,56,21.76,1218.67,0
2023-05-13,North,Electronics,68,18.91,1285.57,0
2023-05-13,North,Home & Garden,47,23.27,1093.7,1
2023-05-13,South,Apparel,54,18.63,1006.0,0
2023-05-13,South,Electronics,49,21.43,1049.99,0
2023-05-13,South,Home & Garden,51,19.04,971.18,1
2023-05-13,West,Apparel,44,24.15,1062.53,0
2023-05-13,West,Electronics,53,21.93,1162.48,0
2023-05-13,West,Home & Garden,42,18.88,793.04,0
2023-05-14,North,Apparel,55,21.83,1200.51,0
2023-05-14,North,Electronics,69,18.89,1303.29,0
2023-05-14,North,Home & Garden,34,23.7,805.83,0
2023-05-14,South,Apparel,52,18.54,963.94,0
2023-05-14,South,Electronics,50,21.39,1069.26,0
2023-05-14,South,Home & Garden,34,18.89,642.2,0
2023-05-14,West,Apparel,43,24.11,1036.68,0
2023-05-14,West,Electronics,55,21.72,1194.76,0
2023-05-14,West,Home & Garden,41,18.98,778.32,0
2023-05-15,North,Apparel,50,22.04,1102.22,0
2023-05-15,North,Electronics,69,18.99,1310.09,0
2023-05-15,North,Home & Garden,36,23.2,835.34,0
2023-05-15,South,Apparel,45,18.75,843.53,0
2023-05-15,South,Electronics,48,21.28,1021.47,0
2023-05-15,South,Home & Garden,32,18.96,606.58,0
2023-05-15,West,Apparel,41,24.33,997.62,0
2023-05-15,West,Electronics,52,22.02,1145.09,0
2023-05-15,West,Home & Garden,40,18.7,747.96,0
2023-05-16,North,Apparel,48,21.94,1052.88,0
2023-05-16,North,Electronics,71,19.13,1358.08,0
2023-05-16,North,Home & Garden,32,23.2,742.28,0
2023-05-16,South,Apparel,48,18.62,893.81,0
2023-05-16,South,Electronics,60,21.22,1272.96,1
2023-05-16,South,Home & Garden,31,19.26,597.16,0
2023-05-16,West,Apparel,40,24.5,979.96,0
2023-05-16,West,Electronics,49,22.0,1077.84,0
2023-05-16,West,Home & Garden,37,18.9,699.41,0
2023-05-17,North,Apparel,52,21.77,1132.22,0
2023-05-17,North,Electronics,69,18.98,1309.71,0
2023-05-17,North,Home & Garden,33,23.7,781.94,0
2023-05-17,South,Apparel,47,18.73,880.41,0
2023-05-17,South,Electronics,47,21.56,1013.45,0
2023-05-17,South,Home & Garden,31,19.33,599.3,0
2023-05-17,West,Apparel,39,24.25,945.56,0
2023-05-17,West,Electronics,50,21.73,1086.48,0
2023-05-17,West,Home & Garden,35,18.58,650.18,0
2023-05-18,North,Apparel,49,21.73,1064.63,0
2023-05-18,North,Electronics,67,19.13,1281.98,0
2023-05-18,North,Home & Garden,46,23.2,1067.23,1
2023-05-18,South,Apparel,47,18.65,876.44,0
2023-05-18,South,Electronics,49,21.42,1049.74,0
2023-05-18,South,Home & Garden,34,18.96,644.67,0
2023-05-18,West,Apparel,40,24.15,966.12,0
2023-05-18,West,Electronics,49,21.89,1072.74,0
2023-05-18,West,Home & Garden,33,19.1,630.33,0
2023-05-19,North,Apparel,49,22.1,1082.89,0
2023-05-19,North,Electronics,68,19.09,1298.34,0
2023-05-19,North,Home & Garden,34,23.43,796.52,0
2023-05-19,South,Apparel,47,18.39,864.16,0
2023-05-19,South,Electronics,48,21.29,1021.94,0
2023-05-19,South,Home & Garden,31,19.19,594.86,0
2023-05-19,West,Apparel,38,23.96,910.38,0
2023-05-19,West,Electronics,50,21.78,1089.15,0
2023-05-19,West,Home & Garden,39,18.94,738.67,0
2023-05-20,North,Apparel,57,22.03,1255.62,0
2023-05-20,North,Electronics,69,18.9,1304.36,0
2023-05-20,North,Home & Garden,38,23.36,887.64,0
2023-05-20,South,Apparel,52,18.69,972.12,0
2023-05-20,South,Electronics,51,21.17,1079.8,0
2023-05-20,South,Home & Garden,36,19.31,695.08,0
2023-05-20,West,Apparel,44,23.97,1054.78,0
2023-05-20,West,Electronics,49,21.69,1062.73,0
2023-05-20,West,Home & Garden,42,18.66,783.6,0
2023-05-21,North,Apparel,58,22.07,1280.31,0
2023-05-21,North,Electronics,73,19.04,1390.03,0
2023-05-21,North,Home & Garden,38,23.53,894.31,0
2023-05-21,South,Apparel,50,18.7,934.78,0
2023-05-21,South,Electronics,52,21.19,1101.84,0
2023-05-21,South,Home & Garden,34,18.95,644.43,0
2023-05-21,West,Apparel,47,24.45,1149.22,0
2023-05-21,West,Electronics,56,21.74,1217.4,0
2023-05-21,West,Home & Garden,55,18.78,1033.01,1
2023-05-22,North,Apparel,54,21.81,1178.01,0
2023-05-22,North,Electronics,71,18.94,1344.68,0
2023-05-22,North,Home & Garden,38,23.46,891.46,0
2023-05-22,South,Apparel,48,18.71,898.02,0
2023-05-22,South,Electronics,49,21.45,1051.29,0
2023-05-22,South,Home & Garden,32,19.32,618.38,0
2023-05-22,West,Apparel,40,24.28,971.34,0
2023-05-22,West,Electronics,56,21.91,1227.2,0
2023-05-22,West,Home & Garden,36,18.7,673.34,0
2023-05-23,North,Apparel,53,21.87,1159.16,0
2023-05-23,North,Electronics,68,18.92,1286.73,0
2023-05-23,North,Home & Garden,37,23.44,867.11,0
2023-05-23,South,Apparel,47,18.44,866.85,0
2023-05-23,South,Electronics,48,21.25,1020.11,0
2023-05-23,South,Home & Garden,31,19.09,591.76,0
2023-05-23,West,Apparel,42,24.01,1008.45,0
2023-05-23,West,Electronics,52,21.99,1143.23,0
2023-05-23,West,Home & Garden,40,18.63,745.26,0
2023-05-24,North,Apparel,50,22.13,1106.26,0
2023-05-24,North,Electronics,68,18.94,1287.96,0
2023-05-24,North,Home & Garden,33,23.7,781.96,0
2023-05-24,South,Apparel,59,18.55,1094.42,1
2023-05-24,South,Electronics,47,21.34,1003.18,0
2023-05-24,South,Home & Garden,48,18.98,910.98,1
2023-05-24,West,Apparel,41,23.96,982.52,0
2023-05-24,West,Electronics,49,21.93,1074.62,0
2023-05-24,West,Home & Garden,48,18.75,899.88,1
2023-05-25,North,Apparel,48,22.08,1059.8,0
2023-05-25,North,Electronics,70,18.9,1323.06,0
2023-05-25,North,Home & Garden,36,23.46,844.42,0
2023-05-25,South,Apparel,43,18.72,805.15,0
2023-05-25,South,Electronics,48,21.55,1034.59,0
2023-05-25,South,Home & Garden,31,19.32,598.78,0
2023-05-25,West,Apparel,42,24.47,1027.74,0
2023-05-25,West,Electronics,51,21.79,1111.16,0
2023-05-25,West,Home & Garden,39,18.99,740.7,0
2023-05-26,North,Apparel,54,21.85,1179.8,0
2023-05-26,North,Electronics,68,19.02,1293.37,0
2023-05-26,North,Home & Garden,35,23.62,826.7,0
2023-05-26,South,Apparel,48,18.4,883.05,0
2023-05-26,South,Electronics,45,21.24,955.86,0
2023-05-26,South,Home & Garden,33,19.3,636.79,0
2023-05-26,West,Apparel,37,24.25,897.09,0
2023-05-26,West,Electronics,51,21.98,1121.11,0
2023-05-26,West,Home & Garden,38,18.74,712.06,0
2023-05-27,North,Apparel,59,22.04,1300.51,0
2023-05-27,North,Electronics,72,19.05,1371.93,0
2023-05-27,North,Home & Garden,38,23.67,899.64,0
2023-05-27,South,Apparel,51,18.56,946.44,0
2023-05-27,South,Electronics,51,21.17,1079.59,0
2023-05-27,South,Home & Garden,51,19.33,986.04,1
2023-05-27,West,Apparel,45,24.25,1091.33,0
2023-05-27,West,Electronics,53,21.84,1157.6,0
2023-05-27,West,Home & Garden,41,18.67,765.35,0
2023-05-28,North,Apparel,56,21.8,1220.83,0
2023-05-28,North,Electronics,77,19.11,1471.21,0
2023-05-28,North,Home & Garden,37,23.51,869.82,0
2023-05-28,South,Apparel,53,18.59,985.17,0
2023-05-28,South,Electronics,46,21.29,979.26,0
2023-05-28,South,Home & Garden,41,19.11,783.68,0
2023-05-28,West,Apparel,48,24.3,1166.4,0
2023-05-28,West,Electronics,57,21.82,1243.68,0
2023-05-28,West,Home & Garden,46,18.66,858.27,0
2023-05-29,North,Apparel,53,22.01,1166.5,0
2023-05-29,North,Electronics,69,18.95,1307.37,0
2023-05-29,North,Home & Garden,35,23.67,828.62,0
2023-05-29,South,Apparel,49,18.69,915.79,0
2023-05-29,South,Electronics,45,21.25,956.45,0
2023-05-29,South,Home & Garden,34,19.22,653.53,0
2023-05-29,West,Apparel,42,24.3,1020.56,0
2023-05-29,West,Electronics,75,21.79,1634.21,1
2023-05-29,West,Home & Garden,37,18.73,693.12,0
2023-05-30,North,Apparel,51,21.93,1118.25,0
2023-05-30,North,Electronics,69,18.9,1304.06,0
2023-05-30,North,Home & Garden,34,23.63,803.3,0
2023-05-30,South,Apparel,48,18.5,888.08,0
2023-05-30,South,Electronics,44,21.61,951.01,0
2023-05-30,South,Home & Garden,30,19.09,572.67,0
2023-05-30,West,Apparel,55,24.27,1334.82,1
2023-05-30,West,Electronics,50,21.92,1096.0,0
2023-05-30,West,Home & Garden,39,18.87,735.99,0
2023-05-31,North,Apparel,54,22.1,1193.4,0
2023-05-31,North,Electronics,88,19.03,1674.38,1
2023-05-31,North,Home & Garden,34,23.58,801.87,0
2023-05-31,South,Apparel,48,18.39,882.75,0
2023-05-31,South,Electronics,51,21.21,1081.61,0
2023-05-31,South,Home & Garden,31,19.15,593.68,0
2023-05-31,West,Apparel,41,24.03,985.25,0
2023-05-31,West,Electronics,54,21.89,1182.05,0
2023-05-31,West,Home & Garden,40,18.67,746.78,0
2023-06-01,North,Apparel,51,21.85,1114.49,0
2023-06-01,North,Electronics,71,19.11,1356.92,0
2023-06-01,North,Home & Garden,34,23.22,789.4,0
2023-06-01,South,Apparel,46,18.68,859.26,0
2023-06-01,South,Electronics,48,21.59,1036.36,0
2023-06-01,South,Home & Garden,33,19.42,640.74,0
2023-06-01,West,Apparel,40,24.14,965.55,0
2023-06-01,West,Electronics,56,21.78,1219.51,0
2023-06-01,West,Home & Garden,38,18.68,710.0,0
2023-06-02,North,Apparel,55,22.11,1215.9,0
2023-06-02,North,Electronics,69,19.08,1316.81,0
2023-06-02,North,Home & Garden,36,23.67,852.3,0
2023-06-02,South,Apparel,47,18.46,867.73,0
2023-06-02,South,Electronics,46,21.31,980.13,0
2023-06-02,South,Home & Garden,32,18.97,607.08,0
2023-06-02,West,Apparel,39,24.29,947.4,0
2023-06-02,West,Electronics,57,21.72,1237.76,0
2023-06-02,West,Home & Garden,36,18.66,671.74,0
2023-06-03,North,Apparel,59,21.86,1289.8,0
2023-06-03,North,Electronics,71,19.12,1357.21,0
2023-06-03,North,Home & Garden,38,23.2,881.44,0
2023-06-03,South,Apparel,58,18.52,1074.3,0
2023-06-03,South,Electronics,52,21.54,1120.18,0
2023-06-03,South,Home & Garden,33,18.99,626.52,0
2023-06-03,West,Apparel,44,24.23,1065.99,0
2023-06-03,West,Electronics,61,22.01,1342.36,0
2023-06-03,West,Home & Garden,41,18.97,777.84,0
2023-06-04,North,Apparel,61,21.83,1331.78,0
2023-06-04,North,Electronics,76,19.04,1447.31,0
2023-06-04,North,Home & Garden,38,23.23,882.61,0
2023-06-04,South,Apparel,56,18.63,1043.27,0
2023-06-04,South,Electronics,54,21.18,1143.68,0
2023-06-04,South,Home & Garden,41,18.99,778.4,0
2023-06-04,West,Apparel,47,24.33,1143.48,0
2023-06-04,West,Electronics,54,21.74,1174.06,0
2023-06-04,West,Home & Garden,44,18.78,826.11,0
2023-06-05,North,Apparel,51,22.02,1122.78,0
2023-06-05,North,Electronics,73,19.08,1393.09,0
2023-06-05,North,Home & Garden,36,23.54,847.41,0
2023-06-05,South,Apparel,47,18.61,874.73,0
2023-06-05,South,Electronics,50,21.26,1063.13,0
2023-06-05,South,Home & Garden,35,19.06,667.09,0
2023-06-05,West,Apparel,42,24.12,1012.99,0
2023-06-05,West,Electronics,59,21.74,1282.92,0
2023-06-05,West,Home & Garden,39,18.77,731.89,0
2023-06-06,North,Apparel,53,21.87,1158.91,0
2023-06-06,North,Electronics,69,18.89,1303.49,0
2023-06-06,North,Home & Garden,35,23.31,816.0,0
2023-06-06,South,Apparel,48,18.54,890.08,0
2023-06-06,South,Electronics,48,21.52,1032.77,0
2023-06-06,South,Home & Garden,34,19.44,660.8,0
2023-06-06,West,Apparel,41,24.17,991.0,0
2023-06-06,West,Electronics,52,21.94,1141.02,0
2023-06-06,West,Home & Garden,40,18.99,759.48,0
2023-06-07,North,Apparel,50,22.11,1105.25,0
2023-06-07,North,Electronics,66,18.91,1247.75,0
2023-06-07,North,Home & Garden,35,23.36,817.77,0
2023-06-07,South,Apparel,67,18.44,1235.62,1
2023-06-07,South,Electronics,49,21.48,1052.7,0
2023-06-07,South,Home & Garden,32,19.44,621.95,0
2023-06-07,West,Apparel,42,24.17,1015.13,0
2023-06-07,West,Electronics,52,21.76,1131.38,0
2023-06-07,West,Home & Garden,40,18.86,754.55,0
2023-06-08,North,Apparel,54,21.83,1179.02,0
2023-06-08,North,Electronics,73,18.88,1378.26,0
2023-06-08,North,Home & Garden,37,23.21,858.8,0
2023-06-08,South,Apparel,49,18.65,913.81,0
2023-06-08,South,Electronics,51,21.25,1083.72,0
2023-06-08,South,Home & Garden,34,19.38,658.78,0
2023-06-08,West,Apparel,41,24.43,1001.57,0
2023-06-08,West,Electronics,54,21.74,1173.78,0
2023-06-08,West,Home & Garden,36,18.94,681.99,0
2023-06-09,North,Apparel,54,21.9,1182.38,0
2023-06-09,North,Electronics,69,18.89,1303.23,0
2023-06-09,North,Home & Garden,37,23.5,869.36,0
2023-06-09,South,Apparel,48,18.67,896.23,0
2023-06-09,South,Electronics,48,21.31,1022.92,0
2023-06-09,South,Home & Garden,32,19.37,619.73,0
2023-06-09,West,Apparel,43,24.08,1035.38,0
2023-06-09,West,Electronics,52,21.8,1133.84,0
2023-06-09,West,Home & Garden,41,18.7,766.51,0
2023-06-10,North,Apparel,62,21.99,1363.39,0
2023-06-10,North,Electronics,75,19.08,1430.68,0
2023-06-10,North,Home & Garden,36,23.32,839.59,0
2023-06-10,South,Apparel,51,18.57,947.24,0
2023-06-10,South,Electronics,52,21.27,1106.2,0
2023-06-10,South,Home & Garden,39,19.03,742.09,0
2023-06-10,West,Apparel,48,24.08,1155.94,0
2023-06-10,West,Electronics,57,21.74,1238.91,0
2023-06-10,West,Home & Garden,41,18.8,770.66,0
2023-06-11,North,Apparel,59,21.83,1287.81,0
2023-06-11,North,Electronics,69,18.95,1307.44,0
2023-06-11,North,Home & Garden,39,23.34,910.19,0
2023-06-11,South,Apparel,55,18.5,1017.59,0
2023-06-11,South,Electronics,51,21.45,1094.07,0
2023-06-11,South,Home & Garden,37,19.01,703.2,0
2023-06-11,West,Apparel,44,24.46,1076.08,0
2023-06-11,West,Electronics,53,21.93,1162.42,0
2023-06-11,West,Home & Garden,44,18.82,827.95,0
2023-06-12,North,Apparel,54,21.82,1178.43,0
2023-06-12,North,Electronics,72,19.13,1377.2,0
2023-06-12,North,Home & Garden,33,23.51,775.93,0
2023-06-12,South,Apparel,48,18.66,895.88,0
2023-06-12,South,Electronics,46,21.17,973.77,0
2023-06-12,South,Home & Garden,36,19.42,698.95,0
2023-06-12,West,Apparel,42,24.06,1010.48,0
2023-06-12,West,Electronics,53,21.73,1151.89,0
2023-06-12,West,Home & Garden,43,18.66,802.39,0
2023-06-13,North,Apparel,52,21.76,1131.5,0
2023-06-13,North,Electronics,68,18.87,1283.41,0
2023-06-13,North,Home & Garden,35,23.21,812.29,0
2023-06-13,South,Apparel,53,18.54,982.55,0
2023-06-13,South,Electronics,51,21.34,1088.31,0
2023-06-13,South,Home & Garden,31,19.08,591.34,0
2023-06-13,West,Apparel,39,23.94,933.53,0
2023-06-13,West,Electronics,56,21.81,1221.25,0
2023-06-13,West,Home & Garden,39,18.69,729.05,0
2023-06-14,North,Apparel,68,21.99,1495.59,1
2023-06-14,North,Electronics,72,19.05,1371.61,0
2023-06-14,North,Home & Garden,35,23.6,826.09,0
2023-06-14,South,Apparel,54,18.68,1008.55,0
2023-06-14,South,Electronics,53,21.51,1140.28,0
2023-06-14,South,Home & Garden,36,19.16,689.82,0
2023-06-14,West,Apparel,42,23.96,1006.3,0
2023-06-14,West,Electronics,53,21.92,1161.54,0
2023-06-14,West,Home & Garden,35,18.75,656.28,0
2023-06-15,North,Apparel,52,21.86,1136.65,0
2023-06-15,North,Electronics,71,18.87,1340.12,0
2023-06-15,North,Home & Garden,35,23.27,814.35,0
2023-06-15,South,Apparel,50,18.54,927.13,0
2023-06-15,South,Electronics,47,21.47,1008.97,0
2023-06-15,South,Home & Garden,48,19.3,926.19,1
2023-06-15,West,Apparel,42,24.42,1025.77,0
2023-06-15,West,Electronics,54,21.69,1171.14,0
2023-06-15,West,Home & Garden,38,18.62,707.52,0
2023-06-16,North,Apparel,53,21.83,1157.12,0
2023-06-16,North,Electronics,68,19.08,1297.25,0
2023-06-16,North,Home & Garden,34,23.27,791.28,0
2023-06-16,South,Apparel,47,18.61,874.86,0
2023-06-16,South,Electronics,51,21.41,1092.15,0
2023-06-16,South,Home & Garden,33,19.1,630.22,0
2023-06-16,West,Apparel,39,24.35,949.61,0
2023-06-16,West,Electronics,54,21.98,1186.76,0
2023-06-16,West,Home & Garden,42,18.94,795.39,0
2023-06-17,North,Apparel,58,22.07,1280.03,0
2023-06-17,North,Electronics,73,18.94,1382.49,0
2023-06-17,North,Home & Garden,38,23.15,879.86,0
2023-06-17,South,Apparel,57,18.41,1049.55,0
2023-06-17,South,Electronics,50,21.43,1071.44,0
2023-06-17,South,Home & Garden,39,19.06,743.47,0
2023-06-17,West,Apparel,46,24.04,1106.0,0
2023-06-17,West,Electronics,58,22.04,1278.6,0
2023-06-17,West,Home & Garden,43,18.66,802.33,0
2023-06-18,North,Apparel,57,22.1,1259.46,0
2023-06-18,North,Electronics,75,19.1,1432.26,0
2023-06-18,North,Home & Garden,40,23.58,943.3,0
2023-06-18,South,Apparel,51,18.72,954.84,0
2023-06-18,South,Electronics,52,21.46,1115.75,0
2023-06-18,South,Home & Garden,40,19.09,763.53,0
2023-06-18,West,Apparel,46,24.42,1123.47,0
2023-06-18,West,Electronics,53,21.73,1151.93,0
2023-06-18,West,Home & Garden,45,19.03,856.29,0
2023-06-19,North,Apparel,53,21.82,1156.48,0
2023-06-19,North,Electronics,71,18.97,1346.65,0
2023-06-19,North,Home & Garden,38,23.21,881.8,0
2023-06-19,South,Apparel,47,18.76,881.8,0
2023-06-19,South,Electronics,52,21.5,1118.03,0
2023-06-19,South,Home & Garden,36,19.33,695.9,0
2023-06-19,West,Apparel,42,24.11,1012.81,0
2023-06-19,West,Electronics,68,21.86,1486.57,1
2023-06-19,West,Home & Garden,36,19.07,686.59,0
2023-06-20,North,Apparel,52,21.91,1139.3,0
2023-06-20,North,Electronics,72,19.01,1368.63,0
2023-06-20,North,Home & Garden,32,23.63,756.17,0
2023-06-20,South,Apparel,45,18.63,838.32,0
2023-06-20,South,Electronics,48,21.4,1027.1,0
2023-06-20,South,Home & Garden,34,19.39,659.18,0
2023-06-20,West,Apparel,41,24.21,992.6,0
2023-06-20,West,Electronics,53,21.8,1155.18,0
2023-06-20,West,Home & Garden,38,18.63,707.8,0
2023-06-21,North,Apparel,52,21.91,1139.39,0
2023-06-21,North,Electronics,75,19.09,1431.66,0
2023-06-21,North,Home & Garden,35,23.34,816.98,0
2023-06-21,South,Apparel,50,18.51,925.61,0
2023-06-21,South,Electronics,49,21.43,1050.17,0
2023-06-21,South,Home & Garden,32,19.29,617.18,0
2023-06-21,West,Apparel,40,23.93,957.09,0
2023-06-21,West,Electronics,54,21.76,1175.08,0
2023-06-21,West,Home & Garden,38,18.76,712.84,0
2023-06-22,North,Apparel,55,21.78,1197.84,0
2023-06-22,North,Electronics,67,18.99,1272.66,0
2023-06-22,North,Home & Garden,37,23.09,854.18,0
2023-06-22,South,Apparel,46,18.59,855.31,0
2023-06-22,South,Electronics,45,21.56,970.01,0
2023-06-22,South,Home & Garden,34,19.13,650.38,0
2023-06-22,West,Apparel,41,24.44,1001.99,0
2023-06-22,West,Electronics,56,21.71,1215.57,0
2023-06-22,West,Home & Garden,42,18.78,788.77,0
2023-06-23,North,Apparel,53,21.92,1161.91,0
2023-06-23,North,Electronics,74,19.14,1416.09,0
2023-06-23,North,Home & Garden,35,23.64,827.48,0
2023-06-23,South,Apparel,48,18.59,892.35,0
2023-06-23,South,Electronics,48,21.28,1021.4,0
2023-06-23,South,Home & Garden,37,19.25,712.08,0
2023-06-23,West,Apparel,39,24.06,938.16,0
2023-06-23,West,Electronics,51,21.85,1114.36,0
2023-06-23,West,Home & Garden,38,18.68,709.84,0
2023-06-24,North,Apparel,59,21.84,1288.82,0
2023-06-24,North,Electronics,74,19.03,1408.21,0
2023-06-24,North,Home & Garden,38,23.15,879.66,0
2023-06-24,South,Apparel,55,18.58,1022.1,0
2023-06-24,South,Electronics,48,21.37,1025.67,0
2023-06-24,South,Home & Garden,41,19.16,785.67,0
2023-06-24,West,Apparel,46,24.24,1114.99,0
2023-06-24,West,Electronics,54,21.9,1182.71,0
2023-06-24,West,Home & Garden,40,18.61,744.57,0
2023-06-25,North,Apparel,55,22.12,1216.61,0
2023-06-25,North,Electronics,72,18.93,1363.21,0
2023-06-25,North,Home & Garden,39,23.13,901.89,0
2023-06-25,South,Apparel,55,18.59,1022.68,0
2023-06-25,South,Electronics,53,21.34,1130.87,0
2023-06-25,South,Home & Garden,55,19.14,1052.92,1
2023-06-25,West,Apparel,57,24.2,1379.17,1
2023-06-25,West,Electronics,52,21.95,1141.3,0
2023-06-25,West,Home & Garden,47,19.02,893.9,0
2023-06-26,North,Apparel,53,22.11,1171.74,0
2023-06-26,North,Electronics,68,18.88,1283.88,0
2023-06-26,North,Home & Garden,36,23.31,839.11,0
2023-06-26,South,Apparel,48,18.43,884.84,0
2023-06-26,South,Electronics,70,21.35,1494.76,1
2023-06-26,South,Home & Garden,35,19.32,676.27,0
2023-06-26,West,Apparel,41,24.36,998.8,0
2023-06-26,West,Electronics,52,22.0,1143.76,0
2023-06-26,West,Home & Garden,39,18.68,728.43,0
2023-06-27,North,Apparel,54,21.77,1175.84,0
2023-06-27,North,Electronics,70,19.07,1335.25,0
2023-06-27,North,Home & Garden,35,23.36,817.66,0
2023-06-27,South,Apparel,49,18.72,917.08,0
2023-06-27,South,Electronics,49,21.26,1041.66,0
2023-06-27,South,Home & Garden,35,19.22,672.8,0
2023-06-27,West,Apparel,41,23.94,981.64,0
2023-06-27,West,Electronics,56,21.93,1228.36,0
2023-06-27,West,Home & Garden,39,19.06,743.27,0
2023-06-28,North,Apparel,52,21.89,1138.43,0
2023-06-28,North,Electronics,73,18.98,1385.19,0
2023-06-28,North,Home & Garden,35,23.62,826.56,0
2023-06-28,South,Apparel,46,18.55,853.25,0
2023-06-28,South,Electronics,50,21.29,1064.47,0
2023-06-28,South,Home & Garden,36,19.13,688.74,0
2023-06-28,West,Apparel,39,24.19,943.49,0
2023-06-28,West,Electronics,53,21.94,1163.02,0
2023-06-28,West,Home & Garden,35,18.97,663.97,0
2023-06-29,North,Apparel,56,22.1,1237.44,0
2023-06-29,North,Electronics,70,19.11,1337.88,0
2023-06-29,North,Home & Garden,35,23.64,827.35,0
2023-06-29,South,Apparel,52,18.71,972.73,0
2023-06-29,South,Electronics,68,21.32,1449.45,1
2023-06-29,South,Home & Garden,33,19.15,632.03,0
2023-06-29,West,Apparel,50,24.09,1204.57,1
2023-06-29,West,Electronics,51,21.73,1108.06,0
2023-06-29,West,Home & Garden,39,18.69,729.04,0
2023-06-30,North,Apparel,48,22.13,1062.06,0
2023-06-30,North,Electronics,74,19.07,1411.46,0
2023-06-30,North,Home & Garden,43,23.18,996.75,1
2023-06-30,South,Apparel,46,18.73,861.48,0
2023-06-30,South,Electronics,51,21.27,1084.72,0
2023-06-30,South,Home & Garden,31,19.37,600.38,0
2023-06-30,West,Apparel,43,24.2,1040.39,0
2023-06-30,West,Electronics,52,22.05,1146.37,0
2023-06-30,West,Home & Garden,38,18.96,720.45,0
2023-07-01,North,Apparel,59,22.11,1304.53,0
2023-07-01,North,Electronics,70,19.11,1337.93,0
2023-07-01,North,Home & Garden,40,23.65,946.02,0
2023-07-01,South,Apparel,55,18.62,1024.06,0
2023-07-01,South,Electronics,52,21.48,1117.05,0
2023-07-01,South,Home & Garden,39,18.97,739.97,0
2023-07-01,West,Apparel,48,24.44,1173.2,0
2023-07-01,West,Electronics,53,21.91,1161.07,0
2023-07-01,West,Home & Garden,41,18.92,775.69,0
2023-07-02,North,Apparel,59,22.05,1301.12,0
2023-07-02,North,Electronics,74,18.95,1402.4,0
2023-07-02,North,Home & Garden,38,23.69,900.36,0
2023-07-02,South,Apparel,74,18.48,1367.32,1
2023-07-02,South,Electronics,48,21.28,1021.65,0
2023-07-02,South,Home & Garden,37,19.15,708.66,0
2023-07-02,West,Apparel,50,24.4,1219.84,0
2023-07-02,West,Electronics,54,21.8,1177.15,0
2023-07-02,West,Home & Garden,44,18.92,832.57,0
2023-07-03,North,Apparel,53,22.14,1173.64,0
2023-07-03,North,Electronics,68,18.92,1286.25,0
2023-07-03,North,Home & Garden,34,23.28,791.48,0
2023-07-03,South,Apparel,50,18.58,928.86,0
2023-07-03,South,Electronics,51,21.43,1093.03,0
2023-07-03,South,Home & Garden,32,19.06,610.03,0
2023-07-03,West,Apparel,44,24.3,1069.39,0
2023-07-03,West,Electronics,54,21.94,1184.98,0
2023-07-03,West,Home & Garden,35,18.83,659.12,0
2023-07-04,North,Apparel,53,21.86,1158.33,0
2023-07-04,North,Electronics,71,19.13,1358.56,0
2023-07-04,North,Home & Garden,39,23.19,904.25,0
2023-07-04,South,Apparel,50,18.64,932.02,0
2023-07-04,South,Electronics,48,21.52,1032.89,0
2023-07-04,South,Home & Garden,32,19.42,621.39,0
2023-07-04,West,Apparel,39,24.44,953.24,0
2023-07-04,West,Electronics,51,21.85,1114.31,0
2023-07-04,West,Home & Garden,36,19.01,684.38,0
2023-07-05,North,Apparel,53,22.12,1172.54,0
2023-07-05,North,Electronics,73,18.93,1381.65,0
2023-07-05,North,Home & Garden,35,23.51,822.99,0
2023-07-05,South,Apparel,45,18.59,836.69,0
2023-07-05,South,Electronics,46,21.58,992.89,0
2023-07-05,South,Home & Garden,38,19.29,733.2,0
2023-07-05,West,Apparel,41,24.0,984.11,0
2023-07-05,West,Electronics,56,21.73,1216.8,0
2023-07-05,West,Home & Garden,40,19.01,760.43,0
2023-07-06,North,Apparel,54,21.93,1184.4,0
2023-07-06,North,Electronics,70,18.89,1322.28,0
2023-07-06,North,Home & Garden,31,23.68,734.16,0
2023-07-06,South,Apparel,46,18.76,863.05,0
2023-07-06,South,Electronics,48,21.46,1029.9,0
2023-07-06,South,Home & Garden,34,19.13,650.55,0
2023-07-06,West,Apparel,41,24.36,998.8,0
2023-07-06,West,Electronics,53,21.94,1163.07,0
2023-07-06,West,Home & Garden,37,18.71,692.13,0
2023-07-07,North,Apparel,51,21.96,1119.72,0
2023-07-07,North,Electronics,64,19.12,1223.44,0
2023-07-07,North,Home & Garden,37,23.47,868.49,0
2023-07-07,South,Apparel,49,18.46,904.46,0
2023-07-07,South,Electronics,45,21.41,963.6,0
2023-07-07,South,Home & Garden,34,19.35,657.99,0
2023-07-07,West,Apparel,41,24.28,995.5,0
2023-07-07,West,Electronics,53,22.07,1169.62,0
2023-07-07,West,Home & Garden,37,18.91,699.75,0
2023-07-08,North,Apparel,58,22.06,1279.74,0
2023-07-08,North,Electronics,74,19.04,1408.95,0
2023-07-08,North,Home & Garden,41,23.36,957.74,0
2023-07-08,South,Apparel,56,18.53,1037.5,0
2023-07-08,South,Electronics,49,21.48,1052.45,0
2023-07-08,South,Home & Garden,36,19.22,692.04,0
2023-07-08,West,Apparel,46,24.37,1120.84,0
2023-07-08,West,Electronics,55,22.05,1212.69,0
2023-07-08,West,Home & Garden,43,18.83,809.62,0
2023-07-09,North,Apparel,57,22.09,1259.38,0
2023-07-09,North,Electronics,75,18.92,1418.95,0
2023-07-09,North,Home & Garden,40,23.23,929.25,0
2023-07-09,South,Apparel,58,18.41,1067.71,0
2023-07-09,South,Electronics,52,21.43,1114.58,0
2023-07-09,South,Home & Garden,35,19.14,669.75,0
2023-07-09,West,Apparel,50,24.27,1213.44,0
2023-07-09,West,Electronics,58,21.71,1259.38,0
2023-07-09,West,Home & Garden,42,18.88,792.85,0
2023-07-10,North,Apparel,50,22.04,1101.83,0
2023-07-10,North,Electronics,71,19.11,1356.73,0
2023-07-10,North,Home & Garden,36,23.46,844.63,0
2023-07-10,South,Apparel,47,18.64,875.98,0
2023-07-10,South,Electronics,49,21.59,1057.75,0
2023-07-10,South,Home & Garden,32,19.22,615.05,0
2023-07-10,West,Apparel,39,24.43,952.88,0
2023-07-10,West,Electronics,55,21.8,1199.19,0
2023-07-10,West,Home & Garden,39,18.96,739.42,0
2023-07-11,North,Apparel,66,21.92,1446.54,1
2023-07-11,North,Electronics,73,19.09,1393.33,0
2023-07-11,North,Home & Garden,38,23.61,897.34,0
2023-07-11,South,Apparel,46,18.68,859.4,0
2023-07-11,South,Electronics,50,21.21,1060.7,0
2023-07-11,South,Home & Garden,36,19.26,693.44,0
2023-07-11,West,Apparel,40,24.16,966.57,0
2023-07-11,West,Electronics,54,21.82,1178.32,0
2023-07-11,West,Home & Garden,38,18.97,720.72,0
2023-07-12,North,Apparel,51,21.97,1120.54,0
2023-07-12,North,Electronics,85,18.93,1609.28,1
2023-07-12,North,Home & Garden,34,23.15,787.23,0
2023-07-12,South,Apparel,47,18.57,872.74,0
2023-07-12,South,Electronics,49,21.35,1046.38,0
2023-07-12,South,Home & Garden,34,19.24,654.17,0
2023-07-12,West,Apparel,44,24.09,1059.76,0
2023-07-12,West,Electronics,54,22.0,1187.9,0
2023-07-12,West,Home & Garden,35,18.89,661.12,0
2023-07-13,North,Apparel,49,22.08,1081.86,0
2023-07-13,North,Electronics,72,18.98,1366.53,0
2023-07-13,North,Home & Garden,35,23.56,824.73,0
2023-07-13,South,Apparel,53,18.56,983.94,0
2023-07-13,South,Electronics,47,21.58,1014.33,0
2023-07-13,South,Home & Garden,35,18.94,662.74,0
2023-07-13,West,Apparel,40,24.21,968.2,0
2023-07-13,West,Electronics,53,21.74,1152.13,0
2023-07-13,West,Home & Garden,36,19.09,687.38,0
2023-07-14,North,Apparel,51,21.94,1118.8,0
2023-07-14,North,Electronics,73,19.02,1388.6,0
2023-07-14,North,Home & Garden,38,23.37,888.1,0
2023-07-14,South,Apparel,51,18.68,952.47,0
2023-07-14,South,Electronics,49,21.27,1042.28,0
2023-07-14,South,Home & Garden,35,19.06,666.93,0
2023-07-14,West,Apparel,42,23.98,1007.36,0
2023-07-14,West,Electronics,54,21.95,1185.21,0
2023-07-14,West,Home & Garden,36,18.97,682.81,0
2023-07-15,North,Apparel,56,21.91,1226.93,0
2023-07-15,North,Electronics,69,19.04,1313.86,0
2023-07-15,North,Home & Garden,42,23.44,984.56,0
2023-07-15,South,Apparel,54,18.6,1004.52,0
2023-07-15,South,Electronics,51,21.26,1084.24,0
2023-07-15,South,Home & Garden,37,19.18,709.64,0
2023-07-15,West,Apparel,48,23.99,1151.72,0
2023-07-15,West,Electronics,55,21.9,1204.7,0
2023-07-15,West,Home & Garden,42,18.7,785.27,0
2023-07-16,North,Apparel,59,22.01,1298.48,0
2023-07-16,North,Electronics,74,19.02,1407.18,0
2023-07-16,North,Home & Garden,38,23.54,894.4,0
2023-07-16,South,Apparel,57,18.62,1061.48,0
2023-07-16,South,Electronics,48,21.46,1029.9,0
2023-07-16,South,Home & Garden,41,18.98,778.14,0
2023-07-16,West,Apparel,47,24.01,1128.45,0
2023-07-16,West,Electronics,56,21.77,1219.05,0
2023-07-16,West,Home & Garden,43,18.71,804.54,0
2023-07-17,North,Apparel,52,21.96,1141.85,0
2023-07-17,North,Electronics,69,18.97,1308.96,0
2023-07-17,North,Home & Garden,38,23.33,886.53,0
2023-07-17,South,Apparel,47,18.42,865.93,0
2023-07-17,South,Electronics,47,21.43,1007.4,0
2023-07-17,South,Home & Garden,32,19.27,616.6,0
2023-07-17,West,Apparel,41,24.27,995.26,0
2023-07-17,West,Electronics,52,22.03,1145.59,0
2023-07-17,West,Home & Garden,38,18.96,720.44,0
2023-07-18,North,Apparel,54,22.02,1189.34,0
2023-07-18,North,Electronics,88,18.93,1665.68,1
2023-07-18,North,Home & Garden,36,23.42,843.19,0
2023-07-18,South,Apparel,50,18.51,925.69,0
2023-07-18,South,Electronics,51,21.2,1081.24,0
2023-07-18,South,Home & Garden,36,19.09,687.12,0
2023-07-18,West,Apparel,42,24.37,1023.67,0
2023-07-18,West,Electronics,52,21.85,1136.33,0
2023-07-18,West,Home & Garden,33,18.97,625.9,0
2023-07-19,North,Apparel,50,22.11,1105.63,0
2023-07-19,North,Electronics,71,18.94,1344.82,0
2023-07-19,North,Home & Garden,37,23.41,866.3,0
2023-07-19,South,Apparel,45,18.47,830.99,0
2023-07-19,South,Electronics,52,21.38,1111.7,0
2023-07-19,South,Home & Garden,34,19.19,652.5,0
2023-07-19,West,Apparel,39,24.33,948.88,0
2023-07-19,West,Electronics,51,22.05,1124.79,0
2023-07-19,West,Home & Garden,39,19.07,743.68,0
2023-07-20,North,Apparel,53,21.99,1165.45,0
2023-07-20,North,Electronics,69,18.93,1305.93,0
2023-07-20,North,Home & Garden,36,23.33,839.75,0
2023-07-20,South,Apparel,48,18.73,898.98,0
2023-07-20,South,Electronics,50,21.37,1068.5,0
2023-07-20,South,Home & Garden,30,19.12,573.49,0
2023-07-20,West,Apparel,40,24.08,963.17,0
2023-07-20,West,Electronics,54,21.77,1175.7,0
2023-07-20,West,Home & Garden,37,19.02,703.61,0
2023-07-21,North,Apparel,57,21.79,1242.18,0
2023-07-21,North,Electronics,68,19.06,1296.08,0
2023-07-21,North,Home & Garden,35,23.49,822.29,0
2023-07-21,South,Apparel,50,18.48,924.03,0
2023-07-21,South,Electronics,52,21.3,1107.59,0
2023-07-21,South,Home & Garden,32,19.03,608.99,0
2023-07-21,West,Apparel,41,24.46,1002.82,0
2023-07-21,West,Electronics,55,22.04,1212.44,0
2023-07-21,West,Home & Garden,35,19.04,666.53,0
2023-07-22,North,Apparel,57,22.12,1260.9,0
2023-07-22,North,Electronics,73,18.99,1386.6,0
2023-07-22,North,Home & Garden,42,23.28,977.68,0
2023-07-22,South,Apparel,53,18.65,988.67,0
2023-07-22,South,Electronics,52,21.17,1100.85,0
2023-07-22,South,Home & Garden,35,18.91,661.72,0
2023-07-22,West,Apparel,42,24.21,1016.92,0
2023-07-22,West,Electronics,58,21.81,1264.93,0
2023-07-22,West,Home & Garden,44,18.82,827.99,0
2023-07-23,North,Apparel,58,22.05,1279.11,0
2023-07-23,North,Electronics,70,19.07,1334.66,0
2023-07-23,North,Home & Garden,38,23.17,880.56,0
2023-07-23,South,Apparel,55,18.63,1024.7,0
2023-07-23,South,Electronics,55,21.35,1174.26,0
2023-07-23,South,Home & Garden,40,19.1,763.9,0
2023-07-23,West,Apparel,62,24.3,1506.49,1
2023-07-23,West,Electronics,53,21.78,1154.4,0
2023-07-23,West,Home & Garden,38,18.94,719.84,0
2023-07-24,North,Apparel,52,22.12,1150.32,0
2023-07-24,North,Electronics,67,19.0,1273.2,0
2023-07-24,North,Home & Garden,37,23.63,874.32,0
2023-07-24,South,Apparel,46,18.61,856.08,0
2023-07-24,South,Electronics,53,21.27,1127.11,0
2023-07-24,South,Home & Garden,33,19.13,631.28,0
2023-07-24,West,Apparel,52,24.33,1265.37,1
2023-07-24,West,Electronics,55,21.96,1207.63,0
2023-07-24,West,Home & Garden,34,19.04,647.23,0
2023-07-25,North,Apparel,48,22.16,1063.56,0
2023-07-25,North,Electronics,71,19.03,1351.05,0
2023-07-25,North,Home & Garden,38,23.12,878.49,0
2023-07-25,South,Apparel,48,18.52,889.01,0
2023-07-25,South,Electronics,45,21.23,955.41,0
2023-07-25,South,Home & Garden,29,19.07,553.08,0
2023-07-25,West,Apparel,40,24.51,980.42,0
2023-07-25,West,Electronics,52,21.81,1133.93,0
2023-07-25,West,Home & Garden,41,18.92,775.71,0
2023-07-26,North,Apparel,52,21.96,1141.68,0
2023-07-26,North,Electronics,67,18.91,1267.16,0
2023-07-26,North,Home & Garden,36,23.69,852.67,0
2023-07-26,South,Apparel,46,18.61,855.89,0
2023-07-26,South,Electronics,49,21.27,1042.11,0
2023-07-26,South,Home & Garden,34,18.92,643.12,0
2023-07-26,West,Apparel,37,24.52,907.17,0
2023-07-26,West,Electronics,54,21.74,1173.86,0
2023-07-26,West,Home & Garden,37,19.06,705.09,0
2023-07-27,North,Apparel,51,22.12,1128.25,0
2023-07-27,North,Electronics,71,18.97,1347.16,0
2023-07-27,North,Home & Garden,46,23.35,1073.92,1
2023-07-27,South,Apparel,49,18.49,906.15,0
2023-07-27,South,Electronics,48,21.56,1034.72,0
2023-07-27,South,Home & Garden,32,19.06,610.04,0
2023-07-27,West,Apparel,38,24.18,918.96,0
2023-07-27,West,Electronics,50,22.09,1104.59,0
2023-07-27,West,Home & Garden,36,18.69,672.9,0
2023-07-28,North,Apparel,50,22.07,1103.28,0
2023-07-28,North,Electronics,70,19.09,1336.26,0
2023-07-28,North,Home & Garden,35,23.16,810.58,0
2023-07-28,South,Apparel,44,18.66,820.99,0
2023-07-28,South,Electronics,47,21.5,1010.39,0
2023-07-28,South,Home & Garden,30,19.19,575.74,0
2023-07-28,West,Apparel,39,24.42,952.47,0
2023-07-28,West,Electronics,53,21.7,1150.25,0
2023-07-28,West,Home & Garden,37,18.95,701.21,0
2023-07-29,North,Apparel,55,21.74,1195.93,0
2023-07-29,North,Electronics,68,19.06,1296.0,0
2023-07-29,North,Home & Garden,36,23.5,845.89,0
2023-07-29,South,Apparel,51,18.61,949.1,0
2023-07-29,South,Electronics,64,21.36,1367.27,1
2023-07-29,South,Home & Garden,40,19.38,775.21,0
2023-07-29,West,Apparel,46,24.32,1118.64,0
2023-07-29,West,Electronics,56,21.72,1216.43,0
2023-07-29,West,Home & Garden,41,19.02,779.74,0
2023-07-30,North,Apparel,57,22.05,1256.62,0
2023-07-30,North,Electronics,71,18.89,1341.35,0
2023-07-30,North,Home & Garden,37,23.6,873.1,0
2023-07-30,South,Apparel,56,18.57,1040.03,0
2023-07-30,South,Electronics,51,21.34,1088.51,0
2023-07-30,South,Home & Garden,38,18.92,719.02,0
2023-07-30,West,Apparel,56,24.21,1355.5,1
2023-07-30,West,Electronics,52,21.81,1133.92,0
2023-07-30,West,Home & Garden,42,18.71,785.99,0
2023-07-31,North,Apparel,49,21.79,1067.47,0
2023-07-31,North,Electronics,72,18.94,1363.7,0
2023-07-31,North,Home & Garden,35,23.4,819.07,0
2023-07-31,South,Apparel,41,18.72,767.47,0
2023-07-31,South,Electronics,46,21.57,992.09,0
2023-07-31,South,Home & Garden,32,19.18,613.74,0
2023-07-31,West,Apparel,41,24.23,993.59,0
2023-07-31,West,Electronics,53,22.01,1166.47,0
2023-07-31,West,Home & Garden,38,18.7,710.46,0
2023-08-01,North,Apparel,68,21.87,1486.84,1
2023-08-01,North,Electronics,66,19.15,1263.89,0
2023-08-01,North,Home & Garden,32,23.31,745.78,0
2023-08-01,South,Apparel,45,18.63,838.21,0
2023-08-01,South,Electronics,48,21.3,1022.49,0
2023-08-01,South,Home & Garden,32,19.02,608.75,0
2023-08-01,West,Apparel,39,24.24,945.44,0
2023-08-01,West,Electronics,55,21.78,1198.0,0
2023-08-01,West,Home & Garden,36,19.03,684.99,0
2023-08-02,North,Apparel,50,22.12,1105.77,0
2023-08-02,North,Electronics,68,18.9,1285.18,0
2023-08-02,North,Home & Garden,34,23.05,783.61,0
2023-08-02,South,Apparel,46,18.61,856.13,0
2023-08-02,South,Electronics,50,21.53,1076.35,0
2023-08-02,South,Home & Garden,38,19.14,727.14,1
2023-08-02,West,Apparel,39,24.32,948.63,0
2023-08-02,West,Electronics,52,21.69,1127.86,0
2023-08-02,West,Home & Garden,37,19.0,702.89,0
2023-08-03,North,Apparel,48,21.87,1049.61,0
2023-08-03,North,Electronics,70,18.93,1324.86,0
2023-08-03,North,Home & Garden,37,23.25,860.41,0
2023-08-03,South,Apparel,47,18.59,873.85,0
2023-08-03,South,Electronics,48,21.43,1028.79,0
2023-08-03,South,Home & Garden,30,19.15,574.43,0
2023-08-03,West,Apparel,40,24.13,965.4,0
2023-08-03,West,Electronics,68,21.98,1494.41,1
2023-08-03,West,Home & Garden,36,18.98,683.46,0
2023-08-04,North,Apparel,49,21.94,1075.26,0
2023-08-04,North,Electronics,70,19.1,1337.26,0
2023-08-04,North,Home & Garden,34,23.09,785.19,0
2023-08-04,South,Apparel,60,18.58,1114.55,1
2023-08-04,South,Electronics,65,21.23,1380.24,1
2023-08-04,South,Home & Garden,35,18.96,663.7,0
2023-08-04,West,Apparel,50,24.4,1219.92,1
2023-08-04,West,Electronics,51,22.03,1123.65,0
2023-08-04,West,Home & Garden,35,18.82,658.74,0
2023-08-05,North,Apparel,55,21.85,1201.92,0
2023-08-05,North,Electronics,71,18.99,1348.59,0
2023-08-05,North,Home & Garden,39,23.46,915.0,0
2023-08-05,South,Apparel,50,18.61,930.4,0
2023-08-05,South,Electronics,50,21.3,1064.85,0
2023-08-05,South,Home & Garden,36,19.19,690.75,0
2023-08-05,West,Apparel,43,24.23,1041.98,0
2023-08-05,West,Electronics,56,21.94,1228.59,0
2023-08-05,West,Home & Garden,39,18.9,737.22,0
2023-08-06,North,Apparel,60,21.78,1306.72,0
2023-08-06,North,Electronics,70,19.01,1330.88,0
2023-08-06,North,Home & Garden,38,23.6,896.84,0
2023-08-06,South,Apparel,55,18.59,1022.27,0
2023-08-06,South,Electronics,51,21.49,1095.98,0
2023-08-06,South,Home & Garden,37,19.1,706.7,0
2023-08-06,West,Apparel,45,24.29,1093.02,0
2023-08-06,West,Electronics,50,21.77,1088.65,0
2023-08-06,West,Home & Garden,44,18.65,820.53,0
2023-08-07,North,Apparel,48,21.92,1051.96,0
2023-08-07,North,Electronics,72,18.88,1359.58,0
2023-08-07,North,Home & Garden,44,23.15,1018.53,1
2023-08-07,South,Apparel,48,18.61,893.1,0
2023-08-07,South,Electronics,45,21.32,959.52,0
2023-08-07,South,Home & Garden,28,19.39,542.93,0
2023-08-07,West,Apparel,35,24.36,852.74,0
2023-08-07,West,Electronics,56,22.06,1235.43,0
2023-08-07,West,Home & Garden,37,19.07,705.42,0
2023-08-08,North,Apparel,49,22.04,1079.77,0
2023-08-08,North,Electronics,72,19.05,1371.6,0
2023-08-08,North,Home & Garden,45,23.47,1056.05,1
2023-08-08,South,Apparel,45,18.52,833.51,0
2023-08-08,South,Electronics,46,21.52,989.7,0
2023-08-08,South,Home & Garden,30,18.9,566.88,0
2023-08-08,West,Apparel,38,24.34,924.96,0
2023-08-08,West,Electronics,70,21.77,1524.07,1
2023-08-08,West,Home & Garden,38,18.88,717.43,0
2023-08-09,North,Apparel,48,22.08,1059.93,0
2023-08-09,North,Electronics,70,19.07,1335.13,0
2023-08-09,North,Home & Garden,34,23.15,787.23,0
2023-08-09,South,Apparel,42,18.45,774.72,0
2023-08-09,South,Electronics,47,21.4,1005.79,0
2023-08-09,South,Home & Garden,33,19.18,632.87,0
2023-08-09,West,Apparel,39,24.27,946.53,0
2023-08-09,West,Electronics,51,21.76,1109.87,0
2023-08-09,West,Home & Garden,36,18.88,679.6,0
2023-08-10,North,Apparel,50,21.97,1098.39,0
2023-08-10,North,Electronics,68,19.01,1292.61,0
2023-08-10,North,Home & Garden,30,23.59,707.67,0
2023-08-10,South,Apparel,64,18.49,1183.59,1
2023-08-10,South,Electronics,45,21.14,951.17,0
2023-08-10,South,Home & Garden,33,18.89,623.23,0
2023-08-10,West,Apparel,38,24.31,923.95,0
2023-08-10,West,Electronics,47,21.96,1031.93,0
2023-08-10,West,Home & Garden,36,19.05,685.69,0
2023-08-11,North,Apparel,48,21.97,1054.46,0
2023-08-11,North,Electronics,66,18.94,1250.05,0
2023-08-11,North,Home & Garden,35,23.16,810.63,0
2023-08-11,South,Apparel,46,18.45,848.84,0
2023-08-11,South,Electronics,45,21.54,969.4,0
2023-08-11,South,Home & Garden,35,19.14,669.84,0
2023-08-11,West,Apparel,36,23.94,862.0,0
2023-08-11,West,Electronics,52,21.76,1131.59,0
2023-08-11,West,Home & Garden,36,18.61,669.83,0
2023-08-12,North,Apparel,52,22.05,1146.65,0
2023-08-12,North,Electronics,69,18.94,1306.66,0
2023-08-12,North,Home & Garden,37,23.28,861.35,0
2023-08-12,South,Apparel,50,18.65,932.44,0
2023-08-12,South,Electronics,50,21.58,1078.99,0
2023-08-12,South,Home & Garden,39,19.07,743.91,0
2023-08-12,West,Apparel,45,24.06,1082.68,0
2023-08-12,West,Electronics,51,21.8,1111.57,0
2023-08-12,West,Home & Garden,43,18.72,804.85,0
2023-08-13,North,Apparel,54,21.87,1181.24,0
2023-08-13,North,Electronics,72,18.96,1365.12,0
2023-08-13,North,Home & Garden,38,23.63,897.83,0
2023-08-13,South,Apparel,47,18.69,878.44,0
2023-08-13,South,Electronics,50,21.38,1068.84,0
2023-08-13,South,Home & Garden,36,19.09,687.24,0
2023-08-13,West,Apparel,41,24.38,999.67,0
2023-08-13,West,Electronics,55,21.72,1194.46,0
2023-08-13,West,Home & Garden,40,18.76,750.51,0
2023-08-14,North,Apparel,48,21.96,1053.86,0
2023-08-14,North,Electronics,68,19.09,1297.97,0
2023-08-14,North,Home & Garden,34,23.09,785.0,0
2023-08-14,South,Apparel,44,18.71,823.27,0
2023-08-14,South,Electronics,49,21.17,1037.36,0
2023-08-14,South,Home & Garden,32,19.38,620.26,0
2023-08-14,West,Apparel,52,24.04,1249.93,1
2023-08-14,West,Electronics,52,21.75,1130.82,0
2023-08-14,West,Home & Garden,34,18.72,636.35,0
2023-08-15,North,Apparel,47,22.1,1038.89,0
2023-08-15,North,Electronics,70,19.14,1339.72,0
2023-08-15,North,Home & Garden,33,23.14,763.64,0
2023-08-15,South,Apparel,46,18.74,862.24,0
2023-08-15,South,Electronics,45,21.6,972.09,0
2023-08-15,South,Home & Garden,31,19.06,591.0,0
2023-08-15,West,Apparel,38,24.48,930.1,0
2023-08-15,West,Electronics,49,21.79,1067.77,0
2023-08-15,West,Home & Garden,36,19.09,687.22,0
2023-08-16,North,Apparel,47,22.08,1037.72,0
2023-08-16,North,Electronics,69,18.89,1303.39,0
2023-08-16,North,Home & Garden,33,23.46,774.13,0
2023-08-16,South,Apparel,47,18.42,865.69,0
2023-08-16,South,Electronics,47,21.27,999.73,0
2023-08-16,South,Home & Garden,35,19.21,672.35,0
2023-08-16,West,Apparel,38,24.26,921.9,0
2023-08-16,West,Electronics,53,21.86,1158.37,0
2023-08-16,West,Home & Garden,35,18.91,661.82,0
2023-08-17,North,Apparel,50,22.07,1103.32,0
2023-08-17,North,Electronics,63,19.11,1203.91,0
2023-08-17,North,Home & Garden,44,23.28,1024.28,1
2023-08-17,South,Apparel,44,18.74,824.62,0
2023-08-17,South,Electronics,45,21.44,964.89,0
2023-08-17,South,Home & Garden,33,19.36,638.97,0
2023-08-17,West,Apparel,40,24.12,964.96,0
2023-08-17,West,Electronics,52,21.96,1141.94,0
2023-08-17,West,Home & Garden,36,18.72,674.03,0
2023-08-18,North,Apparel,47,22.12,1039.76,0
2023-08-18,North,Electronics,69,19.08,1316.28,0
2023-08-18,North,Home & Garden,35,23.27,814.58,0
2023-08-18,South,Apparel,43,18.58,798.8,0
2023-08-18,South,Electronics,48,21.35,1024.86,0
2023-08-18,South,Home & Garden,31,19.45,603.0,0
2023-08-18,West,Apparel,38,24.03,913.13,0
2023-08-18,West,Electronics,52,22.06,1147.34,0
2023-08-18,West,Home & Garden,37,18.6,688.29,0
2023-08-19,North,Apparel,51,22.03,1123.76,0
2023-08-19,North,Electronics,67,19.13,1281.4,0
2023-08-19,North,Home & Garden,36,23.69,852.92,0
2023-08-19,South,Apparel,52,18.66,970.43,0
2023-08-19,South,Electronics,52,21.24,1104.61,0
2023-08-19,South,Home & Garden,36,19.23,692.36,0
2023-08-19,West,Apparel,43,24.4,1049.38,0
2023-08-19,West,Electronics,53,21.92,1161.54,0
2023-08-19,West,Home & Garden,39,18.75,731.23,0
2023-08-20,North,Apparel,52,22.06,1147.18,0
2023-08-20,North,Electronics,69,18.93,1306.37,0
2023-08-20,North,Home & Garden,37,23.21,858.6,0
2023-08-20,South,Apparel,48,18.6,892.87,0
2023-08-20,South,Electronics,70,21.39,1497.21,1
2023-08-20,South,Home & Garden,38,19.32,734.19,0
2023-08-20,West,Apparel,42,24.45,1027.04,0
2023-08-20,West,Electronics,67,21.81,1461.31,1
2023-08-20,West,Home & Garden,39,19.02,741.91,0
2023-08-21,North,Apparel,48,21.76,1044.34,0
2023-08-21,North,Electronics,67,18.99,1272.21,0
2023-08-21,North,Home & Garden,30,23.74,712.11,0
2023-08-21,South,Apparel,58,18.5,1072.85,1
2023-08-21,South,Electronics,48,21.55,1034.58,0
2023-08-21,South,Home & Garden,32,19.13,612.15,0
2023-08-21,West,Apparel,38,24.49,930.75,0
2023-08-21,West,Electronics,52,21.93,1140.48,0
2023-08-21,West,Home & Garden,34,19.02,646.76,0
2023-08-22,North,Apparel,45,21.89,985.18,0
2023-08-22,North,Electronics,71,18.99,1348.03,0
2023-08-22,North,Home & Garden,32,23.51,752.37,0
2023-08-22,South,Apparel,44,18.39,809.3,0
2023-08-22,South,Electronics,46,21.44,986.16,0
2023-08-22,South,Home & Garden,34,18.96,644.65,0
2023-08-22,West,Apparel,40,23.97,958.89,0
2023-08-22,West,Electronics,49,22.08,1081.94,0
2023-08-22,West,Home & Garden,37,18.94,700.7,0
2023-08-23,North,Apparel,50,22.0,1100.1,0
2023-08-23,North,Electronics,73,19.12,1395.42,0
2023-08-23,North,Home & Garden,34,23.61,802.63,0
2023-08-23,South,Apparel,47,18.55,871.9,0
2023-08-23,South,Electronics,48,21.22,1018.79,0
2023-08-23,South,Home & Garden,27,18.95,511.53,0
2023-08-23,West,Apparel,37,24.47,905.55,0
2023-08-23,West,Electronics,47,21.9,1029.17,0
2023-08-23,West,Home & Garden,35,18.69,654.18,0
2023-08-24,North,Apparel,49,21.76,1066.15,0
2023-08-24,North,Electronics,67,19.1,1279.99,0
2023-08-24,North,Home & Garden,33,23.16,764.43,0
2023-08-24,South,Apparel,47,18.52,870.58,0
2023-08-24,South,Electronics,67,21.37,1431.77,1
2023-08-24,South,Home & Garden,31,19.44,602.65,0
2023-08-24,West,Apparel,38,24.43,928.19,0
2023-08-24,West,Electronics,53,21.7,1150.14,0
2023-08-24,West,Home & Garden,35,18.78,657.15,0
2023-08-25,North,Apparel,49,22.14,1085.02,0
2023-08-25,North,Electronics,65,19.1,1241.63,0
2023-08-25,North,Home & Garden,30,23.64,709.26,0
2023-08-25,South,Apparel,40,18.79,751.66,0
2023-08-25,South,Electronics,44,21.18,932.04,0
2023-08-25,South,Home & Garden,30,18.89,566.64,0
2023-08-25,West,Apparel,39,24.41,951.96,0
2023-08-25,West,Electronics,54,21.88,1181.32,0
2023-08-25,West,Home & Garden,32,19.04,609.17,0
2023-08-26,North,Apparel,53,21.88,1159.83,0
2023-08-26,North,Electronics,70,19.02,1331.09,0
2023-08-26,North,Home & Garden,34,23.55,800.67,0
2023-08-26,South,Apparel,49,18.45,904.01,0
2023-08-26,South,Electronics,49,21.37,1047.05,0
2023-08-26,South,Home & Garden,38,19.32,734.32,0
2023-08-26,West,Apparel,44,24.2,1064.85,0
2023-08-26,West,Electronics,52,21.97,1142.53,0
2023-08-26,West,Home & Garden,41,18.61,763.19,0
2023-08-27,North,Apparel,48,22.01,1056.69,0
2023-08-27,North,Electronics,71,18.93,1344.13,0
2023-08-27,North,Home & Garden,34,23.72,806.43,0
2023-08-27,South,Apparel,55,18.47,1015.96,0
2023-08-27,South,Electronics,46,21.5,988.92,0
2023-08-27,South,Home & Garden,38,19.08,725.12,0
2023-08-27,West,Apparel,41,24.19,991.93,0
2023-08-27,West,Electronics,57,21.74,1239.06,0
2023-08-27,West,Home & Garden,49,18.96,928.82,1
2023-08-28,North,Apparel,49,22.0,1078.12,0
2023-08-28,North,Electronics,65,18.87,1226.87,0
2023-08-28,North,Home & Garden,33,23.48,774.99,0
2023-08-28,South,Apparel,41,18.74,768.15,0
2023-08-28,South,Electronics,50,21.53,1076.71,0
2023-08-28,South,Home & Garden,30,19.34,580.28,0
2023-08-28,West,Apparel,38,24.36,925.55,0
2023-08-28,West,Electronics,50,21.67,1083.5,0
2023-08-28,West,Home & Garden,33,18.61,614.25,0
2023-08-29,North,Apparel,45,21.74,978.41,0
2023-08-29,North,Electronics,69,19.12,1319.17,0
2023-08-29,North,Home & Garden,33,23.28,768.28,0
2023-08-29,South,Apparel,46,18.64,857.53,0
2023-08-29,South,Electronics,45,21.2,954.14,0
2023-08-29,South,Home & Garden,33,19.12,631.0,0
2023-08-29,West,Apparel,37,24.08,890.78,0
2023-08-29,West,Electronics,48,22.08,1059.74,0
2023-08-29,West,Home & Garden,38,18.65,708.69,0
2023-08-30,North,Apparel,45,21.73,977.88,0
2023-08-30,North,Electronics,66,18.88,1245.81,0
2023-08-30,North,Home & Garden,26,23.63,614.28,0
2023-08-30,South,Apparel,45,18.42,828.82,0
2023-08-30,South,Electronics,47,21.19,995.91,0
2023-08-30,South,Home & Garden,43,19.24,827.11,1
2023-08-30,West,Apparel,38,24.27,922.22,0
2023-08-30,West,Electronics,63,21.8,1373.14,1
2023-08-30,West,Home & Garden,35,18.6,651.09,0
2023-08-31,North,Apparel,46,21.99,1011.61,0
2023-08-31,North,Electronics,66,19.01,1254.9,0
2023-08-31,North,Home & Garden,31,23.54,729.89,0
2023-08-31,South,Apparel,45,18.54,834.43,0
2023-08-31,South,Electronics,45,21.42,964.01,0
2023-08-31,South,Home & Garden,30,19.2,576.05,0
2023-08-31,West,Apparel,37,24.24,896.97,0
2023-08-31,West,Electronics,52,22.03,1145.41,0
2023-08-31,West,Home & Garden,33,18.65,615.34,0
2023-09-01,North,Apparel,48,22.01,1056.65,0
2023-09-01,North,Electronics,66,19.08,1259.5,0
2023-09-01,North,Home & Garden,31,23.72,735.46,0
2023-09-01,South,Apparel,41,18.68,765.96,0
2023-09-01,South,Electronics,42,21.59,906.73,0
2023-09-01,South,Home & Garden,34,19.35,658.05,0
2023-09-01,West,Apparel,49,24.16,1183.81,1
2023-09-01,West,Electronics,47,22.0,1034.05,0
2023-09-01,West,Home & Garden,34,18.67,634.94,0
2023-09-02,North,Apparel,53,21.88,1159.79,0
2023-09-02,North,Electronics,69,18.92,1305.51,0
2023-09-02,North,Home & Garden,34,23.06,784.15,0
2023-09-02,South,Apparel,48,18.42,884.12,0
2023-09-02,South,Electronics,44,21.24,934.47,0
2023-09-02,South,Home & Garden,34,19.37,658.5,0
2023-09-02,West,Apparel,41,24.51,1004.89,0
2023-09-02,West,Electronics,53,21.88,1159.65,0
2023-09-02,West,Home & Garden,38,18.68,709.99,0
2023-09-03,North,Apparel,52,22.12,1150.02,0
2023-09-03,North,Electronics,89,19.11,1700.86,1
2023-09-03,North,Home & Garden,34,23.58,801.68,0
2023-09-03,South,Apparel,59,18.49,1090.99,1
2023-09-03,South,Electronics,49,21.45,1051.25,0
2023-09-03,South,Home & Garden,34,19.12,650.15,0
2023-09-03,West,Apparel,41,24.25,994.36,0
2023-09-03,West,Electronics,50,21.98,1098.78,0
2023-09-03,West,Home & Garden,41,18.9,774.77,0
2023-09-04,North,Apparel,45,21.72,977.4,0
2023-09-04,North,Electronics,63,18.93,1192.73,0
2023-09-04,North,Home & Garden,33,23.32,769.43,0
2023-09-04,South,Apparel,43,18.76,806.63,0
2023-09-04,South,Electronics,48,21.35,1024.9,0
2023-09-04,South,Home & Garden,31,19.23,596.01,0
2023-09-04,West,Apparel,36,24.24,872.53,0
2023-09-04,West,Electronics,48,21.68,1040.6,0
2023-09-04,West,Home & Garden,35,18.89,661.22,0
2023-09-05,North,Apparel,44,22.11,972.84,0
2023-09-05,North,Electronics,63,18.93,1192.34,0
2023-09-05,North,Home & Garden,40,23.43,937.05,1
2023-09-05,South,Apparel,38,18.58,706.15,0
2023-09-05,South,Electronics,43,21.39,919.73,0
2023-09-05,South,Home & Garden,29,19.01,551.36,0
2023-09-05,West,Apparel,48,24.09,1156.39,1
2023-09-05,West,Electronics,50,22.1,1105.03,0
2023-09-05,West,Home & Garden,34,18.89,642.27,0
2023-09-06,North,Apparel,45,22.13,995.84,0
2023-09-06,North,Electronics,61,19.1,1164.9,0
2023-09-06,North,Home & Garden,30,23.34,700.34,0
2023-09-06,South,Apparel,41,18.59,761.99,0
2023-09-06,South,Electronics,41,21.36,875.85,0
2023-09-06,South,Home & Garden,29,19.47,564.76,0
2023-09-06,West,Apparel,49,24.03,1177.57,1
2023-09-06,West,Electronics,47,22.1,1038.9,0
2023-09-06,West,Home & Garden,36,19.01,684.28,0
2023-09-07,North,Apparel,44,22.11,972.84,0
2023-09-07,North,Electronics,65,18.94,1231.11,0
2023-09-07,North,Home & Garden,30,23.62,708.74,0
2023-09-07,South,Apparel,45,18.46,830.81,0
2023-09-07,South,Electronics,44,21.21,933.37,0
2023-09-07,South,Home & Garden,32,19.04,609.12,0
2023-09-07,West,Apparel,38,24.24,921.0,0
2023-09-07,West,Electronics,47,22.02,1035.12,0
2023-09-07,West,Home & Garden,31,18.89,585.65,0
2023-09-08,North,Apparel,46,21.95,1009.64,0
2023-09-08,North,Electronics,65,19.13,1243.3,0
2023-09-08,North,Home & Garden,30,23.49,704.78,0
2023-09-08,South,Apparel,42,18.72,786.1,0
2023-09-08,South,Electronics,42,21.51,903.42,0
2023-09-08,South,Home & Garden,29,19.26,558.48,0
2023-09-08,West,Apparel,36,24.06,866.12,0
2023-09-08,West,Electronics,50,22.03,1101.63,0
2023-09-08,West,Home & Garden,34,19.03,646.94,0
2023-09-09,North,Apparel,51,22.03,1123.29,0
2023-09-09,North,Electronics,68,18.91,1285.75,0
2023-09-09,North,Home & Garden,35,23.14,810.07,0
2023-09-09,South,Apparel,50,18.39,919.3,0
2023-09-09,South,Electronics,46,21.17,973.9,0
2023-09-09,South,Home & Garden,31,18.92,586.48,0
2023-09-09,West,Apparel,53,24.35,1290.76,1
2023-09-09,West,Electronics,54,21.85,1179.84,0
2023-09-09,West,Home & Garden,39,18.63,726.72,0
2023-09-10,North,Apparel,51,21.76,1109.73,0
2023-09-10,North,Electronics,70,19.11,1337.4,0
2023-09-10,North,Home & Garden,32,23.36,747.6,0
2023-09-10,South,Apparel,44,18.42,810.3,0
2023-09-10,South,Electronics,48,21.42,1028.2,0
2023-09-10,South,Home & Garden,34,19.31,656.66,0
2023-09-10,West,Apparel,39,24.33,948.97,0
2023-09-10,West,Electronics,52,21.81,1134.27,0
2023-09-10,West,Home & Garden,37,18.85,697.28,0
2023-09-11,North,Apparel,39,22.08,861.02,0
2023-09-11,North,Electronics,63,19.03,1198.67,0
2023-09-11,North,Home & Garden,40,23.64,945.49,1
2023-09-11,South,Apparel,38,18.77,713.15,0
2023-09-11,South,Electronics,44,21.27,936.02,0
2023-09-11,South,Home & Garden,28,18.84,527.43,0
2023-09-11,West,Apparel,36,24.41,878.83,0
2023-09-11,West,Electronics,46,22.02,1013.08,0
2023-09-11,West,Home & Garden,32,18.91,605.2,0
2023-09-12,North,Apparel,44,21.89,963.16,0
2023-09-12,North,Electronics,64,19.15,1225.89,0
2023-09-12,North,Home & Garden,32,23.09,738.74,0
2023-09-12,South,Apparel,43,18.54,797.13,0
2023-09-12,South,Electronics,42,21.39,898.51,0
2023-09-12,South,Home & Garden,30,19.34,580.07,0
2023-09-12,West,Apparel,33,24.35,803.63,0
2023-09-12,West,Electronics,46,22.11,1016.85,0
2023-09-12,West,Home & Garden,34,18.92,643.19,0
2023-09-13,North,Apparel,43,22.08,949.65,0
2023-09-13,North,Electronics,60,19.06,1143.54,0
2023-09-13,North,Home & Garden,30,23.25,697.39,0
2023-09-13,South,Apparel,40,18.79,751.64,0
2023-09-13,South,Electronics,45,21.33,959.87,0
2023-09-13,South,Home & Garden,30,19.07,572.14,0
2023-09-13,West,Apparel,32,24.07,770.28,0
2023-09-13,West,Electronics,48,21.68,1040.69,0
2023-09-13,West,Home & Garden,34,18.78,638.38,0
2023-09-14,North,Apparel,44,21.74,956.68,0
2023-09-14,North,Electronics,62,18.9,1172.1,0
2023-09-14,North,Home & Garden,29,23.02,667.6,0
2023-09-14,South,Apparel,38,18.47,701.86,0
2023-09-14,South,Electronics,45,21.35,960.94,0
2023-09-14,South,Home & Garden,31,19.27,597.25,0
2023-09-14,West,Apparel,32,24.05,769.71,0
2023-09-14,West,Electronics,48,21.85,1048.81,0
2023-09-14,West,Home & Garden,30,18.55,556.61,0
2023-09-15,North,Apparel,42,21.8,915.73,0
2023-09-15,North,Electronics,64,19.03,1217.67,0
2023-09-15,North,Home & Garden,28,23.8,666.45,0
2023-09-15,South,Apparel,41,18.67,765.33,0
2023-09-15,South,Electronics,43,21.24,913.3,0
2023-09-15,South,Home & Garden,30,19.18,575.48,0
2023-09-15,West,Apparel,31,24.3,753.37,0
2023-09-15,West,Electronics,45,21.94,987.18,0
2023-09-15,West,Home & Garden,35,19.08,667.71,0
2023-09-16,North,Apparel,46,21.93,1008.86,0
2023-09-16,North,Electronics,67,19.13,1281.43,0
2023-09-16,North,Home & Garden,35,23.07,807.39,0
2023-09-16,South,Apparel,45,18.57,835.75,0
2023-09-16,South,Electronics,46,21.57,992.21,0
2023-09-16,South,Home & Garden,35,19.14,669.85,0
2023-09-16,West,Apparel,47,24.15,1135.24,1
2023-09-16,West,Electronics,51,21.99,1121.43,0
2023-09-16,West,Home & Garden,39,18.77,731.88,0
2023-09-17,North,Apparel,49,21.97,1076.31,0
2023-09-17,North,Electronics,65,18.87,1226.84,0
2023-09-17,North,Home & Garden,33,23.07,761.44,0
2023-09-17,South,Apparel,51,18.73,955.42,0
2023-09-17,South,Electronics,47,21.42,1006.95,0
2023-09-17,South,Home & Garden,32,18.95,606.24,0
2023-09-17,West,Apparel,51,24.05,1226.62,1
2023-09-17,West,Electronics,50,21.8,1089.99,0
2023-09-17,West,Home & Garden,36,18.88,679.77,0
2023-09-18,North,Apparel,42,21.89,919.47,0
2023-09-18,North,Electronics,62,18.93,1173.68,0
2023-09-18,North,Home & Garden,30,23.5,704.85,0
2023-09-18,South,Apparel,41,18.41,754.7,0
2023-09-18,South,Electronics,44,21.37,940.23,0
2023-09-18,South,Home & Garden,30,18.86,565.77,0
2023-09-18,West,Apparel,46,24.12,1109.56,1
2023-09-18,West,Electronics,43,22.0,946.19,0
2023-09-18,West,Home & Garden,30,18.99,569.67,0
2023-09-19,North,Apparel,43,22.15,952.64,0
2023-09-19,North,Electronics,58,19.06,1105.44,0
2023-09-19,North,Home & Garden,28,23.66,662.43,0
2023-09-19,South,Apparel,37,18.67,690.65,0
2023-09-19,South,Electronics,43,21.4,920.41,0
2023-09-19,South,Home & Garden,32,18.89,604.49,0
2023-09-19,West,Apparel,33,24.44,806.55,0
2023-09-19,West,Electronics,45,21.75,978.85,0
2023-09-19,West,Home & Garden,34,18.65,633.97,0
2023-09-20,North,Apparel,41,21.92,898.75,0
2023-09-20,North,Electronics,61,18.93,1154.52,0
2023-09-20,North,Home & Garden,27,23.79,642.22,0
2023-09-20,South,Apparel,41,18.53,759.61,0
2023-09-20,South,Electronics,46,21.32,980.58,0
2023-09-20,South,Home & Garden,27,18.87,509.46,0
2023-09-20,West,Apparel,33,23.95,790.33,0
2023-09-20,West,Electronics,45,22.12,995.22,0
2023-09-20,West,Home & Garden,32,19.07,610.22,0
2023-09-21,North,Apparel,45,21.74,978.15,0
2023-09-21,North,Electronics,84,19.02,1597.85,1
2023-09-21,North,Home & Garden,29,23.71,687.73,0
2023-09-21,South,Apparel,42,18.71,785.78,0
2023-09-21,South,Electronics,44,21.36,939.86,0
2023-09-21,South,Home & Garden,31,19.18,594.52,0
2023-09-21,West,Apparel,31,23.99,743.58,0
2023-09-21,West,Electronics,46,22.0,1011.87,0
2023-09-21,West,Home & Garden,33,18.66,615.66,0
2023-09-22,North,Apparel,60,22.08,1324.67,1
2023-09-22,North,Electronics,63,18.89,1190.15,0
2023-09-22,North,Home & Garden,29,23.21,673.17,0
2023-09-22,South,Apparel,56,18.68,1046.0,1
2023-09-22,South,Electronics,42,21.21,890.88,0
2023-09-22,South,Home & Garden,27,18.9,510.27,0
2023-09-22,West,Apparel,33,24.0,792.06,0
2023-09-22,West,Electronics,50,21.95,1097.42,0
2023-09-22,West,Home & Garden,32,19.01,608.31,0
2023-09-23,North,Apparel,48,21.78,1045.26,0
2023-09-23,North,Electronics,65,19.13,1243.64,0
2023-09-23,North,Home & Garden,34,23.18,787.96,0
2023-09-23,South,Apparel,43,18.7,804.11,0
2023-09-23,South,Electronics,44,21.56,948.69,0
2023-09-23,South,Home & Garden,31,18.96,587.64,0
2023-09-23,West,Apparel,35,24.14,844.76,0
2023-09-23,West,Electronics,49,22.05,1080.38,0
2023-09-23,West,Home & Garden,38,18.91,718.58,0
2023-09-24,North,Apparel,47,21.72,1020.8,0
2023-09-24,North,Electronics,64,19.07,1220.2,0
2023-09-24,North,Home & Garden,34,23.3,792.33,0
2023-09-24,South,Apparel,45,18.52,833.43,0
2023-09-24,South,Electronics,44,21.39,941.11,0
2023-09-24,South,Home & Garden,33,18.96,625.8,0
2023-09-24,West,Apparel,37,24.21,895.95,0
2023-09-24,West,Electronics,47,21.9,1029.09,0
2023-09-24,West,Home & Garden,37,19.02,703.77,0
2023-09-25,North,Apparel,43,21.85,939.38,0
2023-09-25,North,Electronics,61,18.94,1155.13,0
2023-09-25,North,Home & Garden,28,23.44,656.27,0
2023-09-25,South,Apparel,37,18.49,683.97,0
2023-09-25,South,Electronics,44,21.19,932.21,0
2023-09-25,South,Home & Garden,29,18.91,548.47,0
2023-09-25,West,Apparel,50,24.37,1218.36,1
2023-09-25,West,Electronics,46,22.05,1014.11,0
2023-09-25,West,Home & Garden,30,18.76,562.88,0
2023-09-26,North,Apparel,58,21.91,1270.49,1
2023-09-26,North,Electronics,59,19.02,1121.96,0
2023-09-26,North,Home & Garden,29,23.39,678.43,0
2023-09-26,South,Apparel,37,18.78,694.98,0
2023-09-26,South,Electronics,41,21.3,873.28,0
2023-09-26,South,Home & Garden,29,19.08,553.3,0
2023-09-26,West,Apparel,33,24.55,810.24,0
2023-09-26,West,Electronics,45,21.9,985.61,0
2023-09-26,West,Home & Garden,30,18.62,558.58,0
2023-09-27,North,Apparel,41,22.12,906.75,0
2023-09-27,North,Electronics,62,19.03,1179.98,0
2023-09-27,North,Home & Garden,28,23.22,650.03,0
2023-09-27,South,Apparel,35,18.47,646.61,0
2023-09-27,South,Electronics,41,21.46,879.73,0
2023-09-27,South,Home & Garden,25,19.43,485.71,0
2023-09-27,West,Apparel,32,24.12,771.78,0
2023-09-27,West,Electronics,46,22.03,1013.34,0
2023-09-27,West,Home & Garden,31,19.02,589.53,0
2023-09-28,North,Apparel,43,21.74,934.89,0
2023-09-28,North,Electronics,61,19.09,1164.35,0
2023-09-28,North,Home & Garden,29,23.56,683.24,0
2023-09-28,South,Apparel,40,18.35,734.02,0
2023-09-28,South,Electronics,44,21.45,944.02,0
2023-09-28,South,Home & Garden,28,19.02,532.56,0
2023-09-28,West,Apparel,33,24.38,804.6,0
2023-09-28,West,Electronics,47,21.75,1022.13,0
2023-09-28,West,Home & Garden,35,18.71,654.98,0
2023-09-29,North,Apparel,43,22.01,946.23,0
2023-09-29,North,Electronics,61,19.09,1164.43,0
2023-09-29,North,Home & Garden,29,22.99,666.67,0
2023-09-29,South,Apparel,35,18.57,649.9,0
2023-09-29,South,Electronics,42,21.49,902.59,0
2023-09-29,South,Home & Garden,26,18.9,491.35,0
2023-09-29,West,Apparel,31,24.27,752.32,0
2023-09-29,West,Electronics,48,21.83,1047.71,0
2023-09-29,West,Home & Garden,30,18.91,567.37,0
2023-09-30,North,Apparel,44,21.71,955.07,0
2023-09-30,North,Electronics,62,18.96,1175.51,0
2023-09-30,North,Home & Garden,31,23.36,724.11,0
2023-09-30,South,Apparel,45,18.6,837.06,0
2023-09-30,South,Electronics,47,21.39,1005.47,0
2023-09-30,South,Home & Garden,29,19.01,551.23,0
2023-09-30,West,Apparel,35,24.51,857.68,0
2023-09-30,West,Electronics,48,21.86,1049.5,0
2023-09-30,West,Home & Garden,36,18.7,673.1,0
2023-10-01,North,Apparel,44,21.8,959.16,0
2023-10-01,North,Electronics,58,18.95,1099.19,0
2023-10-01,North,Home & Garden,31,23.18,718.63,0
2023-10-01,South,Apparel,43,18.55,797.45,0
2023-10-01,South,Electronics,46,21.41,985.03,0
2023-10-01,South,Home & Garden,30,18.96,568.85,0
2023-10-01,West,Apparel,39,24.47,954.4,0
2023-10-01,West,Electronics,51,21.99,1121.66,0
2023-10-01,West,Home & Garden,37,18.63,689.48,0
2023-10-02,North,Apparel,39,21.69,845.99,0
2023-10-02,North,Electronics,62,19.07,1182.38,0
2023-10-02,North,Home & Garden,28,23.58,660.26,0
2023-10-02,South,Apparel,37,18.8,695.42,0
2023-10-02,South,Electronics,39,21.38,833.75,0
2023-10-02,South,Home & Garden,25,19.32,483.09,0
2023-10-02,West,Apparel,30,23.9,717.1,0
2023-10-02,West,Electronics,47,21.83,1026.09,0
2023-10-02,West,Home & Garden,29,19.01,551.29,0
2023-10-03,North,Apparel,37,21.98,813.15,0
2023-10-03,North,Electronics,76,19.05,1447.85,1
2023-10-03,North,Home & Garden,42,23.21,974.79,1
2023-10-03,South,Apparel,36,18.46,664.43,0
2023-10-03,South,Electronics,41,21.46,879.71,0
2023-10-03,South,Home & Garden,27,19.47,525.65,0
2023-10-03,West,Apparel,31,24.04,745.18,0
2023-10-03,West,Electronics,43,22.11,950.72,0
2023-10-03,West,Home & Garden,31,19.09,591.68,0
2023-10-04,North,Apparel,40,21.67,866.81,0
2023-10-04,North,Electronics,57,19.09,1088.07,0
2023-10-04,North,Home & Garden,29,23.36,677.36,0
2023-10-04,South,Apparel,37,18.6,688.18,0
2023-10-04,South,Electronics,55,21.45,1179.73,1
2023-10-04,South,Home & Garden,28,19.49,545.75,0
2023-10-04,West,Apparel,32,24.01,768.17,0
2023-10-04,West,Electronics,49,22.03,1079.35,0
2023-10-04,West,Home & Garden,30,18.74,562.07,0
2023-10-05,North,Apparel,41,21.69,889.41,0
2023-10-05,North,Electronics,61,18.94,1155.06,0
2023-10-05,North,Home & Garden,26,23.47,610.31,0
2023-10-05,South,Apparel,37,18.77,694.58,0
2023-10-05,South,Electronics,39,21.14,824.54,0
2023-10-05,South,Home & Garden,24,18.83,451.9,0
2023-10-05,West,Apparel,30,23.84,715.08,0
2023-10-05,West,Electronics,45,22.04,991.98,0
2023-10-05,West,Home & Garden,32,18.85,603.15,0
2023-10-06,North,Apparel,39,22.07,860.66,0
2023-10-06,North,Electronics,58,19.02,1103.2,0
2023-10-06,North,Home & Garden,26,23.52,611.51,0
2023-10-06,South,Apparel,36,18.34,660.2,0
2023-10-06,South,Electronics,42,21.33,896.07,0
2023-10-06,South,Home & Garden,27,19.03,513.84,0
2023-10-06,West,Apparel,42,24.0,1008.08,1
2023-10-06,West,Electronics,43,21.79,937.07,0
2023-10-06,West,Home & Garden,28,18.72,524.19,0
2023-10-07,North,Apparel,44,21.73,956.29,0
2023-10-07,North,Electronics,64,19.15,1225.55,0
2023-10-07,North,Home & Garden,30,23.47,704.2,0
2023-10-07,South,Apparel,39,18.51,722.03,0
2023-10-07,South,Electronics,44,21.21,933.08,0
2023-10-07,South,Home & Garden,29,18.91,548.41,0
2023-10-07,West,Apparel,35,24.39,853.53,0
2023-10-07,West,Electronics,51,21.69,1106.43,0
2023-10-07,West,Home & Garden,39,18.62,726.09,0
2023-10-08,North,Apparel,46,22.15,1018.89,0
2023-10-08,North,Electronics,63,19.09,1202.65,0
2023-10-08,North,Home & Garden,30,23.5,705.04,0
2023-10-08,South,Apparel,43,18.64,801.7,0
2023-10-08,South,Electronics,40,21.34,853.56,0
2023-10-08,South,Home & Garden,32,19.05,609.7,0
2023-10-08,West,Apparel,37,24.03,889.02,0
2023-10-08,West,Electronics,51,22.02,1122.97,0
2023-10-08,West,Home & Garden,34,18.59,632.04,0
2023-10-09,North,Apparel,39,21.94,855.66,0
2023-10-09,North,Electronics,60,19.05,1142.71,0
2023-10-09,North,Home & Garden,24,23.75,569.91,0
2023-10-09,South,Apparel,37,18.4,680.88,0
2023-10-09,South,Electronics,41,21.36,875.61,0
2023-10-09,South,Home & Garden,25,18.96,473.99,0
2023-10-09,West,Apparel,31,24.6,762.6,0
2023-10-09,West,Electronics,44,21.94,965.43,0
2023-10-09,West,Home & Garden,30,18.97,569.12,0
2023-10-10,North,Apparel,39,22.05,860.0,0
2023-10-10,North,Electronics,55,19.05,1047.58,0
2023-10-10,North,Home & Garden,28,23.53,658.75,0
2023-10-10,South,Apparel,33,18.33,605.0,0
2023-10-10,South,Electronics,39,21.29,830.27,0
2023-10-10,South,Home & Garden,24,19.05,457.11,0
2023-10-10,West,Apparel,30,24.21,726.18,0
2023-10-10,West,Electronics,43,21.9,941.73,0
2023-10-10,West,Home & Garden,29,18.93,548.95,0
2023-10-11,North,Apparel,41,21.68,888.75,0
2023-10-11,North,Electronics,61,19.03,1160.72,0
2023-10-11,North,Home & Garden,26,23.57,612.77,0
2023-10-11,South,Apparel,33,18.79,620.17,0
2023-10-11,South,Electronics,38,21.4,813.17,0
2023-10-11,South,Home & Garden,27,19.26,520.04,0
2023-10-11,West,Apparel,33,24.28,801.1,0
2023-10-11,West,Electronics,44,21.69,954.14,0
2023-10-11,West,Home & Garden,27,18.85,508.97,0
2023-10-12,North,Apparel,38,21.95,834.0,0
2023-10-12,North,Electronics,59,18.9,1115.12,0
2023-10-12,North,Home & Garden,27,23.8,642.57,0
2023-10-12,South,Apparel,35,18.36,642.64,0
2023-10-12,South,Electronics,40,21.6,863.92,0
2023-10-12,South,Home & Garden,25,18.79,469.68,0
2023-10-12,West,Apparel,29,24.24,702.89,0
2023-10-12,West,Electronics,58,21.81,1264.75,1
2023-10-12,West,Home & Garden,30,19.13,573.86,0
2023-10-13,North,Apparel,42,21.85,917.75,0
2023-10-13,North,Electronics,57,19.02,1083.98,0
2023-10-13,North,Home & Garden,26,23.58,613.05,0
2023-10-13,South,Apparel,30,18.73,561.95,0
2023-10-13,South,Electronics,36,21.51,774.45,0
2023-10-13,South,Home & Garden,25,19.09,477.37,0
2023-10-13,West,Apparel,32,24.39,780.34,0
2023-10-13,West,Electronics,46,22.06,1014.55,0
2023-10-13,West,Home & Garden,28,19.05,533.45,0
2023-10-14,North,Apparel,43,21.72,933.92,0
2023-10-14,North,Electronics,61,19.09,1164.35,0
2023-10-14,North,Home & Garden,30,23.7,711.06,0
2023-10-14,South,Apparel,43,18.59,799.32,0
2023-10-14,South,Electronics,42,21.16,888.88,0
2023-10-14,South,Home & Garden,26,19.19,498.98,0
2023-10-14,West,Apparel,37,24.06,890.33,0
2023-10-14,West,Electronics,48,21.67,1040.37,0
2023-10-14,West,Home & Garden,34,19.09,649.15,0
2023-10-15,North,Apparel,47,21.88,1028.34,0
2023-10-15,North,Electronics,57,18.87,1075.34,0
2023-10-15,North,Home & Garden,29,23.64,685.7,0
2023-10-15,South,Apparel,40,18.72,748.78,0
2023-10-15,South,Electronics,48,21.5,1031.97,0
2023-10-15,South,Home & Garden,32,19.0,608.1,0
2023-10-15,West,Apparel,38,23.98,911.2,0
2023-10-15,West,Electronics,46,22.11,1016.99,0
2023-10-15,West,Home & Garden,32,18.77,600.67,0
2023-10-16,North,Apparel,36,21.84,786.13,0
2023-10-16,North,Electronics,58,19.16,1111.12,0
2023-10-16,North,Home & Garden,26,23.71,616.58,0
2023-10-16,South,Apparel,35,18.78,657.29,0
2023-10-16,South,Electronics,41,21.57,884.44,0
2023-10-16,South,Home & Garden,27,18.96,512.04,0
2023-10-16,West,Apparel,30,24.15,724.45,0
2023-10-16,West,Electronics,46,22.12,1017.61,0
2023-10-16,West,Home & Garden,28,18.85,527.92,0
2023-10-17,North,Apparel,38,22.17,842.64,0
2023-10-17,North,Electronics,55,18.98,1043.98,0
2023-10-17,North,Home & Garden,25,23.4,585.04,0
2023-10-17,South,Apparel,32,18.77,600.77,0
2023-10-17,South,Electronics,38,21.41,813.62,0
2023-10-17,South,Home & Garden,25,19.28,481.91,0
2023-10-17,West,Apparel,42,24.13,1013.31,1
2023-10-17,West,Electronics,43,21.72,934.01,0
2023-10-17,West,Home & Garden,28,18.75,524.94,0
2023-10-18,North,Apparel,36,22.03,793.22,0
2023-10-18,North,Electronics,54,19.02,1027.13,0
2023-10-18,North,Home & Garden,26,23.57,612.88,0
2023-10-18,South,Apparel,39,18.5,721.6,0
2023-10-18,South,Electronics,43,21.27,914.67,0
2023-10-18,South,Home & Garden,22,19.4,426.75,0
2023-10-18,West,Apparel,33,24.1,795.18,0
2023-10-18,West,Electronics,60,21.79,1307.41,1
2023-10-18,West,Home & Garden,29,19.06,552.84,0
2023-10-19,North,Apparel,39,22.07,860.88,0
2023-10-19,North,Electronics,54,18.84,1017.35,0
2023-10-19,North,Home & Garden,28,23.67,662.8,0
2023-10-19,South,Apparel,31,18.77,581.86,0
2023-10-19,South,Electronics,38,21.19,805.16,0
2023-10-19,South,Home & Garden,27,19.3,521.12,0
2023-10-19,West,Apparel,29,24.01,696.26,0
2023-10-19,West,Electronics,43,21.66,931.26,0
2023-10-19,West,Home & Garden,29,18.72,542.77,0
2023-10-20,North,Apparel,36,22.07,794.37,0
2023-10-20,North,Electronics,60,18.9,1133.97,0
2023-10-20,North,Home & Garden,27,23.27,628.35,0
2023-10-20,South,Apparel,33,18.69,616.71,0
2023-10-20,South,Electronics,39,21.11,823.35,0
2023-10-20,South,Home & Garden,24,18.92,454.17,0
2023-10-20,West,Apparel,42,24.03,1009.17,1
2023-10-20,West,Electronics,57,21.96,1251.92,1
2023-10-20,West,Home & Garden,28,18.73,524.37,0
2023-10-21,North,Apparel,43,21.93,942.81,0
2023-10-21,North,Electronics,59,18.88,1113.84,0
2023-10-21,North,Home & Garden,30,23.63,708.83,0
2023-10-21,South,Apparel,43,18.67,802.79,0
2023-10-21,South,Electronics,40,21.38,855.21,0
2023-10-21,South,Home & Garden,29,18.98,550.46,0
2023-10-21,West,Apparel,34,24.05,817.77,0
2023-10-21,West,Electronics,46,21.65,995.9,0
2023-10-21,West,Home & Garden,32,18.95,606.3,0
2023-10-22,North,Apparel,41,22.03,903.14,0
2023-10-22,North,Electronics,64,18.9,1209.7,0
2023-10-22,North,Home & Garden,28,23.26,651.16,0
2023-10-22,South,Apparel,38,18.61,707.28,0
2023-10-22,South,Electronics,43,21.33,917.28,0
2023-10-22,South,Home & Garden,34,19.01,646.24,0
2023-10-22,West,Apparel,32,24.51,784.35,0
2023-10-22,West,Electronics,46,21.68,997.21,0
2023-10-22,West,Home & Garden,33,19.07,629.15,0
2023-10-23,North,Apparel,39,21.67,845.02,0
2023-10-23,North,Electronics,56,18.85,1055.4,0
2023-10-23,North,Home & Garden,27,23.19,626.15,0
2023-10-23,South,Apparel,34,18.69,635.62,0
2023-10-23,South,Electronics,42,21.58,906.43,0
2023-10-23,South,Home & Garden,23,19.56,449.87,0
2023-10-23,West,Apparel,30,24.11,723.25,0
2023-10-23,West,Electronics,42,21.95,921.73,0
2023-10-23,West,Home & Garden,28,19.08,534.14,0
2023-10-24,North,Apparel,36,21.67,780.11,0
2023-10-24,North,Electronics,53,18.9,1001.88,0
2023-10-24,North,Home & Garden,27,23.29,628.79,0
2023-10-24,South,Apparel,35,18.75,656.12,0
2023-10-24,South,Electronics,37,21.6,799.25,0
2023-10-24,South,Home & Garden,26,19.23,499.87,0
2023-10-24,West,Apparel,28,24.18,676.94,0
2023-10-24,West,Electronics,46,21.71,998.53,0
2023-10-24,West,Home & Garden,28,18.97,531.06,0
2023-10-25,North,Apparel,40,21.83,873.01,0
2023-10-25,North,Electronics,54,19.04,1028.08,0
2023-10-25,North,Home & Garden,26,23.63,614.49,0
2023-10-25,South,Apparel,31,18.4,570.27,0
2023-10-25,South,Electronics,35,21.46,751.19,0
2023-10-25,South,Home & Garden,26,18.97,493.23,0
2023-10-25,West,Apparel,28,24.61,689.08,0
2023-10-25,West,Electronics,60,22.0,1319.89,1
2023-10-25,West,Home & Garden,32,18.6,595.1,0
2023-10-26,North,Apparel,35,21.88,765.75,0
2023-10-26,North,Electronics,60,18.9,1134.04,0
2023-10-26,North,Home & Garden,26,23.56,612.54,0
2023-10-26,South,Apparel,33,18.29,603.72,0
2023-10-26,South,Electronics,42,21.26,893.08,0
2023-10-26,South,Home & Garden,25,19.49,487.16,0
2023-10-26,West,Apparel,31,23.85,739.23,0
2023-10-26,West,Electronics,41,22.06,904.46,0
2023-10-26,West,Home & Garden,29,18.81,545.44,0
2023-10-27,North,Apparel,34,22.13,752.37,0
2023-10-27,North,Electronics,56,19.14,1072.08,0
2023-10-27,North,Home & Garden,26,23.1,600.51,0
2023-10-27,South,Apparel,49,18.41,902.27,1
2023-10-27,South,Electronics,43,21.27,914.43,0
2023-10-27,South,Home & Garden,40,18.94,757.6,1
2023-10-27,West,Apparel,30,24.2,725.99,0
2023-10-27,West,Electronics,47,22.0,1033.79,0
2023-10-27,West,Home & Garden,32,18.56,593.79,0
2023-10-28,North,Apparel,44,21.95,965.64,0
2023-10-28,North,Electronics,59,18.91,1115.72,0
2023-10-28,North,Home & Garden,31,23.19,719.01,0
2023-10-28,South,Apparel,41,18.78,770.15,0
2023-10-28,South,Electronics,38,21.47,815.75,0
2023-10-28,South,Home & Garden,30,19.26,577.65,0
2023-10-28,West,Apparel,34,24.2,822.87,0
2023-10-28,West,Electronics,48,21.74,1043.47,0
2023-10-28,West,Home & Garden,33,18.63,614.77,0
2023-10-29,North,Apparel,41,22.1,906.17,0
2023-10-29,North,Electronics,60,19.16,1149.6,0
2023-10-29,North,Home & Garden,32,23.33,746.6,0
2023-10-29,South,Apparel,39,18.48,720.89,0
2023-10-29,South,Electronics,43,21.58,927.8,0
2023-10-29,South,Home & Garden,30,19.17,575.11,0
2023-10-29,West,Apparel,34,24.44,831.04,0
2023-10-29,West,Electronics,41,21.8,893.89,0
2023-10-29,West,Home & Garden,33,18.69,616.74,0
2023-10-30,North,Apparel,37,21.97,812.76,0
2023-10-30,North,Electronics,58,19.1,1107.79,0
2023-10-30,North,Home & Garden,27,23.01,621.31,0
2023-10-30,South,Apparel,38,18.68,709.93,0
2023-10-30,South,Electronics,40,21.49,859.48,0
2023-10-30,South,Home & Garden,25,19.01,475.37,0
2023-10-30,West,Apparel,29,24.4,707.49,0
2023-10-30,West,Electronics,42,21.86,918.22,0
2023-10-30,West,Home & Garden,27,18.98,512.52,0
2023-10-31,North,Apparel,37,21.74,804.46,0
2023-10-31,North,Electronics,60,18.99,1139.17,0
2023-10-31,North,Home & Garden,25,23.14,578.45,0
2023-10-31,South,Apparel,35,18.83,658.9,0
2023-10-31,South,Electronics,38,21.49,816.74,0
2023-10-31,South,Home & Garden,28,19.01,532.22,0
2023-10-31,West,Apparel,29,23.91,693.49,0
2023-10-31,West,Electronics,40,21.63,865.32,0
2023-10-31,West,Home & Garden,29,18.73,543.14,0
2023-11-01,North,Apparel,35,22.01,770.3,0
2023-11-01,North,Electronics,61,19.0,1158.7,0
2023-11-01,North,Home & Garden,25,23.38,584.6,0
2023-11-01,South,Apparel,36,18.75,675.0,0
2023-11-01,South,Electronics,37,21.43,793.05,0
2023-11-01,South,Home & Garden,23,18.96,436.09,0
2023-11-01,West,Apparel,30,23.85,715.38,0
2023-11-01,West,Electronics,61,21.77,1327.78,1
2023-11-01,West,Home & Garden,28,18.72,524.19,0
2023-11-02,North,Apparel,38,21.75,826.44,0
2023-11-02,North,Electronics,57,19.0,1082.99,0
2023-11-02,North,Home & Garden,28,23.06,645.61,0
2023-11-02,South,Apparel,37,18.32,677.91,0
2023-11-02,South,Electronics,42,21.54,904.86,0
2023-11-02,South,Home & Garden,27,19.3,521.12,0
2023-11-02,West,Apparel,31,23.9,740.96,0
2023-11-02,West,Electronics,37,22.02,814.58,0
2023-11-02,West,Home & Garden,39,18.74,730.92,1
2023-11-03,North,Apparel,40,22.2,888.17,0
2023-11-03,North,Electronics,55,19.02,1046.26,0
2023-11-03,North,Home & Garden,25,23.66,591.58,0
2023-11-03,South,Apparel,32,18.53,592.96,0
2023-11-03,South,Electronics,41,21.31,873.57,0
2023-11-03,South,Home & Garden,27,19.19,518.15,0
2023-11-03,West,Apparel,30,24.11,723.27,0
2023-11-03,West,Electronics,44,21.72,955.52,0
2023-11-03,West,Home & Garden,25,19.09,477.23,0
2023-11-04,North,Apparel,56,22.06,1235.12,1
2023-11-04,North,Electronics,61,18.94,1155.22,0
2023-11-04,North,Home & Garden,31,23.49,728.34,0
2023-11-04,South,Apparel,42,18.53,778.29,0
2023-11-04,South,Electronics,44,21.44,943.14,0
2023-11-04,South,Home & Garden,32,19.02,608.51,0
2023-11-04,West,Apparel,36,24.26,873.33,0
2023-11-04,West,Electronics,45,21.71,977.16,0
2023-11-04,West,Home & Garden,37,18.66,690.26,0
2023-11-05,North,Apparel,45,21.94,987.17,0
2023-11-05,North,Electronics,63,18.96,1194.62,0
2023-11-05,North,Home & Garden,31,23.1,716.13,0
2023-11-05,South,Apparel,43,18.39,790.75,0
2023-11-05,South,Electronics,43,21.18,910.81,0
2023-11-05,South,Home & Garden,45,19.27,867.17,1
2023-11-05,West,Apparel,34,24.49,832.54,0
2023-11-05,West,Electronics,47,22.11,1039.13,0
2023-11-05,West,Home & Garden,34,18.58,631.56,0
2023-11-06,North,Apparel,42,21.78,914.74,0
2023-11-06,North,Electronics,57,19.12,1089.81,0
2023-11-06,North,Home & Garden,26,23.41,608.54,0
2023-11-06,South,Apparel,36,18.64,670.89,0
2023-11-06,South,Electronics,40,21.27,850.75,0
2023-11-06,South,Home & Garden,26,19.32,502.38,0
2023-11-06,West,Apparel,30,24.42,732.59,0
2023-11-06,West,Electronics,56,21.87,1224.88,1
2023-11-06,West,Home & Garden,33,18.59,613.42,0
2023-11-07,North,Apparel,38,22.15,841.67,0
2023-11-07,North,Electronics,58,18.99,1101.56,0
2023-11-07,North,Home & Garden,37,23.43,866.98,1
2023-11-07,South,Apparel,38,18.43,700.17,0
2023-11-07,South,Electronics,37,21.23,785.33,0
2023-11-07,South,Home & Garden,23,19.44,447.07,0
2023-11-07,West,Apparel,41,24.07,986.74,1
2023-11-07,West,Electronics,46,21.72,999.07,0
2023-11-07,West,Home & Garden,30,18.87,566.06,0
2023-11-08,North,Apparel,40,22.16,886.25,0
2023-11-08,North,Electronics,62,18.91,1172.72,0
2023-11-08,North,Home & Garden,29,23.77,689.25,0
2023-11-08,South,Apparel,33,18.77,619.49,0
2023-11-08,South,Electronics,42,21.32,895.42,0
2023-11-08,South,Home & Garden,27,19.17,517.52,0
2023-11-08,West,Apparel,31,24.5,759.37,0
2023-11-08,West,Electronics,45,21.95,987.64,0
2023-11-08,West,Home & Garden,32,18.76,600.4,0
2023-11-09,North,Apparel,42,22.18,931.66,0
2023-11-09,North,Electronics,61,19.16,1168.77,0
2023-11-09,North,Home & Garden,27,23.24,627.59,0
2023-11-09,South,Apparel,39,18.51,721.86,0
2023-11-09,South,Electronics,46,21.33,981.15,0
2023-11-09,South,Home & Garden,26,18.98,493.6,0
2023-11-09,West,Apparel,35,24.22,847.86,0
2023-11-09,West,Electronics,50,21.72,1085.82,0
2023-11-09,West,Home & Garden,31,19.02,589.59,0
2023-11-10,North,Apparel,56,22.11,1238.37,1
2023-11-10,North,Electronics,62,19.15,1187.15,0
2023-11-10,North,Home & Garden,30,23.44,703.19,0
2023-11-10,South,Apparel,39,18.42,718.51,0
2023-11-10,South,Electronics,42,21.14,887.86,0
2023-11-10,South,Home & Garden,27,18.95,511.52,0
2023-11-10,West,Apparel,44,24.1,1060.37,1
2023-11-10,West,Electronics,50,21.89,1094.53,0
2023-11-10,West,Home & Garden,32,19.1,611.33,0
2023-11-11,North,Apparel,48,22.14,1062.57,0
2023-11-11,North,Electronics,65,18.88,1227.12,0
2023-11-11,North,Home & Garden,43,23.4,1005.99,1
2023-11-11,South,Apparel,42,18.59,780.75,0
2023-11-11,South,Electronics,58,21.22,1230.95,1
2023-11-11,South,Home & Garden,31,19.13,593.03,0
2023-11-11,West,Apparel,37,24.46,905.13,0
2023-11-11,West,Electronics,52,21.92,1139.91,0
2023-11-11,West,Home & Garden,35,18.91,661.92,0
2023-11-12,North,Apparel,48,21.75,1044.13,0
2023-11-12,North,Electronics,67,18.91,1267.18,0
2023-11-12,North,Home & Garden,35,23.72,830.16,0
2023-11-12,South,Apparel,48,18.7,897.71,0
2023-11-12,South,Electronics,48,21.51,1032.47,0
2023-11-12,South,Home & Garden,33,19.08,629.61,0
2023-11-12,West,Apparel,41,23.97,982.85,0
2023-11-12,West,Electronics,50,22.08,1104.04,0
2023-11-12,West,Home & Garden,40,18.74,749.51,0
2023-11-13,North,Apparel,41,22.18,909.24,0
2023-11-13,North,Electronics,63,18.93,1192.77,0
2023-11-13,North,Home & Garden,31,23.54,729.62,0
2023-11-13,South,Apparel,39,18.7,729.49,0
2023-11-13,South,Electronics,47,21.15,993.93,0
2023-11-13,South,Home & Garden,28,19.48,545.56,0
2023-11-13,West,Apparel,35,24.21,847.42,0
2023-11-13,West,Electronics,53,21.94,1162.7,0
2023-11-13,West,Home & Garden,33,18.68,616.54,0
2023-11-14,North,Apparel,48,21.79,1045.92,0
2023-11-14,North,Electronics,68,18.99,1291.53,0
2023-11-14,North,Home & Garden,34,23.14,786.89,0
2023-11-14,South,Apparel,42,18.52,777.72,0
2023-11-14,South,Electronics,45,21.18,953.05,0
2023-11-14,South,Home & Garden,26,18.98,493.53,0
2023-11-14,West,Apparel,35,24.39,853.75,0
2023-11-14,West,Electronics,47,21.67,1018.35,0
2023-11-14,West,Home & Garden,36,18.7,673.23,0
2023-11-15,North,Apparel,48,21.74,1043.7,0
2023-11-15,North,Electronics,69,19.06,1315.22,0
2023-11-15,North,Home & Garden,32,23.3,745.73,0
2023-11-15,South,Apparel,43,18.58,799.02,0
2023-11-15,South,Electronics,46,21.24,977.15,0
2023-11-15,South,Home & Garden,32,19.11,611.59,0
2023-11-15,West,Apparel,35,23.99,839.68,0
2023-11-15,West,Electronics,65,21.79,1416.62,1
2023-11-15,West,Home & Garden,32,18.79,601.19,0
2023-11-16,North,Apparel,50,21.81,1090.55,0
2023-11-16,North,Electronics,63,19.09,1202.49,0
2023-11-16,North,Home & Garden,32,23.55,753.67,0
2023-11-16,South,Apparel,54,18.46,997.03,1
2023-11-16,South,Electronics,48,21.21,1017.97,0
2023-11-16,South,Home & Garden,35,19.29,674.99,0
2023-11-16,West,Apparel,39,24.51,955.81,0
2023-11-16,West,Electronics,51,21.85,1114.12,0
2023-11-16,West,Home & Garden,34,18.74,637.24,0
2023-11-17,North,Apparel,48,22.02,1056.85,0
2023-11-17,North,Electronics,66,19.09,1260.17,0
2023-11-17,North,Home & Garden,32,23.18,741.71,0
2023-11-17,South,Apparel,42,18.37,771.42,0
2023-11-17,South,Electronics,47,21.53,1011.96,0
2023-11-17,South,Home & Garden,33,19.04,628.39,0
2023-11-17,West,Apparel,36,24.43,879.66,0
2023-11-17,West,Electronics,56,22.03,1233.6,0
2023-11-17,West,Home & Garden,36,19.1,687.65,0
2023-11-18,North,Apparel,54,21.94,1184.73,0
2023-11-18,North,Electronics,69,18.99,1310.28,0
2023-11-18,North,Home & Garden,36,23.48,845.15,0
2023-11-18,South,Apparel,54,18.47,997.39,0
2023-11-18,South,Electronics,53,21.44,1136.19,0
2023-11-18,South,Home & Garden,36,19.43,699.47,0
2023-11-18,West,Apparel,44,24.29,1068.56,0
2023-11-18,West,Electronics,55,21.76,1196.66,0
2023-11-18,West,Home & Garden,41,18.76,769.35,0
2023-11-19,North,Apparel,56,21.98,1231.05,0
2023-11-19,North,Electronics,72,18.93,1362.9,0
2023-11-19,North,Home & Garden,36,23.7,853.14,0
2023-11-19,South,Apparel,52,18.56,965.16,0
2023-11-19,South,Electronics,57,21.27,1212.23,0
2023-11-19,South,Home & Garden,37,19.28,713.39,0
2023-11-19,West,Apparel,43,24.37,1048.05,0
2023-11-19,West,Electronics,55,22.0,1210.15,0
2023-11-19,West,Home & Garden,42,19.07,800.77,0
2023-11-20,North,Apparel,53,21.9,1160.82,0
2023-11-20,North,Electronics,71,18.89,1341.54,0
2023-11-20,North,Home & Garden,35,23.34,816.73,0
2023-11-20,South,Apparel,47,18.43,866.01,0
2023-11-20,South,Electronics,46,21.22,975.93,0
2023-11-20,South,Home & Garden,32,19.33,618.46,0
2023-11-20,West,Apparel,42,24.06,1010.73,0
2023-11-20,West,Electronics,50,22.1,1104.94,0
2023-11-20,West,Home & Garden,38,18.71,710.82,0
2023-11-21,North,Apparel,52,21.75,1131.22,0
2023-11-21,North,Electronics,68,18.99,1291.55,0
2023-11-21,North,Home & Garden,35,23.1,808.46,0
2023-11-21,South,Apparel,48,18.66,895.46,0
2023-11-21,South,Electronics,52,21.48,1117.17,0
2023-11-21,South,Home & Garden,34,18.92,643.23,0
2023-11-21,West,Apparel,40,24.46,978.35,0
2023-11-21,West,Electronics,56,21.83,1222.38,0
2023-11-21,West,Home & Garden,41,18.91,775.17,0
2023-11-22,North,Apparel,54,21.93,1184.06,0
2023-11-22,North,Electronics,70,18.93,1324.88,0
2023-11-22,North,Home & Garden,36,23.24,836.76,0
2023-11-22,South,Apparel,45,18.47,831.23,0
2023-11-22,South,Electronics,50,21.48,1074.06,0
2023-11-22,South,Home & Garden,34,18.96,644.5,0
2023-11-22,West,Apparel,41,24.3,996.35,0
2023-11-22,West,Electronics,56,21.98,1231.03,0
2023-11-22,West,Home & Garden,39,18.88,736.47,0
2023-11-23,North,Apparel,51,21.97,1120.65,0
2023-11-23,North,Electronics,70,18.98,1328.65,0
2023-11-23,North,Home & Garden,34,23.19,788.53,0
2023-11-23,South,Apparel,66,18.47,1219.23,1
2023-11-23,South,Electronics,53,21.46,1137.64,0
2023-11-23,South,Home & Garden,32,19.4,620.79,0
2023-11-23,West,Apparel,42,23.94,1005.45,0
2023-11-23,West,Electronics,56,21.97,1230.14,0
2023-11-23,West,Home & Garden,38,18.61,707.34,0
2023-11-24,North,Apparel,53,21.9,1160.56,0
2023-11-24,North,Electronics,73,19.02,1388.32,0
2023-11-24,North,Home & Garden,34,23.67,804.78,0
2023-11-24,South,Apparel,49,18.55,908.9,0
2023-11-24,South,Electronics,52,21.38,1111.81,0
2023-11-24,South,Home & Garden,47,19.28,906.06,1
2023-11-24,West,Apparel,42,24.45,1026.9,0
2023-11-24,West,Electronics,53,22.09,1170.81,0
2023-11-24,West,Home & Garden,38,18.74,712.09,0
2023-11-25,North,Apparel,59,21.82,1287.37,0
2023-11-25,North,Electronics,76,19.01,1444.87,0
2023-11-25,North,Home & Garden,38,23.58,896.19,0
2023-11-25,South,Apparel,72,18.61,1339.84,1
2023-11-25,South,Electronics,54,21.19,1144.12,0
2023-11-25,South,Home & Garden,36,19.24,692.78,0
2023-11-25,West,Apparel,47,24.21,1138.06,0
2023-11-25,West,Electronics,56,21.96,1229.72,0
2023-11-25,West,Home & Garden,46,18.69,859.74,0
2023-11-26,North,Apparel,61,21.96,1339.33,0
2023-11-26,North,Electronics,74,19.05,1409.52,0
2023-11-26,North,Home & Garden,43,23.32,1002.71,0
2023-11-26,South,Apparel,54,18.5,999.06,0
2023-11-26,South,Electronics,55,21.38,1175.76,0
2023-11-26,South,Home & Garden,40,19.25,770.02,0
2023-11-26,West,Apparel,47,24.17,1135.9,0
2023-11-26,West,Electronics,55,21.88,1203.54,0
2023-11-26,West,Home & Garden,41,18.64,764.15,0
2023-11-27,North,Apparel,54,21.77,1175.59,0
2023-11-27,North,Electronics,73,19.01,1387.67,0
2023-11-27,North,Home & Garden,35,23.69,829.07,0
2023-11-27,South,Apparel,51,18.53,945.09,0
2023-11-27,South,Electronics,50,21.24,1062.04,0
2023-11-27,South,Home & Garden,34,19.11,649.84,0
2023-11-27,West,Apparel,41,24.25,994.3,0
2023-11-27,West,Electronics,55,21.88,1203.53,0
2023-11-27,West,Home & Garden,40,18.64,745.55,0
2023-11-28,North,Apparel,56,21.98,1231.09,0
2023-11-28,North,Electronics,71,19.02,1350.34,0
2023-11-28,North,Home & Garden,35,23.68,828.69,0
2023-11-28,South,Apparel,49,18.55,908.73,0
2023-11-28,South,Electronics,49,21.25,1041.2,0
2023-11-28,South,Home & Garden,37,19.38,716.89,0
2023-11-28,West,Apparel,39,24.28,946.79,0
2023-11-28,West,Electronics,52,22.06,1146.98,0
2023-11-28,West,Home & Garden,36,18.99,683.57,0
2023-11-29,North,Apparel,50,21.97,1098.34,0
2023-11-29,North,Electronics,71,19.09,1355.52,0
2023-11-29,North,Home & Garden,35,23.5,822.57,0
2023-11-29,South,Apparel,46,18.62,856.33,0
2023-11-29,South,Electronics,52,21.29,1106.9,0
2023-11-29,South,Home & Garden,34,19.35,657.8,0
2023-11-29,West,Apparel,40,23.93,957.21,0
2023-11-29,West,Electronics,52,21.85,1136.36,0
2023-11-29,West,Home & Garden,40,18.91,756.46,0
2023-11-30,North,Apparel,52,22.03,1145.64,0
2023-11-30,North,Electronics,75,19.11,1433.56,0
2023-11-30,North,Home & Garden,37,23.57,872.11,0
2023-11-30,South,Apparel,47,18.45,867.21,0
2023-11-30,South,Electronics,48,21.35,1024.99,0
2023-11-30,South,Home & Garden,45,19.15,861.72,1
2023-11-30,West,Apparel,42,24.3,1020.43,0
2023-11-30,West,Electronics,53,21.93,1162.03,0
2023-11-30,West,Home & Garden,37,18.81,695.97,0
2023-12-01,North,Apparel,52,21.79,1133.24,0
2023-12-01,North,Electronics,74,19.01,1406.98,0
2023-12-01,North,Home & Garden,32,23.5,752.13,0
2023-12-01,South,Apparel,49,18.69,915.92,0
2023-12-01,South,Electronics,51,21.23,1082.81,0
2023-12-01,South,Home & Garden,33,18.91,624.14,0
2023-12-01,West,Apparel,40,24.17,966.95,0
2023-12-01,West,Electronics,53,21.68,1148.99,0
2023-12-01,West,Home & Garden,38,18.99,721.55,0
2023-12-02,North,Apparel,57,22.0,1254.16,0
2023-12-02,North,Electronics,70,19.07,1334.68,0
2023-12-02,North,Home & Garden,38,23.31,885.86,0
2023-12-02,South,Apparel,55,18.53,1019.27,0
2023-12-02,South,Electronics,52,21.24,1104.72,0
2023-12-02,South,Home & Garden,37,19.35,715.88,0
2023-12-02,West,Apparel,44,24.05,1058.1,0
2023-12-02,West,Electronics,55,21.73,1195.06,0
2023-12-02,West,Home & Garden,42,18.69,785.18,0
2023-12-03,North,Apparel,54,21.82,1178.1,0
2023-12-03,North,Electronics,74,19.13,1415.34,0
2023-12-03,North,Home & Garden,35,23.41,819.23,0
2023-12-03,South,Apparel,51,18.68,952.73,0
2023-12-03,South,Electronics,46,21.45,986.66,0
2023-12-03,South,Home & Garden,35,19.0,665.16,0
2023-12-03,West,Apparel,42,24.1,1012.15,0
2023-12-03,West,Electronics,56,21.91,1227.08,0
2023-12-03,West,Home & Garden,38,19.08,724.97,0
2023-12-04,North,Apparel,52,21.88,1137.6,0
2023-12-04,North,Electronics,70,19.11,1337.98,0
2023-12-04,North,Home & Garden,29,23.78,689.74,0
2023-12-04,South,Apparel,46,18.51,851.31,0
2023-12-04,South,Electronics,46,21.58,992.7,0
2023-12-04,South,Home & Garden,30,19.27,578.14,0
2023-12-04,West,Apparel,36,23.94,861.84,0
2023-12-04,West,Electronics,52,21.83,1135.27,0
2023-12-04,West,Home & Garden,37,18.77,694.61,0
2023-12-05,North,Apparel,48,21.85,1049.0,0
2023-12-05,North,Electronics,65,18.96,1232.18,0
2023-12-05,North,Home & Garden,31,23.66,733.48,0
2023-12-05,South,Apparel,42,18.55,779.07,0
2023-12-05,South,Electronics,48,21.25,1019.82,0
2023-12-05,South,Home & Garden,28,18.99,531.67,0
2023-12-05,West,Apparel,47,24.36,1144.9,1
2023-12-05,West,Electronics,50,22.07,1103.42,0
2023-12-05,West,Home & Garden,34,18.67,634.93,0
2023-12-06,North,Apparel,45,21.83,982.28,0
2023-12-06,North,Electronics,69,18.87,1302.27,0
2023-12-06,North,Home & Garden,32,23.72,759.14,0
2023-12-06,South,Apparel,43,18.5,795.71,0
2023-12-06,South,Electronics,45,21.6,972.07,0
2023-12-06,South,Home & Garden,29,18.98,550.52,0
2023-12-06,West,Apparel,38,24.41,927.49,0
2023-12-06,West,Electronics,51,21.74,1108.61,0
2023-12-06,West,Home & Garden,36,18.77,675.64,0
2023-12-07,North,Apparel,57,21.76,1240.58,1
2023-12-07,North,Electronics,69,19.07,1315.72,0
2023-12-07,North,Home & Garden,30,23.4,701.94,0
2023-12-07,South,Apparel,41,18.72,767.33,0
2023-12-07,South,Electronics,40,21.52,860.93,0
2023-12-07,South,Home & Garden,42,19.39,814.23,1
2023-12-07,West,Apparel,35,24.27,849.4,0
2023-12-07,West,Electronics,47,22.11,1039.3,0
2023-12-07,West,Home & Garden,32,18.74,599.59,0
2023-12-08,North,Apparel,44,21.96,966.32,0
2023-12-08,North,Electronics,62,18.98,1176.86,0
2023-12-08,North,Home & Garden,31,23.51,728.69,0
2023-12-08,South,Apparel,43,18.68,803.33,0
2023-12-08,South,Electronics,48,21.25,1019.99,0
2023-12-08,South,Home & Garden,30,19.0,569.95,0
2023-12-08,West,Apparel,36,24.09,867.19,0
2023-12-08,West,Electronics,49,21.88,1072.02,0
2023-12-08,West,Home & Garden,33,19.09,630.07,0
2023-12-09,North,Apparel,66,21.8,1438.64,1
2023-12-09,North,Electronics,65,18.88,1227.02,0
2023-12-09,North,Home & Garden,34,23.34,793.59,0
2023-12-09,South,Apparel,48,18.46,886.16,0
2023-12-09,South,Electronics,47,21.56,1013.25,0
2023-12-09,South,Home & Garden,30,18.95,568.44,0
2023-12-09,West,Apparel,38,24.38,926.6,0
2023-12-09,West,Electronics,51,21.91,1117.48,0
2023-12-09,West,Home & Garden,37,18.92,699.94,0
2023-12-10,North,Apparel,50,21.88,1094.19,0
2023-12-10,North,Electronics,68,19.05,1295.33,0
2023-12-10,North,Home & Garden,33,23.34,770.26,0
2023-12-10,South,Apparel,44,18.69,822.5,0
2023-12-10,South,Electronics,47,21.51,1010.91,0
2023-12-10,South,Home & Garden,46,19.3,887.77,1
2023-12-10,West,Apparel,39,24.52,956.15,0
2023-12-10,West,Electronics,47,21.85,1026.74,0
2023-12-10,West,Home & Garden,35,18.99,664.67,0
2023-12-11,North,Apparel,42,21.71,911.69,0
2023-12-11,North,Electronics,62,19.09,1183.52,0
2023-12-11,North,Home & Garden,31,23.07,715.08,0
2023-12-11,South,Apparel,37,18.62,688.88,0
2023-12-11,South,Electronics,42,21.32,895.38,0
2023-12-11,South,Home & Garden,28,19.45,544.7,0
2023-12-11,West,Apparel,32,24.28,776.97,0
2023-12-11,West,Electronics,49,21.7,1063.33,0
2023-12-11,West,Home & Garden,34,18.58,631.6,0
2023-12-12,North,Apparel,40,22.09,883.62,0
2023-12-12,North,Electronics,62,19.01,1178.61,0
2023-12-12,North,Home & Garden,27,23.56,636.18,0
2023-12-12,South,Apparel,37,18.75,693.87,0
2023-12-12,South,Electronics,43,21.56,926.89,0
2023-12-12,South,Home & Garden,27,18.83,508.51,0
2023-12-12,West,Apparel,30,24.1,722.98,0
2023-12-12,West,Electronics,44,21.9,963.64,0
2023-12-12,West,Home & Garden,30,19.08,572.52,0
2023-12-13,North,Apparel,55,22.12,1216.54,1
2023-12-13,North,Electronics,61,18.89,1152.5,0
2023-12-13,North,Home & Garden,28,23.47,657.3,0
2023-12-13,South,Apparel,36,18.68,672.52,0
2023-12-13,South,Electronics,46,21.14,972.53,0
2023-12-13,South,Home & Garden,25,19.27,481.8,0
2023-12-13,West,Apparel,31,23.99,743.65,0
2023-12-13,West,Electronics,45,22.06,992.91,0
2023-12-13,West,Home & Garden,29,18.8,545.22,0
2023-12-14,North,Apparel,40,22.21,888.24,0
2023-12-14,North,Electronics,60,18.99,1139.14,0
2023-12-14,North,Home & Garden,24,23.69,568.58,0
2023-12-14,South,Apparel,35,18.65,652.69,0
2023-12-14,South,Electronics,40,21.12,844.66,0
2023-12-14,South,Home & Garden,25,19.2,479.94,0
2023-12-14,West,Apparel,33,24.58,811.0,0
2023-12-14,West,Electronics,47,21.87,1027.67,0
2023-12-14,West,Home & Garden,30,18.66,559.75,0
2023-12-15,North,Apparel,33,21.63,713.89,0
2023-12-15,North,Electronics,55,19.04,1047.36,0
2023-12-15,North,Home & Garden,27,23.1,623.73,0
2023-12-15,South,Apparel,34,18.7,635.76,0
2023-12-15,South,Electronics,44,21.4,941.41,0
2023-12-15,South,Home & Garden,24,19.44,466.5,0
2023-12-15,West,Apparel,33,24.05,793.64,0
2023-12-15,West,Electronics,46,21.83,1004.31,0
2023-12-15,West,Home & Garden,26,18.79,488.42,0
2023-12-16,North,Apparel,44,21.81,959.58,0
2023-12-16,North,Electronics,63,19.06,1200.85,0
2023-12-16,North,Home & Garden,30,23.03,690.76,0
2023-12-16,South,Apparel,44,18.46,812.1,0
2023-12-16,South,Electronics,44,21.22,933.89,0
2023-12-16,South,Home & Garden,28,19.46,544.92,0
2023-12-16,West,Apparel,35,24.2,847.16,0
2023-12-16,West,Electronics,46,22.01,1012.61,0
2023-12-16,West,Home & Garden,37,19.08,706.04,0
2023-12-17,North,Apparel,42,21.9,919.95,0
2023-12-17,North,Electronics,63,18.96,1194.23,0
2023-12-17,North,Home & Garden,28,23.17,648.81,0
2023-12-17,South,Apparel,39,18.64,727.1,0
2023-12-17,South,Electronics,41,21.15,867.34,0
2023-12-17,South,Home & Garden,30,18.86,565.8,0
2023-12-17,West,Apparel,33,24.52,809.16,0
2023-12-17,West,Electronics,45,21.87,984.21,0
2023-12-17,West,Home & Garden,30,19.13,573.91,0
2023-12-18,North,Apparel,33,22.21,732.85,0
2023-12-18,North,Electronics,56,18.94,1060.37,0
2023-12-18,North,Home & Garden,26,23.29,605.51,0
2023-12-18,South,Apparel,34,18.43,626.58,0
2023-12-18,South,Electronics,44,21.31,937.49,0
2023-12-18,South,Home & Garden,28,19.42,543.73,0
2023-12-18,West,Apparel,29,23.97,695.02,0
2023-12-18,West,Electronics,44,22.13,973.67,0
2023-12-18,West,Home & Garden,28,19.06,533.72,0
2023-12-19,North,Apparel,37,21.85,808.42,0
2023-12-19,North,Electronics,56,18.91,1059.02,0
2023-12-19,North,Home & Garden,31,23.04,714.14,1
2023-12-19,South,Apparel,38,18.47,702.03,0
2023-12-19,South,Electronics,40,21.2,847.95,0
2023-12-19,South,Home & Garden,22,19.59,430.91,0
2023-12-19,West,Apparel,44,24.36,1071.69,1
2023-12-19,West,Electronics,44,21.66,952.95,0
2023-12-19,West,Home & Garden,27,18.88,509.85,0
2023-12-20,North,Apparel,39,21.86,852.41,0
2023-12-20,North,Electronics,52,18.91,983.52,0
2023-12-20,North,Home & Garden,27,23.62,637.7,0
2023-12-20,South,Apparel,30,18.76,562.93,0
2023-12-20,South,Electronics,40,21.35,854.08,0
2023-12-20,South,Home & Garden,23,19.15,440.49,0
2023-12-20,West,Apparel,27,24.5,661.5,0
2023-12-20,West,Electronics,41,21.64,887.32,0
2023-12-20,West,Home & Garden,29,18.73,543.12,0
2023-12-21,North,Apparel,53,21.98,1164.96,1
2023-12-21,North,Electronics,56,19.07,1068.12,0
2023-12-21,North,Home & Garden,21,23.14,485.97,0
2023-12-21,South,Apparel,32,18.66,597.22,0
2023-12-21,South,Electronics,38,21.2,805.69,0
2023-12-21,South,Home & Garden,23,19.36,445.18,0
2023-12-21,West,Apparel,28,24.02,672.65,0
2023-12-21,West,Electronics,40,21.82,872.91,0
2023-12-21,West,Home & Garden,27,18.63,502.88,0
2023-12-22,North,Apparel,36,21.92,789.26,0
2023-12-22,North,Electronics,56,19.01,1064.33,0
2023-12-22,North,Home & Garden,25,22.99,574.72,0
2023-12-22,South,Apparel,32,18.53,593.01,0
2023-12-22,South,Electronics,36,21.58,776.97,0
2023-12-22,South,Home & Garden,22,19.04,418.93,0
2023-12-22,West,Apparel,27,24.31,656.37,0
2023-12-22,West,Electronics,37,21.89,809.86,0
2023-12-22,West,Home & Garden,25,18.79,469.86,0
2023-12-23,North,Apparel,42,22.16,930.58,0
2023-12-23,North,Electronics,57,19.13,1090.37,0
2023-12-23,North,Home & Garden,28,23.33,653.18,0
2023-12-23,South,Apparel,38,18.35,697.45,0
2023-12-23,South,Electronics,41,21.37,876.12,0
2023-12-23,South,Home & Garden,30,18.93,568.01,0
2023-12-23,West,Apparel,31,24.18,749.46,0
2023-12-23,West,Electronics,44,21.94,965.34,0
2023-12-23,West,Home & Garden,27,19.01,513.39,0
2023-12-24,North,Apparel,37,22.15,819.47,0
2023-12-24,North,Electronics,60,18.99,1139.25,0
2023-12-24,North,Home & Garden,27,23.64,638.19,0
2023-12-24,South,Apparel,37,18.79,695.05,0
2023-12-24,South,Electronics,44,21.28,936.2,0
2023-12-24,South,Home & Garden,23,19.29,443.73,0
2023-12-24,West,Apparel,45,24.18,1087.91,1
2023-12-24,West,Electronics,43,22.11,950.76,0
2023-12-24,West,Home & Garden,27,19.0,512.93,0
2023-12-25,North,Apparel,30,21.79,653.65,0
2023-12-25,North,Electronics,53,19.05,1009.91,0
2023-12-25,North,Home & Garden,23,23.33,536.48,0
2023-12-25,South,Apparel,29,18.43,534.54,0
2023-12-25,South,Electronics,37,21.3,788.2,0
2023-12-25,South,Home & Garden,22,18.9,415.76,0
2023-12-25,West,Apparel,25,24.58,614.6,0
2023-12-25,West,Electronics,63,21.73,1368.81,1
2023-12-25,West,Home & Garden,25,18.97,474.28,0
2023-12-26,North,Apparel,34,22.07,750.4,0
2023-12-26,North,Electronics,55,19.04,1047.39,0
2023-12-26,North,Home & Garden,24,23.12,554.96,0
2023-12-26,South,Apparel,31,18.74,581.06,0
2023-12-26,South,Electronics,37,21.58,798.6,0
2023-12-26,South,Home & Garden,24,19.21,461.07,0
2023-12-26,West,Apparel,27,24.51,661.65,0
2023-12-26,West,Electronics,41,22.07,904.83,0
2023-12-26,West,Home & Garden,28,18.87,528.44,0
2023-12-27,North,Apparel,32,22.22,711.19,0
2023-12-27,North,Electronics,51,19.09,973.78,0
2023-12-27,North,Home & Garden,25,23.51,587.79,0
2023-12-27,South,Apparel,26,18.88,490.85,0
2023-12-27,South,Electronics,40,21.59,863.54,0
2023-12-27,South,Home & Garden,22,19.12,420.62,0
2023-12-27,West,Apparel,26,24.07,625.78,0
2023-12-27,West,Electronics,43,22.02,946.71,0
2023-12-27,West,Home & Garden,22,19.1,420.27,0
2023-12-28,North,Apparel,30,22.13,663.81,0
2023-12-28,North,Electronics,53,19.19,1016.88,0
2023-12-28,North,Home & Garden,21,23.36,490.61,0
2023-12-28,South,Apparel,34,18.66,634.44,0
2023-12-28,South,Electronics,37,21.17,783.14,0
2023-12-28,South,Home & Garden,21,19.1,401.03,0
2023-12-28,West,Apparel,36,24.28,873.92,1
2023-12-28,West,Electronics,39,21.89,853.79,0
2023-12-28,West,Home & Garden,29,18.7,542.24,0
2023-12-29,North,Apparel,33,21.64,713.97,0
2023-12-29,North,Electronics,53,19.04,1008.88,0
2023-12-29,North,Home & Garden,22,23.63,519.84,0
2023-12-29,South,Apparel,34,18.52,629.73,0
2023-12-29,South,Electronics,38,21.54,818.66,0
2023-12-29,South,Home & Garden,23,19.32,444.34,0
2023-12-29,West,Apparel,25,24.49,612.24,0
2023-12-29,West,Electronics,43,21.75,935.33,0
2023-12-29,West,Home & Garden,27,19.06,514.61,0
2023-12-30,North,Apparel,39,22.18,865.06,0
2023-12-30,North,Electronics,57,19.05,1086.1,0
2023-12-30,North,Home & Garden,26,23.1,600.55,0
2023-12-30,South,Apparel,36,18.53,667.14,0
2023-12-30,South,Electronics,42,21.3,894.58,0
2023-12-30,South,Home & Garden,29,18.97,550.06,0
2023-12-30,West,Apparel,29,24.14,700.18,0
2023-12-30,West,Electronics,42,21.9,919.65,0
2023-12-30,West,Home & Garden,28,18.53,518.72,0
2023-12-31,North,Apparel,38,21.82,829.33,0
2023-12-31,North,Electronics,56,18.91,1058.96,0
2023-12-31,North,Home & Garden,26,23.02,598.48,0
2023-12-31,South,Apparel,39,18.51,721.86,0
2023-12-31,South,Electronics,40,21.15,845.95,0
2023-12-31,South,Home & Garden,27,19.46,525.37,0
2023-12-31,West,Apparel,30,24.41,732.45,0
2023-12-31,West,Electronics,45,21.74,978.11,0
2023-12-31,West,Home & Garden,28,18.84,527.57,0
2024-01-01,North,Apparel,31,21.89,678.51,0
2024-01-01,North,Electronics,53,18.97,1005.49,0
2024-01-01,North,Home & Garden,24,23.15,555.49,0
2024-01-01,South,Apparel,29,18.76,543.9,0
2024-01-01,South,Electronics,38,21.2,805.48,0
2024-01-01,South,Home & Garden,21,18.92,397.3,0
2024-01-01,West,Apparel,24,24.02,576.48,0
2024-01-01,West,Electronics,37,22.0,813.84,0
2024-01-01,West,Home & Garden,23,19.05,438.15,0
2024-01-02,North,Apparel,32,21.95,702.27,0
2024-01-02,North,Electronics,55,19.09,1049.76,0
2024-01-02,North,Home & Garden,24,23.54,564.89,0
2024-01-02,South,Apparel,30,18.57,557.0,0
2024-01-02,South,Electronics,38,21.64,822.21,0
2024-01-02,South,Home & Garden,35,19.05,666.85,1
2024-01-02,West,Apparel,24,23.96,575.0,0
2024-01-02,West,Electronics,41,21.73,891.09,0
2024-01-02,West,Home & Garden,26,18.61,483.75,0
2024-01-03,North,Apparel,32,22.24,711.74,0
2024-01-03,North,Electronics,52,19.12,994.17,0
2024-01-03,North,Home & Garden,25,23.29,582.37,0
2024-01-03,South,Apparel,47,18.67,877.3,1
2024-01-03,South,Electronics,36,21.54,775.39,0
2024-01-03,South,Home & Garden,22,18.75,412.52,0
2024-01-03,West,Apparel,28,23.85,667.81,0
2024-01-03,West,Electronics,36,22.01,792.28,0
2024-01-03,West,Home & Garden,25,18.88,472.02,0
2024-01-04,North,Apparel,29,21.96,636.73,0
2024-01-04,North,Electronics,50,18.86,942.83,0
2024-01-04,North,Home & Garden,24,23.63,567.14,0
2024-01-04,South,Apparel,32,18.48,591.5,0
2024-01-04,South,Electronics,39,21.31,831.15,0
2024-01-04,South,Home & Garden,24,18.89,453.35,0
2024-01-04,West,Apparel,40,24.48,979.25,1
2024-01-04,West,Electronics,40,21.77,870.7,0
2024-01-04,West,Home & Garden,25,18.86,471.47,0
2024-01-05,North,Apparel,32,22.18,709.65,0
2024-01-05,North,Electronics,58,18.88,1095.21,0
2024-01-05,North,Home & Garden,24,23.79,570.89,0
2024-01-05,South,Apparel,29,18.5,536.59,0
2024-01-05,South,Electronics,36,21.41,770.89,0
2024-01-05,South,Home & Garden,25,19.2,479.9,0
2024-01-05,West,Apparel,24,24.68,592.39,0
2024-01-05,West,Electronics,41,22.04,903.71,0
2024-01-05,West,Home & Garden,24,19.08,457.88,0
2024-01-06,North,Apparel,36,21.75,783.11,0
2024-01-06,North,Electronics,60,19.0,1140.06,0
2024-01-06,North,Home & Garden,25,23.54,588.42,0
2024-01-06,South,Apparel,38,18.75,712.45,0
2024-01-06,South,Electronics,39,21.19,826.24,0
2024-01-06,South,Home & Garden,22,19.43,427.54,0
2024-01-06,West,Apparel,33,24.49,808.1,0
2024-01-06,West,Electronics,42,21.94,921.68,0
2024-01-06,West,Home & Garden,30,19.09,572.61,0
2024-01-07,North,Apparel,39,22.18,864.84,0
2024-01-07,North,Electronics,54,18.91,1021.22,0
2024-01-07,North,Home & Garden,30,23.03,690.76,0
2024-01-07,South,Apparel,37,18.39,680.61,0
2024-01-07,South,Electronics,37,21.33,789.05,0
2024-01-07,South,Home & Garden,27,19.39,523.41,0
2024-01-07,West,Apparel,32,24.29,777.37,0
2024-01-07,West,Electronics,58,21.93,1272.07,1
2024-01-07,West,Home & Garden,32,18.64,596.55,0
2024-01-08,North,Apparel,30,21.92,657.71,0
2024-01-08,North,Electronics,55,19.13,1051.94,0
2024-01-08,North,Home & Garden,31,23.56,730.44,1
2024-01-08,South,Apparel,30,18.76,562.91,0
2024-01-08,South,Electronics,36,21.56,776.31,0
2024-01-08,South,Home & Garden,19,19.45,369.6,0
2024-01-08,West,Apparel,25,24.45,611.36,0
2024-01-08,West,Electronics,42,22.04,925.82,0
2024-01-08,West,Home & Garden,25,18.95,473.68,0
2024-01-09,North,Apparel,35,21.78,762.4,0
2024-01-09,North,Electronics,53,18.87,999.86,0
2024-01-09,North,Home & Garden,25,23.49,587.14,0
2024-01-09,South,Apparel,27,18.72,505.31,0
2024-01-09,South,Electronics,36,21.21,763.52,0
2024-01-09,South,Home & Garden,27,19.14,516.67,0
2024-01-09,West,Apparel,27,23.88,644.84,0
2024-01-09,West,Electronics,40,22.11,884.47,0
2024-01-09,West,Home & Garden,24,19.0,455.93,0
2024-01-10,North,Apparel,32,22.1,707.34,0
2024-01-10,North,Electronics,55,18.84,1036.0,0
2024-01-10,North,Home & Garden,22,22.91,503.96,0
2024-01-10,South,Apparel,31,18.35,568.77,0
2024-01-10,South,Electronics,37,21.17,783.46,0
2024-01-10,South,Home & Garden,22,18.9,415.72,0
2024-01-10,West,Apparel,26,23.84,619.87,0
2024-01-10,West,Electronics,40,21.71,868.53,0
2024-01-10,West,Home & Garden,27,19.07,514.84,0
2024-01-11,North,Apparel,32,22.0,703.86,0
2024-01-11,North,Electronics,55,18.89,1039.09,0
2024-01-11,North,Home & Garden,23,23.69,544.87,0
2024-01-11,South,Apparel,28,18.64,522.01,0
2024-01-11,South,Electronics,39,21.29,830.38,0
2024-01-11,South,Home & Garden,24,19.13,459.15,0
2024-01-11,West,Apparel,25,24.13,603.23,0
2024-01-11,West,Electronics,41,21.8,893.93,0
2024-01-11,West,Home & Garden,25,18.94,473.4,0
2024-01-12,North,Apparel,34,21.74,739.31,0
2024-01-12,North,Electronics,54,18.83,1017.06,0
2024-01-12,North,Home & Garden,35,23.61,826.42,1
2024-01-12,South,Apparel,31,18.45,571.84,0
2024-01-12,South,Electronics,34,21.37,726.56,0
2024-01-12,South,Home & Garden,23,18.82,432.76,0
2024-01-12,West,Apparel,27,24.13,651.62,0
2024-01-12,West,Electronics,46,22.0,1012.23,0
2024-01-12,West,Home & Garden,27,18.58,501.53,0
2024-01-13,North,Apparel,37,22.02,814.91,0
2024-01-13,North,Electronics,55,19.17,1054.16,0
2024-01-13,North,Home & Garden,28,23.1,646.8,0
2024-01-13,South,Apparel,41,18.74,768.54,0
2024-01-13,South,Electronics,36,21.58,776.78,0
2024-01-13,South,Home & Garden,26,19.11,496.88,0
2024-01-13,West,Apparel,31,23.92,741.42,0
2024-01-13,West,Electronics,46,21.89,1007.06,0
2024-01-13,West,Home & Garden,30,18.99,569.83,0
2024-01-14,North,Apparel,39,22.12,862.79,0
2024-01-14,North,Electronics,56,18.93,1060.23,0
2024-01-14,North,Home & Garden,27,22.99,620.75,0
2024-01-14,South,Apparel,34,18.74,637.0,0
2024-01-14,South,Electronics,39,21.37,833.4,0
2024-01-14,South,Home & Garden,26,18.99,493.75,0
2024-01-14,West,Apparel,31,24.49,759.23,0
2024-01-14,West,Electronics,64,21.77,1393.02,1
2024-01-14,West,Home & Garden,33,18.56,612.44,0
2024-01-15,North,Apparel,32,22.02,704.51,0
2024-01-15,North,Electronics,52,19.08,992.01,0
2024-01-15,North,Home & Garden,26,23.24,604.34,0
2024-01-15,South,Apparel,31,18.34,568.4,0
2024-01-15,South,Electronics,39,21.27,829.38,0
2024-01-15,South,Home & Garden,26,18.95,492.59,0
2024-01-15,West,Apparel,28,24.25,678.94,0
2024-01-15,West,Electronics,42,21.86,918.07,0
2024-01-15,West,Home & Garden,28,18.89,528.82,0
2024-01-16,North,Apparel,33,21.63,713.75,0
2024-01-16,North,Electronics,52,19.19,997.79,0
2024-01-16,North,Home & Garden,22,23.59,518.9,0
2024-01-16,South,Apparel,30,18.35,550.59,0
2024-01-16,South,Electronics,39,21.11,823.17,0
2024-01-16,South,Home & Garden,35,19.15,670.27,1
2024-01-16,West,Apparel,28,24.16,676.46,0
2024-01-16,West,Electronics,60,21.79,1307.3,1
2024-01-16,West,Home & Garden,28,18.89,528.81,0
2024-01-17,North,Apparel,34,22.19,754.52,0
2024-01-17,North,Electronics,54,19.15,1034.24,0
2024-01-17,North,Home & Garden,24,23.36,560.64,0
2024-01-17,South,Apparel,29,18.49,536.19,0
2024-01-17,South,Electronics,36,21.59,777.34,0
2024-01-17,South,Home & Garden,26,19.51,507.34,0
2024-01-17,West,Apparel,26,23.85,620.0,0
2024-01-17,West,Electronics,36,22.06,794.14,0
2024-01-17,West,Home & Garden,25,18.75,468.81,0
2024-01-18,North,Apparel,32,21.72,695.12,0
2024-01-18,North,Electronics,53,19.0,1007.15,0
2024-01-18,North,Home & Garden,25,23.41,585.24,0
2024-01-18,South,Apparel,30,18.27,548.0,0
2024-01-18,South,Electronics,41,21.12,866.03,0
2024-01-18,South,Home & Garden,23,19.24,442.42,0
2024-01-18,West,Apparel,27,24.57,663.5,0
2024-01-18,West,Electronics,40,21.83,873.24,0
2024-01-18,West,Home & Garden,25,18.79,469.75,0
2024-01-19,North,Apparel,32,21.64,692.51,0
2024-01-19,North,Electronics,56,19.15,1072.2,0
2024-01-19,North,Home & Garden,27,23.62,637.72,0
2024-01-19,South,Apparel,34,18.83,640.38,0
2024-01-19,South,Electronics,37,21.23,785.46,0
2024-01-19,South,Home & Garden,24,18.82,451.76,0
2024-01-19,West,Apparel,25,24.04,601.05,0
2024-01-19,West,Electronics,40,22.1,884.03,0
2024-01-19,West,Home & Garden,28,18.62,521.34,0
2024-01-20,North,Apparel,40,21.89,875.5,0
2024-01-20,North,Electronics,62,18.88,1170.63,0
2024-01-20,North,Home & Garden,27,23.7,639.9,0
2024-01-20,South,Apparel,42,18.4,772.95,0
2024-01-20,South,Electronics,42,21.37,897.63,0
2024-01-20,South,Home & Garden,27,19.39,523.56,0
2024-01-20,West,Apparel,32,24.57,786.34,0
2024-01-20,West,Electronics,40,22.08,883.2,0
2024-01-20,West,Home & Garden,31,18.71,579.86,0
2024-01-21,North,Apparel,40,21.68,867.05,0
2024-01-21,North,Electronics,57,18.94,1079.86,0
2024-01-21,North,Home & Garden,28,23.14,647.88,0
2024-01-21,South,Apparel,36,18.43,663.63,0
2024-01-21,South,Electronics,40,21.56,862.25,0
2024-01-21,South,Home & Garden,27,19.41,524.13,0
2024-01-21,West,Apparel,32,24.27,776.48,0
2024-01-21,West,Electronics,42,21.84,917.45,0
2024-01-21,West,Home & Garden,31,18.78,582.33,0
2024-01-22,North,Apparel,35,21.64,757.48,0
2024-01-22,North,Electronics,56,18.91,1059.04,0
2024-01-22,North,Home & Garden,24,23.07,553.64,0
2024-01-22,South,Apparel,33,18.29,603.57,0
2024-01-22,South,Electronics,37,21.12,781.29,0
2024-01-22,South,Home & Garden,21,19.48,409.0,0
2024-01-22,West,Apparel,28,23.86,667.97,0
2024-01-22,West,Electronics,38,21.64,822.4,0
2024-01-22,West,Home & Garden,25,18.83,470.64,0
2024-01-23,North,Apparel,35,21.9,766.52,0
2024-01-23,North,Electronics,56,19.16,1073.11,0
2024-01-23,North,Home & Garden,25,23.17,579.25,0
2024-01-23,South,Apparel,30,18.43,552.87,0
2024-01-23,South,Electronics,37,21.49,795.0,0
2024-01-23,South,Home & Garden,23,19.55,449.73,0
2024-01-23,West,Apparel,27,23.82,643.24,0
2024-01-23,West,Electronics,42,21.71,911.86,0
2024-01-23,West,Home & Garden,29,18.82,545.77,0
2024-01-24,North,Apparel,35,21.67,758.45,0
2024-01-24,North,Electronics,57,18.85,1074.28,0
2024-01-24,North,Home & Garden,25,23.73,593.21,0
2024-01-24,South,Apparel,30,18.82,564.64,0
2024-01-24,South,Electronics,40,21.43,857.15,0
2024-01-24,South,Home & Garden,35,19.12,669.12,1
2024-01-24,West,Apparel,31,23.9,740.89,0
2024-01-24,West,Electronics,44,21.65,952.53,0
2024-01-24,West,Home & Garden,28,19.08,534.36,0
2024-01-25,North,Apparel,36,21.76,783.28,0
2024-01-25,North,Electronics,56,18.91,1058.91,0
2024-01-25,North,Home & Garden,34,23.51,799.5,1
2024-01-25,South,Apparel,28,18.29,512.0,0
2024-01-25,South,Electronics,39,21.6,842.29,0
2024-01-25,South,Home & Garden,24,19.38,465.0,0
2024-01-25,West,Apparel,26,24.0,623.91,0
2024-01-25,West,Electronics,44,21.99,967.63,0
2024-01-25,West,Home & Garden,26,19.05,495.32,0
2024-01-26,North,Apparel,35,21.88,765.72,0
2024-01-26,North,Electronics,57,19.15,1091.43,0
2024-01-26,North,Home & Garden,26,23.18,602.68,0
2024-01-26,South,Apparel,37,18.42,681.48,0
2024-01-26,South,Electronics,41,21.26,871.57,0
2024-01-26,South,Home & Garden,24,19.04,456.9,0
2024-01-26,West,Apparel,29,24.18,701.31,0
2024-01-26,West,Electronics,43,21.83,938.67,0
2024-01-26,West,Home & Garden,25,19.14,478.47,0
2024-01-27,North,Apparel,37,21.74,804.45,0
2024-01-27,North,Electronics,60,19.04,1142.27,0
2024-01-27,North,Home & Garden,28,23.24,650.66,0
2024-01-27,South,Apparel,60,18.6,1115.98,1
2024-01-27,South,Electronics,42,21.58,906.25,0
2024-01-27,South,Home & Garden,29,19.05,552.47,0
2024-01-27,West,Apparel,31,23.99,743.72,0
2024-01-27,West,Electronics,43,21.83,938.88,0
2024-01-27,West,Home & Garden,30,18.95,568.53,0
2024-01-28,North,Apparel,37,22.1,817.81,0
2024-01-28,North,Electronics,56,19.06,1067.48,0
2024-01-28,North,Home & Garden,30,23.28,698.42,0
2024-01-28,South,Apparel,37,18.78,694.76,0
2024-01-28,South,Electronics,38,21.57,819.54,0
2024-01-28,South,Home & Garden,31,19.44,602.51,0
2024-01-28,West,Apparel,33,24.48,807.76,0
2024-01-28,West,Electronics,41,21.89,897.55,0
2024-01-28,West,Home & Garden,32,18.72,598.97,0
2024-01-29,North,Apparel,39,21.74,847.88,0
2024-01-29,North,Electronics,58,19.05,1104.94,0
2024-01-29,North,Home & Garden,25,23.4,585.08,0
2024-01-29,South,Apparel,33,18.62,614.6,0
2024-01-29,South,Electronics,43,21.61,929.27,0
2024-01-29,South,Home & Garden,24,18.92,454.06,0
2024-01-29,West,Apparel,29,23.91,693.26,0
2024-01-29,West,Electronics,39,21.74,847.75,0
2024-01-29,West,Home & Garden,28,18.55,519.52,0
2024-01-30,North,Apparel,35,22.11,773.86,0
2024-01-30,North,Electronics,58,19.11,1108.46,0
2024-01-30,North,Home & Garden,26,23.46,609.92,0
2024-01-30,South,Apparel,32,18.43,589.63,0
2024-01-30,South,Electronics,40,21.33,853.12,0
2024-01-30,South,Home & Garden,25,19.34,483.4,0
2024-01-30,West,Apparel,28,24.11,675.12,0
2024-01-30,West,Electronics,40,21.8,872.05,0
2024-01-30,West,Home & Garden,25,19.1,477.5,0
2024-01-31,North,Apparel,37,22.03,815.03,0
2024-01-31,North,Electronics,55,18.85,1036.93,0
2024-01-31,North,Home & Garden,26,23.61,613.92,0
2024-01-31,South,Apparel,35,18.46,645.94,0
2024-01-31,South,Electronics,40,21.54,861.55,0
2024-01-31,South,Home & Garden,28,18.94,530.28,0
2024-01-31,West,Apparel,27,24.29,655.85,0
2024-01-31,West,Electronics,41,21.75,891.55,0
2024-01-31,West,Home & Garden,25,18.63,465.85,0
2024-02-01,North,Apparel,35,21.9,766.4,0
2024-02-01,North,Electronics,57,18.87,1075.78,0
2024-02-01,North,Home & Garden,28,23.03,644.92,0
2024-02-01,South,Apparel,32,18.66,596.96,0
2024-02-01,South,Electronics,39,21.12,823.62,0
2024-02-01,South,Home & Garden,26,19.45,505.8,0
2024-02-01,West,Apparel,28,24.43,684.1,0
2024-02-01,West,Electronics,42,22.07,926.79,0
2024-02-01,West,Home & Garden,27,19.04,513.98,0
2024-02-02,North,Apparel,36,21.7,781.17,0
2024-02-02,North,Electronics,58,19.1,1107.66,0
2024-02-02,North,Home & Garden,25,23.1,577.53,0
2024-02-02,South,Apparel,33,18.34,605.38,0
2024-02-02,South,Electronics,42,21.26,892.89,0
2024-02-02,South,Home & Garden,26,19.31,502.05,0
2024-02-02,West,Apparel,29,23.86,691.98,0
2024-02-02,West,Electronics,41,21.73,890.81,0
2024-02-02,West,Home & Garden,29,18.73,543.25,0
2024-02-03,North,Apparel,57,21.86,1246.26,1
2024-02-03,North,Electronics,59,19.16,1130.38,0
2024-02-03,North,Home & Garden,28,23.68,662.95,0
2024-02-03,South,Apparel,38,18.67,709.28,0
2024-02-03,South,Electronics,40,21.4,855.87,0
2024-02-03,South,Home & Garden,28,19.38,542.6,0
2024-02-03,West,Apparel,36,24.33,875.78,0
2024-02-03,West,Electronics,46,22.05,1014.21,0
2024-02-03,West,Home & Garden,32,18.98,607.4,0
2024-02-04,North,Apparel,46,21.93,1008.82,0
2024-02-04,North,Electronics,84,19.04,1599.06,1
2024-02-04,North,Home & Garden,30,23.33,699.83,0
2024-02-04,South,Apparel,41,18.6,762.56,0
2024-02-04,South,Electronics,44,21.25,934.79,0
2024-02-04,South,Home & Garden,29,19.42,563.05,0
2024-02-04,West,Apparel,32,24.13,772.23,0
2024-02-04,West,Electronics,45,22.02,991.05,0
2024-02-04,West,Home & Garden,32,18.69,597.95,0
2024-02-05,North,Apparel,37,21.72,803.74,0
2024-02-05,North,Electronics,63,18.92,1192.07,0
2024-02-05,North,Home & Garden,27,23.62,637.74,0
2024-02-05,South,Apparel,38,18.67,709.46,0
2024-02-05,South,Electronics,35,21.6,756.09,0
2024-02-05,South,Home & Garden,36,18.98,683.15,1
2024-02-05,West,Apparel,28,23.85,667.86,0
2024-02-05,West,Electronics,43,21.97,944.56,0
2024-02-05,West,Home & Garden,25,19.16,479.01,0
2024-02-06,North,Apparel,35,22.16,775.7,0
2024-02-06,North,Electronics,55,19.15,1053.34,0
2024-02-06,North,Home & Garden,26,23.1,600.58,0
2024-02-06,South,Apparel,33,18.56,612.44,0
2024-02-06,South,Electronics,41,21.52,882.5,0
2024-02-06,South,Home & Garden,25,19.44,485.89,0
2024-02-06,West,Apparel,29,24.29,704.51,0
2024-02-06,West,Electronics,46,21.7,998.01,0
2024-02-06,West,Home & Garden,26,19.16,498.29,0
2024-02-07,North,Apparel,33,22.26,734.56,0
2024-02-07,North,Electronics,54,19.07,1029.61,0
2024-02-07,North,Home & Garden,28,23.02,644.45,0
2024-02-07,South,Apparel,33,18.63,614.74,0
2024-02-07,South,Electronics,38,21.21,805.84,0
2024-02-07,South,Home & Garden,25,19.19,479.79,0
2024-02-07,West,Apparel,28,24.5,685.95,0
2024-02-07,West,Electronics,41,21.86,896.25,0
2024-02-07,West,Home & Garden,29,19.07,553.17,0
2024-02-08,North,Apparel,40,22.08,883.15,0
2024-02-08,North,Electronics,58,19.11,1108.53,0
2024-02-08,North,Home & Garden,27,23.23,627.2,0
2024-02-08,South,Apparel,34,18.48,628.37,0
2024-02-08,South,Electronics,41,21.2,869.31,0
2024-02-08,South,Home & Garden,38,18.99,721.74,1
2024-02-08,West,Apparel,29,23.98,695.3,0
2024-02-08,West,Electronics,44,22.07,970.89,0
2024-02-08,West,Home & Garden,26,18.48,480.53,0
2024-02-09,North,Apparel,37,21.66,801.29,0
2024-02-09,North,Electronics,59,19.16,1130.46,0
2024-02-09,North,Home & Garden,26,23.01,598.31,0
2024-02-09,South,Apparel,35,18.36,642.62,0
2024-02-09,South,Electronics,43,21.4,920.38,0
2024-02-09,South,Home & Garden,27,18.88,509.7,0
2024-02-09,West,Apparel,31,24.04,745.27,0
2024-02-09,West,Electronics,44,21.69,954.14,0
2024-02-09,West,Home & Garden,31,18.98,588.43,0
2024-02-10,North,Apparel,44,21.85,961.27,0
2024-02-10,North,Electronics,61,18.87,1150.77,0
2024-02-10,North,Home & Garden,31,23.14,717.39,0
2024-02-10,South,Apparel,58,18.6,1078.86,1
2024-02-10,South,Electronics,45,21.31,958.8,0
2024-02-10,South,Home & Garden,27,19.38,523.3,0
2024-02-10,West,Apparel,39,24.01,936.58,1
2024-02-10,West,Electronics,46,21.79,1002.52,0
2024-02-10,West,Home & Garden,33,18.83,621.39,0
2024-02-11,North,Apparel,44,22.03,969.46,0
2024-02-11,North,Electronics,65,18.92,1229.77,0
2024-02-11,North,Home & Garden,29,23.61,684.81,0
2024-02-11,South,Apparel,40,18.56,742.31,0
2024-02-11,South,Electronics,67,21.33,1429.12,1
2024-02-11,South,Home & Garden,33,18.93,624.64,0
2024-02-11,West,Apparel,33,24.39,804.97,0
2024-02-11,West,Electronics,48,22.09,1060.16,0
2024-02-11,West,Home & Garden,30,18.83,564.94,0
2024-02-12,North,Apparel,36,22.24,800.47,0
2024-02-12,North,Electronics,55,19.04,1047.38,0
2024-02-12,North,Home & Garden,27,22.99,620.77,0
2024-02-12,South,Apparel,35,18.41,644.25,0
2024-02-12,South,Electronics,43,21.33,917.27,0
2024-02-12,South,Home & Garden,27,18.92,510.85,0
2024-02-12,West,Apparel,27,23.8,642.47,0
2024-02-12,West,Electronics,46,21.8,1002.7,0
2024-02-12,West,Home & Garden,29,18.97,550.15,0
2024-02-13,North,Apparel,39,21.79,849.69,0
2024-02-13,North,Electronics,60,19.03,1142.09,0
2024-02-13,North,Home & Garden,25,23.09,577.27,0
2024-02-13,South,Apparel,31,18.51,573.88,0
2024-02-13,South,Electronics,40,21.15,845.81,0
2024-02-13,South,Home & Garden,25,19.15,478.7,0
2024-02-13,West,Apparel,28,23.84,667.64,0
2024-02-13,West,Electronics,42,21.99,923.41,0
2024-02-13,West,Home & Garden,29,18.98,550.4,0
2024-02-14,North,Apparel,37,21.69,802.48,0
2024-02-14,North,Electronics,57,19.07,1086.96,0
2024-02-14,North,Home & Garden,26,23.65,614.89,0
2024-02-14,South,Apparel,34,18.38,625.05,0
2024-02-14,South,Electronics,42,21.4,898.93,0
2024-02-14,South,Home & Garden,25,19.12,477.88,0
2024-02-14,West,Apparel,34,23.97,815.01,0
2024-02-14,West,Electronics,44,21.83,960.7,0
2024-02-14,West,Home & Garden,28,18.62,521.45,0
2024-02-15,North,Apparel,36,21.97,790.93,0
2024-02-15,North,Electronics,63,18.97,1194.96,0
2024-02-15,North,Home & Garden,28,23.38,654.73,0
2024-02-15,South,Apparel,31,18.39,569.95,0
2024-02-15,South,Electronics,37,21.54,797.01,0
2024-02-15,South,Home & Garden,26,19.3,501.84,0
2024-02-15,West,Apparel,31,24.07,746.14,0
2024-02-15,West,Electronics,45,21.88,984.47,0
2024-02-15,West,Home & Garden,30,19.06,571.78,0
2024-02-16,North,Apparel,40,22.03,881.06,0
2024-02-16,North,Electronics,64,18.92,1210.64,0
2024-02-16,North,Home & Garden,28,23.18,649.09,0
2024-02-16,South,Apparel,34,18.63,633.37,0
2024-02-16,South,Electronics,40,21.16,846.37,0
2024-02-16,South,Home & Garden,28,19.29,540.2,0
2024-02-16,West,Apparel,32,23.87,763.7,0
2024-02-16,West,Electronics,44,21.87,962.47,0
2024-02-16,West,Home & Garden,28,18.55,519.38,0
2024-02-17,North,Apparel,43,22.14,952.14,0
2024-02-17,North,Electronics,60,19.16,1149.9,0
2024-02-17,North,Home & Garden,31,23.76,736.49,0
2024-02-17,South,Apparel,40,18.46,738.26,0
2024-02-17,South,Electronics,47,21.33,1002.63,0
2024-02-17,South,Home & Garden,30,19.42,582.5,0
2024-02-17,West,Apparel,35,24.17,845.88,0
2024-02-17,West,Electronics,49,21.72,1064.06,0
2024-02-17,West,Home & Garden,50,18.69,934.33,1
2024-02-18,North,Apparel,45,21.85,983.22,0
2024-02-18,North,Electronics,61,19.07,1163.12,0
2024-02-18,North,Home & Garden,31,23.46,727.37,0
2024-02-18,South,Apparel,43,18.71,804.41,0
2024-02-18,South,Electronics,43,21.52,925.34,0
2024-02-18,South,Home & Garden,31,18.9,585.98,0
2024-02-18,West,Apparel,49,24.2,1186.0,1
2024-02-18,West,Electronics,48,21.95,1053.39,0
2024-02-18,West,Home & Garden,34,18.65,634.27,0
2024-02-19,North,Apparel,39,22.13,862.97,0
2024-02-19,North,Electronics,62,18.87,1170.02,0
2024-02-19,North,Home & Garden,27,23.54,635.47,0
2024-02-19,South,Apparel,34,18.62,633.1,0
2024-02-19,South,Electronics,37,21.66,801.33,0
2024-02-19,South,Home & Garden,26,18.98,493.58,0
2024-02-19,West,Apparel,27,24.65,665.46,0
2024-02-19,West,Electronics,49,21.76,1066.24,0
2024-02-19,West,Home & Garden,29,18.54,537.8,0
2024-02-20,North,Apparel,40,21.9,876.15,0
2024-02-20,North,Electronics,59,18.94,1117.43,0
2024-02-20,North,Home & Garden,25,23.53,588.13,0
2024-02-20,South,Apparel,35,18.6,651.09,0
2024-02-20,South,Electronics,46,21.28,978.76,0
2024-02-20,South,Home & Garden,29,19.22,557.35,0
2024-02-20,West,Apparel,32,24.41,781.21,0
2024-02-20,West,Electronics,42,21.86,917.97,0
2024-02-20,West,Home & Garden,32,18.66,596.98,0
2024-02-21,North,Apparel,36,22.01,792.5,0
2024-02-21,North,Electronics,60,18.94,1136.35,0
2024-02-21,North,Home & Garden,27,23.25,627.88,0
2024-02-21,South,Apparel,31,18.81,583.03,0
2024-02-21,South,Electronics,43,21.31,916.22,0
2024-02-21,South,Home & Garden,25,19.36,484.12,0
2024-02-21,West,Apparel,29,24.5,710.48,0
2024-02-21,West,Electronics,45,21.88,984.4,0
2024-02-21,West,Home & Garden,31,18.93,586.68,0
2024-02-22,North,Apparel,38,21.99,835.51,0
2024-02-22,North,Electronics,60,19.05,1143.11,0
2024-02-22,North,Home & Garden,28,23.0,644.12,0
2024-02-22,South,Apparel,38,18.77,713.1,0
2024-02-22,South,Electronics,43,21.58,928.12,0
2024-02-22,South,Home & Garden,26,19.16,498.06,0
2024-02-22,West,Apparel,30,24.19,725.64,0
2024-02-22,West,Electronics,44,21.64,952.14,0
2024-02-22,West,Home & Garden,27,19.1,515.79,0
2024-02-23,North,Apparel,39,21.8,850.14,0
2024-02-23,North,Electronics,56,18.91,1059.19,0
2024-02-23,North,Home & Garden,26,23.12,601.04,0
2024-02-23,South,Apparel,34,18.59,632.03,0
2024-02-23,South,Electronics,40,21.31,852.41,0
2024-02-23,South,Home & Garden,29,19.05,552.4,0
2024-02-23,West,Apparel,32,24.09,770.75,0
2024-02-23,West,Electronics,47,21.77,1023.34,0
2024-02-23,West,Home & Garden,30,19.01,570.17,0
2024-02-24,North,Apparel,60,21.82,1308.97,1
2024-02-24,North,Electronics,64,18.88,1208.58,0
2024-02-24,North,Home & Garden,29,23.16,671.76,0
2024-02-24,South,Apparel,42,18.56,779.49,0
2024-02-24,South,Electronics,45,21.6,972.16,0
2024-02-24,South,Home & Garden,31,19.3,598.42,0
2024-02-24,West,Apparel,37,23.97,886.88,0
2024-02-24,West,Electronics,45,21.92,986.53,0
2024-02-24,West,Home & Garden,38,18.83,715.46,0
2024-02-25,North,Apparel,46,21.93,1008.77,0
2024-02-25,North,Electronics,62,19.06,1181.82,0
2024-02-25,North,Home & Garden,33,23.49,775.28,0
2024-02-25,South,Apparel,45,18.52,833.25,0
2024-02-25,South,Electronics,46,21.17,973.82,0
2024-02-25,South,Home & Garden,33,19.25,635.18,0
2024-02-25,West,Apparel,36,24.48,881.31,0
2024-02-25,West,Electronics,49,22.0,1078.07,0
2024-02-25,West,Home & Garden,37,18.9,699.45,0
2024-02-26,North,Apparel,42,21.99,923.38,0
2024-02-26,North,Electronics,60,18.91,1134.34,0
2024-02-26,North,Home & Garden,28,23.22,650.27,0
2024-02-26,South,Apparel,39,18.38,716.76,0
2024-02-26,South,Electronics,41,21.17,868.15,0
2024-02-26,South,Home & Garden,25,19.02,475.62,0
2024-02-26,West,Apparel,43,24.29,1044.38,1
2024-02-26,West,Electronics,45,21.72,977.33,0
2024-02-26,West,Home & Garden,28,19.0,532.08,0
2024-02-27,North,Apparel,43,21.72,934.03,0
2024-02-27,North,Electronics,64,19.14,1225.2,0
2024-02-27,North,Home & Garden,28,23.52,658.58,0
2024-02-27,South,Apparel,35,18.41,644.44,0
2024-02-27,South,Electronics,42,21.44,900.37,0
2024-02-27,South,Home & Garden,26,19.33,502.47,0
2024-02-27,West,Apparel,32,24.04,769.4,0
2024-02-27,West,Electronics,45,21.69,975.86,0
2024-02-27,West,Home & Garden,33,18.85,622.15,0
2024-02-28,North,Apparel,40,21.78,871.0,0
2024-02-28,North,Electronics,58,19.09,1107.42,0
2024-02-28,North,Home & Garden,29,23.22,673.44,0
2024-02-28,South,Apparel,38,18.77,713.35,0
2024-02-28,South,Electronics,39,21.63,843.4,0
2024-02-28,South,Home & Garden,29,19.44,563.77,0
2024-02-28,West,Apparel,33,24.47,807.61,0
2024-02-28,West,Electronics,57,21.97,1252.24,1
2024-02-28,West,Home & Garden,32,18.79,601.24,0
2024-02-29,North,Apparel,41,21.97,900.62,0
2024-02-29,North,Electronics,63,19.12,1204.3,0
2024-02-29,North,Home & Garden,27,23.05,622.39,0
2024-02-29,South,Apparel,35,18.56,649.75,0
2024-02-29,South,Electronics,42,21.39,898.25,0
2024-02-29,South,Home & Garden,26,18.86,490.32,0
2024-02-29,West,Apparel,42,24.41,1025.41,1
2024-02-29,West,Electronics,45,22.1,994.47,0
2024-02-29,West,Home & Garden,28,19.09,534.4,0
2024-03-01,North,Apparel,42,21.69,911.17,0
2024-03-01,North,Electronics,61,19.0,1158.92,0
2024-03-01,North,Home & Garden,28,23.05,645.43,0
2024-03-01,South,Apparel,38,18.64,708.43,0
2024-03-01,South,Electronics,45,21.35,960.63,0
2024-03-01,South,Home & Garden,27,18.92,510.87,0
2024-03-01,West,Apparel,34,24.39,829.42,0
2024-03-01,West,Electronics,49,21.79,1067.47,0
2024-03-01,West,Home & Garden,41,18.86,773.4,1
2024-03-02,North,Apparel,48,21.72,1042.62,0
2024-03-02,North,Electronics,64,19.1,1222.67,0
2024-03-02,North,Home & Garden,34,23.68,805.0,0
2024-03-02,South,Apparel,43,18.4,791.23,0
2024-03-02,South,Electronics,44,21.5,946.16,0
2024-03-02,South,Home & Garden,32,19.29,617.35,0
2024-03-02,West,Apparel,36,24.05,865.76,0
2024-03-02,West,Electronics,49,22.06,1080.83,0
2024-03-02,West,Home & Garden,36,18.96,682.68,0
2024-03-03,North,Apparel,45,21.94,987.09,0
2024-03-03,North,Electronics,67,19.02,1274.63,0
2024-03-03,North,Home & Garden,32,23.06,738.07,0
2024-03-03,South,Apparel,42,18.7,785.48,0
2024-03-03,South,Electronics,50,21.37,1068.57,0
2024-03-03,South,Home & Garden,30,19.2,575.95,0
2024-03-03,West,Apparel,37,24.45,904.8,0
2024-03-03,West,Electronics,51,21.83,1113.52,0
2024-03-03,West,Home & Garden,33,19.11,630.72,0
2024-03-04,North,Apparel,45,21.77,979.51,0
2024-03-04,North,Electronics,63,19.02,1198.19,0
2024-03-04,North,Home & Garden,28,23.53,658.7,0
2024-03-04,South,Apparel,38,18.71,710.99,0
2024-03-04,South,Electronics,40,21.53,861.11,0
2024-03-04,South,Home & Garden,27,18.83,508.3,0
2024-03-04,West,Apparel,35,24.28,849.83,0
2024-03-04,West,Electronics,50,22.07,1103.51,0
2024-03-04,West,Home & Garden,32,18.92,605.59,0
2024-03-05,North,Apparel,43,22.05,948.23,0
2024-03-05,North,Electronics,78,18.95,1478.23,1
2024-03-05,North,Home & Garden,28,23.12,647.42,0
2024-03-05,South,Apparel,37,18.49,684.15,0
2024-03-05,South,Electronics,43,21.33,917.03,0
2024-03-05,South,Home & Garden,28,18.89,528.96,0
2024-03-05,West,Apparel,32,23.91,765.07,0
2024-03-05,West,Electronics,48,21.75,1043.81,0
2024-03-05,West,Home & Garden,35,19.1,668.39,0
2024-03-06,North,Apparel,43,22.18,953.78,0
2024-03-06,North,Electronics,65,18.99,1234.15,0
2024-03-06,North,Home & Garden,28,23.14,647.78,0
2024-03-06,South,Apparel,43,18.54,797.36,0
2024-03-06,South,Electronics,42,21.48,902.22,0
2024-03-06,South,Home & Garden,28,18.89,528.89,0
2024-03-06,West,Apparel,35,23.95,838.4,0
2024-03-06,West,Electronics,46,21.96,1010.14,0
2024-03-06,West,Home & Garden,34,18.64,633.62,0
2024-03-07,North,Apparel,44,22.01,968.34,0
2024-03-07,North,Electronics,62,19.02,1179.54,0
2024-03-07,North,Home & Garden,31,23.07,715.27,0
2024-03-07,South,Apparel,37,18.8,695.45,0
2024-03-07,South,Electronics,43,21.55,926.68,0
2024-03-07,South,Home & Garden,30,19.14,574.31,0
2024-03-07,West,Apparel,36,24.42,879.16,0
2024-03-07,West,Electronics,48,22.08,1059.68,0
2024-03-07,West,Home & Garden,32,18.56,594.0,0
2024-03-08,North,Apparel,43,22.0,946.11,0
2024-03-08,North,Electronics,62,18.88,1170.79,0
2024-03-08,North,Home & Garden,25,23.71,592.78,0
2024-03-08,South,Apparel,36,18.78,676.04,0
2024-03-08,South,Electronics,47,21.27,999.54,0
2024-03-08,South,Home & Garden,31,18.89,585.7,0
2024-03-08,West,Apparel,33,24.57,810.97,0
2024-03-08,West,Electronics,46,22.12,1017.54,0
2024-03-08,West,Home & Garden,42,19.07,800.78,1
2024-03-09,North,Apparel,46,21.92,1008.21,0
2024-03-09,North,Electronics,64,18.96,1213.4,0
2024-03-09,North,Home & Garden,32,23.64,756.36,0
2024-03-09,South,Apparel,44,18.44,811.33,0
2024-03-09,South,Electronics,45,21.26,956.58,0
2024-03-09,South,Home & Garden,45,19.33,869.95,1
2024-03-09,West,Apparel,37,24.51,907.01,0
2024-03-09,West,Electronics,49,22.1,1082.72,0
2024-03-09,West,Home & Garden,37,18.78,694.84,0
2024-03-10,North,Apparel,48,21.84,1048.32,0
2024-03-10,North,Electronics,65,18.91,1229.0,0
2024-03-10,North,Home & Garden,43,23.65,1016.82,1
2024-03-10,South,Apparel,46,18.48,850.16,0
2024-03-10,South,Electronics,46,21.38,983.63,0
2024-03-10,South,Home & Garden,33,19.1,630.18,0
2024-03-10,West,Apparel,37,24.36,901.16,0
2024-03-10,West,Electronics,48,21.68,1040.42,0
2024-03-10,West,Home & Garden,49,18.97,929.61,1
2024-03-11,North,Apparel,40,21.81,872.42,0
2024-03-11,North,Electronics,71,18.91,1342.77,0
2024-03-11,North,Home & Garden,32,23.36,747.54,0
2024-03-11,South,Apparel,40,18.47,738.93,0
2024-03-11,South,Electronics,46,21.23,976.45,0
2024-03-11,South,Home & Garden,29,19.38,562.16,0
2024-03-11,West,Apparel,36,24.12,868.24,0
2024-03-11,West,Electronics,50,21.88,1093.91,0
2024-03-11,West,Home & Garden,31,18.76,581.68,0
2024-03-12,North,Apparel,60,21.98,1318.53,1
2024-03-12,North,Electronics,67,18.96,1270.0,0
2024-03-12,North,Home & Garden,28,23.26,651.34,0
2024-03-12,South,Apparel,40,18.76,750.42,0
2024-03-12,South,Electronics,45,21.21,954.27,0
2024-03-12,South,Home & Garden,31,19.16,593.91,0
2024-03-12,West,Apparel,36,24.2,871.12,0
2024-03-12,West,Electronics,47,22.09,1038.27,0
2024-03-12,West,Home & Garden,28,19.01,532.27,0
2024-03-13,North,Apparel,43,21.88,940.89,0
2024-03-13,North,Electronics,61,18.97,1157.12,0
2024-03-13,North,Home & Garden,28,23.15,648.29,0
2024-03-13,South,Apparel,42,18.53,778.11,0
2024-03-13,South,Electronics,45,21.36,961.04,0
2024-03-13,South,Home & Garden,30,18.94,568.27,0
2024-03-13,West,Apparel,36,24.5,882.03,0
2024-03-13,West,Electronics,49,21.78,1067.26,0
2024-03-13,West,Home & Garden,33,18.75,618.68,0
2024-03-14,North,Apparel,43,22.11,950.66,0
2024-03-14,North,Electronics,61,19.05,1162.35,0
2024-03-14,North,Home & Garden,29,22.99,666.81,0
2024-03-14,South,Apparel,54,18.66,1007.43,1
2024-03-14,South,Electronics,43,21.23,912.81,0
2024-03-14,South,Home & Garden,29,19.16,555.6,0
2024-03-14,West,Apparel,34,24.32,826.75,0
2024-03-14,West,Electronics,46,22.08,1015.87,0
2024-03-14,West,Home & Garden,32,18.57,594.2,0
2024-03-15,North,Apparel,46,21.85,1005.06,0
2024-03-15,North,Electronics,66,18.9,1247.5,0
2024-03-15,North,Home & Garden,31,23.37,724.41,0
2024-03-15,South,Apparel,42,18.74,787.17,0
2024-03-15,South,Electronics,45,21.25,956.11,0
2024-03-15,South,Home & Garden,30,19.03,571.04,0
2024-03-15,West,Apparel,36,24.27,873.6,0
2024-03-15,West,Electronics,50,21.71,1085.54,0
2024-03-15,West,Home & Garden,33,19.1,630.2,0
2024-03-16,North,Apparel,48,22.15,1063.25,0
2024-03-16,North,Electronics,69,19.05,1314.4,0
2024-03-16,North,Home & Garden,34,23.45,797.17,0
2024-03-16,South,Apparel,45,18.58,835.95,0
2024-03-16,South,Electronics,50,21.47,1073.35,0
2024-03-16,South,Home & Garden,35,18.96,663.59,0
2024-03-16,West,Apparel,39,24.47,954.16,0
2024-03-16,West,Electronics,50,21.9,1095.08,0
2024-03-16,West,Home & Garden,37,19.06,705.31,0
2024-03-17,North,Apparel,49,21.96,1076.08,0
2024-03-17,North,Electronics,69,19.11,1318.43,0
2024-03-17,North,Home & Garden,32,23.29,745.23,0
2024-03-17,South,Apparel,48,18.59,892.2,0
2024-03-17,South,Electronics,45,21.18,953.1,0
2024-03-17,South,Home & Garden,32,19.06,609.84,0
2024-03-17,West,Apparel,38,24.34,924.82,0
2024-03-17,West,Electronics,51,22.09,1126.43,0
2024-03-17,West,Home & Garden,35,19.09,668.3,0
2024-03-18,North,Apparel,44,22.08,971.68,0
2024-03-18,North,Electronics,65,18.86,1226.22,0
2024-03-18,North,Home & Garden,30,23.74,712.15,0
2024-03-18,South,Apparel,60,18.45,1106.72,1
2024-03-18,South,Electronics,44,21.3,937.25,0
2024-03-18,South,Home & Garden,29,19.36,561.36,0
2024-03-18,West,Apparel,37,24.03,889.14,0
2024-03-18,West,Electronics,51,21.88,1115.76,0
2024-03-18,West,Home & Garden,33,18.89,623.25,0
2024-03-19,North,Apparel,41,22.0,901.85,0
2024-03-19,North,Electronics,65,19.02,1236.01,0
2024-03-19,North,Home & Garden,33,23.21,765.91,0
2024-03-19,South,Apparel,39,18.76,731.46,0
2024-03-19,South,Electronics,42,21.19,890.03,0
2024-03-19,South,Home & Garden,32,19.0,607.98,0
2024-03-19,West,Apparel,53,24.01,1272.78,1
2024-03-19,West,Electronics,51,21.87,1115.29,0
2024-03-19,West,Home & Garden,32,18.56,593.82,0
2024-03-20,North,Apparel,44,22.03,969.44,0
2024-03-20,North,Electronics,66,19.1,1260.38,0
2024-03-20,North,Home & Garden,31,23.35,723.81,0
2024-03-20,South,Apparel,40,18.34,733.44,0
2024-03-20,South,Electronics,47,21.26,999.0,0
2024-03-20,South,Home & Garden,29,19.03,551.96,0
2024-03-20,West,Apparel,45,24.21,1089.51,1
2024-03-20,West,Electronics,49,22.08,1082.16,0
2024-03-20,West,Home & Garden,36,18.87,679.29,0
2024-03-21,North,Apparel,40,22.13,885.3,0
2024-03-21,North,Electronics,66,18.99,1253.45,0
2024-03-21,North,Home & Garden,38,23.56,895.13,1
2024-03-21,South,Apparel,39,18.71,729.69,0
2024-03-21,South,Electronics,48,21.52,1033.08,0
2024-03-21,South,Home & Garden,30,18.87,566.05,0
2024-03-21,West,Apparel,34,23.96,814.71,0
2024-03-21,West,Electronics,46,21.89,1007.03,0
2024-03-21,West,Home & Garden,32,18.57,594.39,0
2024-03-22,North,Apparel,44,21.95,965.95,0
2024-03-22,North,Electronics,61,18.91,1153.68,0
2024-03-22,North,Home & Garden,31,23.49,728.31,0
2024-03-22,South,Apparel,41,18.56,760.77,0
2024-03-22,South,Electronics,46,21.15,972.79,0
2024-03-22,South,Home & Garden,29,19.15,555.33,0
2024-03-22,West,Apparel,36,23.94,861.92,0
2024-03-22,West,Electronics,56,21.87,1224.72,0
2024-03-22,West,Home & Garden,32,19.06,610.02,0
2024-03-23,North,Apparel,52,22.08,1148.22,0
2024-03-23,North,Electronics,69,18.94,1307.17,0
2024-03-23,North,Home & Garden,35,23.65,827.89,0
2024-03-23,South,Apparel,63,18.68,1176.71,1
2024-03-23,South,Electronics,47,21.25,998.89,0
2024-03-23,South,Home & Garden,30,19.17,575.14,0
2024-03-23,West,Apparel,42,24.35,1022.6,0
2024-03-23,West,Electronics,56,22.0,1232.06,0
2024-03-23,West,Home & Garden,36,18.99,683.55,0
2024-03-24,North,Apparel,52,21.86,1136.54,0
2024-03-24,North,Electronics,68,18.87,1283.16,0
2024-03-24,North,Home & Garden,33,23.39,771.97,0
2024-03-24,South,Apparel,46,18.63,856.98,0
2024-03-24,South,Electronics,47,21.35,1003.31,0
2024-03-24,South,Home & Garden,34,19.39,659.14,0
2024-03-24,West,Apparel,39,24.18,943.03,0
2024-03-24,West,Electronics,54,22.03,1189.45,0
2024-03-24,West,Home & Garden,36,18.97,683.07,0
2024-03-25,North,Apparel,45,21.77,979.48,0
2024-03-25,North,Electronics,67,19.0,1273.31,0
2024-03-25,North,Home & Garden,31,23.26,721.14,0
2024-03-25,South,Apparel,41,18.67,765.42,0
2024-03-25,South,Electronics,46,21.24,976.97,0
2024-03-25,South,Home & Garden,30,19.38,581.28,0
2024-03-25,West,Apparel,36,24.49,881.49,0
2024-03-25,West,Electronics,49,21.76,1066.48,0
2024-03-25,West,Home & Garden,34,18.68,635.19,0
2024-03-26,North,Apparel,46,21.95,1009.53,0
2024-03-26,North,Electronics,74,18.97,1403.72,0
2024-03-26,North,Home & Garden,31,23.42,725.9,0
2024-03-26,South,Apparel,45,18.4,827.82,0
2024-03-26,South,Electronics,46,21.3,979.89,0
2024-03-26,South,Home & Garden,29,19.14,555.08,0
2024-03-26,West,Apparel,35,24.37,852.82,0
2024-03-26,West,Electronics,50,21.97,1098.7,0
2024-03-26,West,Home & Garden,31,19.13,593.09,0
2024-03-27,North,Apparel,44,22.03,969.51,0
2024-03-27,North,Electronics,68,18.97,1289.86,0
2024-03-27,North,Home & Garden,31,23.17,718.19,0
2024-03-27,South,Apparel,44,18.58,817.36,0
2024-03-27,South,Electronics,49,21.17,1037.55,0
2024-03-27,South,Home & Garden,38,19.14,727.39,1
2024-03-27,West,Apparel,38,23.91,908.48,0
2024-03-27,West,Electronics,49,22.1,1082.78,0
2024-03-27,West,Home & Garden,34,18.61,632.65,0
2024-03-28,North,Apparel,46,22.11,1017.03,0
2024-03-28,North,Electronics,66,19.14,1263.15,0
2024-03-28,North,Home & Garden,33,23.09,762.05,0
2024-03-28,South,Apparel,42,18.48,776.02,0
2024-03-28,South,Electronics,45,21.54,969.49,0
2024-03-28,South,Home & Garden,29,18.85,546.77,0
2024-03-28,West,Apparel,35,24.36,852.54,0
2024-03-28,West,Electronics,53,22.03,1167.53,0
2024-03-28,West,Home & Garden,50,18.83,941.6,1
2024-03-29,North,Apparel,52,21.9,1138.93,0
2024-03-29,North,Electronics,70,18.9,1322.67,0
2024-03-29,North,Home & Garden,31,23.19,718.76,0
2024-03-29,South,Apparel,43,18.4,791.17,0
2024-03-29,South,Electronics,48,21.3,1022.25,0
2024-03-29,South,Home & Garden,32,18.96,606.62,0
2024-03-29,West,Apparel,38,24.19,919.32,0
2024-03-29,West,Electronics,51,22.08,1125.89,0
2024-03-29,West,Home & Garden,33,19.08,629.48,0
2024-03-30,North,Apparel,56,21.79,1220.13,0
2024-03-30,North,Electronics,72,18.98,1366.83,0
2024-03-30,North,Home & Garden,35,23.46,821.26,0
2024-03-30,South,Apparel,52,18.46,959.83,0
2024-03-30,South,Electronics,49,21.47,1051.99,0
2024-03-30,South,Home & Garden,39,19.0,741.19,0
2024-03-30,West,Apparel,42,23.95,1006.11,0
2024-03-30,West,Electronics,52,21.97,1142.2,0
2024-03-30,West,Home & Garden,49,18.69,915.99,1
2024-03-31,North,Apparel,53,21.75,1152.98,0
2024-03-31,North,Electronics,72,19.0,1367.92,0
2024-03-31,North,Home & Garden,34,23.31,792.65,0
2024-03-31,South,Apparel,53,18.68,990.04,0
2024-03-31,South,Electronics,48,21.57,1035.28,0
2024-03-31,South,Home & Garden,38,19.02,722.8,0
2024-03-31,West,Apparel,40,24.47,978.92,0
2024-03-31,West,Electronics,53,21.88,1159.7,0
2024-03-31,West,Home & Garden,42,18.72,786.04,0
2024-04-01,North,Apparel,47,22.17,1041.83,0
2024-04-01,North,Electronics,89,18.99,1689.76,1
2024-04-01,North,Home & Garden,33,23.12,762.89,0
2024-04-01,South,Apparel,47,18.69,878.38,0
2024-04-01,South,Electronics,47,21.21,996.98,0
2024-04-01,South,Home & Garden,28,19.27,539.63,0
2024-04-01,West,Apparel,37,24.4,902.92,0
2024-04-01,West,Electronics,54,21.75,1174.72,0
2024-04-01,West,Home & Garden,35,18.89,661.2,0
2024-04-02,North,Apparel,46,21.76,1000.79,0
2024-04-02,North,Electronics,73,19.03,1389.34,0
2024-04-02,North,Home & Garden,34,23.1,785.49,0
2024-04-02,South,Apparel,47,18.49,869.08,0
2024-04-02,South,Electronics,48,21.46,1030.03,0
2024-04-02,South,Home & Garden,32,19.34,618.84,0
2024-04-02,West,Apparel,34,24.32,826.8,0
2024-04-02,West,Electronics,55,21.81,1199.65,0
2024-04-02,West,Home & Garden,35,18.97,664.12,0
2024-04-03,North,Apparel,46,22.01,1012.43,0
2024-04-03,North,Electronics,66,18.94,1249.77,0
2024-04-03,North,Home & Garden,32,23.21,742.76,0
2024-04-03,South,Apparel,43,18.39,790.63,0
2024-04-03,South,Electronics,50,21.18,1059.08,0
2024-04-03,South,Home & Garden,30,18.93,567.97,0
2024-04-03,West,Apparel,37,23.94,885.89,0
2024-04-03,West,Electronics,55,21.81,1199.79,0
2024-04-03,West,Home & Garden,34,19.08,648.74,0
2024-04-04,North,Apparel,48,22.16,1063.49,0
2024-04-04,North,Electronics,70,18.94,1325.83,0
2024-04-04,North,Home & Garden,34,23.13,786.51,0
2024-04-04,South,Apparel,48,18.62,893.71,0
2024-04-04,South,Electronics,47,21.48,1009.59,0
2024-04-04,South,Home & Garden,30,19.1,573.04,0
2024-04-04,West,Apparel,50,24.22,1211.11,1
2024-04-04,West,Electronics,53,22.05,1168.43,0
2024-04-04,West,Home & Garden,36,19.1,687.73,0
2024-04-05,North,Apparel,47,21.97,1032.5,0
2024-04-05,North,Electronics,67,18.91,1266.67,0
2024-04-05,North,Home & Garden,32,23.62,755.95,0
2024-04-05,South,Apparel,43,18.49,794.92,0
2024-04-05,South,Electronics,45,21.55,969.76,0
2024-04-05,South,Home & Garden,30,19.32,579.47,0
2024-04-05,West,Apparel,35,24.15,845.21,0
2024-04-05,West,Electronics,51,22.08,1126.33,0
2024-04-05,West,Home & Garden,37,18.77,694.65,0
2024-04-06,North,Apparel,71,21.9,1554.81,1
2024-04-06,North,Electronics,74,18.88,1397.18,0
2024-04-06,North,Home & Garden,33,23.2,765.47,0
2024-04-06,South,Apparel,48,18.37,881.92,0
2024-04-06,South,Electronics,53,21.36,1131.91,0
2024-04-06,South,Home & Garden,37,19.26,712.57,0
2024-04-06,West,Apparel,39,24.03,937.12,0
2024-04-06,West,Electronics,48,21.98,1055.16,0
2024-04-06,West,Home & Garden,42,18.82,790.62,0
2024-04-07,North,Apparel,57,21.85,1245.19,0
2024-04-07,North,Electronics,70,19.07,1334.65,0
2024-04-07,North,Home & Garden,37,23.11,854.95,0
2024-04-07,South,Apparel,51,18.74,955.94,0
2024-04-07,South,Electronics,49,21.42,1049.48,0
2024-04-07,South,Home & Garden,38,19.04,723.64,0
2024-04-07,West,Apparel,39,24.37,950.26,0
2024-04-07,West,Electronics,56,21.74,1217.71,0
2024-04-07,West,Home & Garden,41,18.69,766.14,0
2024-04-08,North,Apparel,49,22.04,1080.14,0
2024-04-08,North,Electronics,68,19.13,1300.99,0
2024-04-08,North,Home & Garden,33,23.13,763.41,0
2024-04-08,South,Apparel,48,18.62,893.96,0
2024-04-08,South,Electronics,49,21.32,1044.6,0
2024-04-08,South,Home & Garden,31,19.32,598.83,0
2024-04-08,West,Apparel,40,24.52,980.76,0
2024-04-08,West,Electronics,52,22.07,1147.55,0
2024-04-08,West,Home & Garden,33,18.82,621.02,0
2024-04-09,North,Apparel,49,21.94,1075.3,0
2024-04-09,North,Electronics,69,18.99,1310.26,0
2024-04-09,North,Home & Garden,33,23.51,775.95,0
2024-04-09,South,Apparel,47,18.4,864.9,0
2024-04-09,South,Electronics,48,21.56,1034.7,0
2024-04-09,South,Home & Garden,31,19.41,601.61,0
2024-04-09,West,Apparel,38,24.43,928.43,0
2024-04-09,West,Electronics,53,21.83,1157.2,0
2024-04-09,West,Home & Garden,36,19.05,685.78,0
2024-04-10,North,Apparel,46,21.92,1008.37,0
2024-04-10,North,Electronics,72,19.04,1371.2,0
2024-04-10,North,Home & Garden,34,23.06,783.98,0
2024-04-10,South,Apparel,45,18.64,838.83,0
2024-04-10,South,Electronics,48,21.49,1031.61,0
2024-04-10,South,Home & Garden,32,19.46,622.86,0
2024-04-10,West,Apparel,54,24.02,1296.98,1
2024-04-10,West,Electronics,53,21.82,1156.59,0
2024-04-10,West,Home & Garden,36,18.98,683.37,0
2024-04-11,North,Apparel,51,21.76,1109.86,0
2024-04-11,North,Electronics,72,19.06,1372.34,0
2024-04-11,North,Home & Garden,32,23.56,753.94,0
2024-04-11,South,Apparel,46,18.63,856.83,0
2024-04-11,South,Electronics,48,21.24,1019.75,0
2024-04-11,South,Home & Garden,33,19.05,628.65,0
2024-04-11,West,Apparel,40,24.42,976.9,0
2024-04-11,West,Electronics,50,21.95,1097.72,0
2024-04-11,West,Home & Garden,35,18.78,657.21,0
2024-04-12,North,Apparel,47,22.1,1038.53,0
2024-04-12,North,Electronics,67,19.08,1278.66,0
2024-04-12,North,Home & Garden,36,23.11,832.11,0
2024-04-12,South,Apparel,47,18.51,869.85,0
2024-04-12,South,Electronics,50,21.45,1072.46,0
2024-04-12,South,Home & Garden,34,19.18,652.08,0
2024-04-12,West,Apparel,51,24.38,1243.14,1
2024-04-12,West,Electronics,54,21.96,1185.7,0
2024-04-12,West,Home & Garden,35,18.59,650.73,0
2024-04-13,North,Apparel,54,22.07,1191.84,0
2024-04-13,North,Electronics,74,18.93,1400.86,0
2024-04-13,North,Home & Garden,37,23.54,871.02,0
2024-04-13,South,Apparel,53,18.45,977.82,0
2024-04-13,South,Electronics,44,21.51,946.24,0
2024-04-13,South,Home & Garden,34,19.36,658.09,0
2024-04-13,West,Apparel,44,24.48,1077.32,0
2024-04-13,West,Electronics,78,21.76,1696.89,1
2024-04-13,West,Home & Garden,50,18.9,945.23,1
2024-04-14,North,Apparel,57,21.95,1251.21,0
2024-04-14,North,Electronics,72,19.03,1370.11,0
2024-04-14,North,Home & Garden,37,23.49,869.04,0
2024-04-14,South,Apparel,52,18.53,963.44,0
2024-04-14,South,Electronics,54,21.51,1161.44,0
2024-04-14,South,Home & Garden,37,19.08,705.86,0
2024-04-14,West,Apparel,44,24.35,1071.31,0
2024-04-14,West,Electronics,57,22.06,1257.7,0
2024-04-14,West,Home & Garden,41,18.8,770.85,0
2024-04-15,North,Apparel,52,21.89,1138.25,0
2024-04-15,North,Electronics,68,18.96,1289.04,0
2024-04-15,North,Home & Garden,35,23.28,814.77,0
2024-04-15,South,Apparel,45,18.42,828.93,0
2024-04-15,South,Electronics,47,21.53,1012.07,0
2024-04-15,South,Home & Garden,30,19.33,579.87,0
2024-04-15,West,Apparel,39,23.98,935.12,0
2024-04-15,West,Electronics,55,22.05,1212.75,0
2024-04-15,West,Home & Garden,36,18.67,672.18,0
2024-04-16,North,Apparel,49,22.09,1082.59,0
2024-04-16,North,Electronics,70,19.14,1339.51,0
2024-04-16,North,Home & Garden,34,23.29,792.02,0
2024-04-16,South,Apparel,47,18.43,866.34,0
2024-04-16,South,Electronics,50,21.49,1074.31,0
2024-04-16,South,Home & Garden,32,19.3,617.55,0
2024-04-16,West,Apparel,40,24.23,969.38,0
2024-04-16,West,Electronics,55,21.83,1200.46,0
2024-04-16,West,Home & Garden,40,18.67,746.69,0
2024-04-17,North,Apparel,50,21.78,1089.06,0
2024-04-17,North,Electronics,70,19.13,1338.97,0
2024-04-17,North,Home & Garden,38,23.26,883.82,0
2024-04-17,South,Apparel,46,18.7,860.21,0
2024-04-17,South,Electronics,50,21.49,1074.73,0
2024-04-17,South,Home & Garden,32,19.17,613.49,0
2024-04-17,West,Apparel,41,24.2,992.16,0
2024-04-17,West,Electronics,53,21.85,1157.94,0
2024-04-17,West,Home & Garden,38,18.79,713.95,0
2024-04-18,North,Apparel,49,22.07,1081.57,0
2024-04-18,North,Electronics,77,19.03,1465.6,0
2024-04-18,North,Home & Garden,34,23.21,789.28,0
2024-04-18,South,Apparel,47,18.48,868.48,0
2024-04-18,South,Electronics,52,21.52,1118.9,0
2024-04-18,South,Home & Garden,32,19.43,621.81,0
2024-04-18,West,Apparel,40,23.94,957.43,0
2024-04-18,West,Electronics,54,21.78,1176.28,0
2024-04-18,West,Home & Garden,38,18.63,707.93,0
2024-04-19,North,Apparel,49,21.75,1065.72,0
2024-04-19,North,Electronics,73,18.9,1379.39,0
2024-04-19,North,Home & Garden,35,23.19,811.54,0
2024-04-19,South,Apparel,49,18.64,913.38,0
2024-04-19,South,Electronics,50,21.46,1073.18,0
2024-04-19,South,Home & Garden,31,19.27,597.49,0
2024-04-19,West,Apparel,39,24.36,949.96,0
2024-04-19,West,Electronics,74,21.77,1610.69,1
2024-04-19,West,Home & Garden,39,18.91,737.62,0
2024-04-20,North,Apparel,55,22.04,1212.3,0
2024-04-20,North,Electronics,87,19.12,1663.06,1
2024-04-20,North,Home & Garden,37,23.39,865.58,0
2024-04-20,South,Apparel,53,18.58,984.81,0
2024-04-20,South,Electronics,51,21.37,1089.69,0
2024-04-20,South,Home & Garden,35,19.01,665.44,0
2024-04-20,West,Apparel,45,23.96,1078.21,0
2024-04-20,West,Electronics,57,21.94,1250.41,0
2024-04-20,West,Home & Garden,42,19.02,798.78,0
2024-04-21,North,Apparel,54,21.8,1177.19,0
2024-04-21,North,Electronics,74,18.94,1401.43,0
2024-04-21,North,Home & Garden,40,23.12,924.81,0
2024-04-21,South,Apparel,53,18.67,989.54,0
2024-04-21,South,Electronics,49,21.58,1057.49,0
2024-04-21,South,Home & Garden,34,19.01,646.18,0
2024-04-21,West,Apparel,41,24.48,1003.48,0
2024-04-21,West,Electronics,74,21.9,1620.96,1
2024-04-21,West,Home & Garden,41,18.65,764.78,0
2024-04-22,North,Apparel,53,21.75,1153.01,0
2024-04-22,North,Electronics,75,18.88,1416.23,0
2024-04-22,North,Home & Garden,35,23.36,817.67,0
2024-04-22,South,Apparel,48,18.51,888.57,0
2024-04-22,South,Electronics,49,21.57,1056.69,0
2024-04-22,South,Home & Garden,33,19.0,626.87,0
2024-04-22,West,Apparel,41,24.15,990.18,0
2024-04-22,West,Electronics,56,21.79,1220.51,0
2024-04-22,West,Home & Garden,37,18.59,687.98,0
2024-04-23,North,Apparel,52,22.03,1145.41,0
2024-04-23,North,Electronics,77,19.06,1467.64,0
2024-04-23,North,Home & Garden,34,23.46,797.5,0
2024-04-23,South,Apparel,53,18.66,989.09,0
2024-04-23,South,Electronics,46,21.45,986.92,0
2024-04-23,South,Home & Garden,32,19.32,618.33,0
2024-04-23,West,Apparel,39,23.95,933.92,0
2024-04-23,West,Electronics,59,21.83,1287.97,0
2024-04-23,West,Home & Garden,39,18.7,729.41,0
2024-04-24,North,Apparel,53,21.81,1155.95,0
2024-04-24,North,Electronics,69,18.92,1305.65,0
2024-04-24,North,Home & Garden,33,23.68,781.29,0
2024-04-24,South,Apparel,45,18.74,843.43,0
2024-04-24,South,Electronics,49,21.42,1049.38,0
2024-04-24,South,Home & Garden,32,19.12,611.69,0
2024-04-24,West,Apparel,53,24.44,1295.06,1
2024-04-24,West,Electronics,59,21.98,1296.7,0
2024-04-24,West,Home & Garden,39,18.66,727.81,0
2024-04-25,North,Apparel,62,21.93,1359.39,1
2024-04-25,North,Electronics,68,19.06,1295.74,0
2024-04-25,North,Home & Garden,33,23.29,768.44,0
2024-04-25,South,Apparel,50,18.68,933.8,0
2024-04-25,South,Electronics,50,21.34,1067.1,0
2024-04-25,South,Home & Garden,36,18.99,683.55,0
2024-04-25,West,Apparel,41,24.03,985.41,0
2024-04-25,West,Electronics,55,21.89,1203.88,0
2024-04-25,West,Home & Garden,38,19.04,723.68,0
2024-04-26,North,Apparel,63,21.95,1382.68,1
2024-04-26,North,Electronics,77,19.06,1467.82,0
2024-04-26,North,Home & Garden,36,23.09,831.34,0
2024-04-26,South,Apparel,47,18.75,881.15,0
2024-04-26,South,Electronics,49,21.47,1051.79,0
2024-04-26,South,Home & Garden,32,19.03,609.07,0
2024-04-26,West,Apparel,41,24.31,996.54,0
2024-04-26,West,Electronics,47,21.93,1030.5,0
2024-04-26,West,Home & Garden,36,18.62,670.34,0
2024-04-27,North,Apparel,58,21.85,1267.1,0
2024-04-27,North,Electronics,77,19.02,1464.4,0
2024-04-27,North,Home & Garden,37,23.26,860.53,0
2024-04-27,South,Apparel,55,18.43,1013.61,0
2024-04-27,South,Electronics,54,21.25,1147.26,0
2024-04-27,South,Home & Garden,41,19.04,780.6,0
2024-04-27,West,Apparel,47,24.33,1143.63,0
2024-04-27,West,Electronics,60,22.03,1321.63,0
2024-04-27,West,Home & Garden,44,18.88,830.7,0
2024-04-28,North,Apparel,58,21.92,1271.24,0
2024-04-28,North,Electronics,74,19.07,1411.01,0
2024-04-28,North,Home & Garden,41,23.35,957.23,0
2024-04-28,South,Apparel,52,18.59,966.48,0
2024-04-28,South,Electronics,53,21.46,1137.27,0
2024-04-28,South,Home & Garden,41,19.26,789.69,0
2024-04-28,West,Apparel,45,24.04,1081.79,0
2024-04-28,West,Electronics,57,21.83,1244.45,0
2024-04-28,West,Home & Garden,43,18.65,802.01,0
2024-04-29,North,Apparel,52,22.05,1146.46,0
2024-04-29,North,Electronics,75,18.9,1417.32,0
2024-04-29,North,Home & Garden,33,23.62,779.56,0
2024-04-29,South,Apparel,53,18.44,977.06,0
2024-04-29,South,Electronics,50,21.51,1075.63,0
2024-04-29,South,Home & Garden,30,19.21,576.4,0
2024-04-29,West,Apparel,42,24.21,1016.82,0
2024-04-29,West,Electronics,54,21.77,1175.46,0
2024-04-29,West,Home & Garden,39,18.91,737.31,0
2024-04-30,North,Apparel,52,22.01,1144.4,0
2024-04-30,North,Electronics,67,19.07,1277.78,0
2024-04-30,North,Home & Garden,35,23.42,819.81,0
2024-04-30,South,Apparel,49,18.64,913.58,0
2024-04-30,South,Electronics,46,21.39,983.74,0
2024-04-30,South,Home & Garden,34,19.11,649.71,0
2024-04-30,West,Apparel,42,24.19,1015.9,0
2024-04-30,West,Electronics,55,21.75,1196.32,0
2024-04-30,West,Home & Garden,37,18.63,689.25,0
2024-05-01,North,Apparel,56,21.93,1227.99,0
2024-05-01,North,Electronics,74,18.91,1399.64,0
2024-05-01,North,Home & Garden,34,23.45,797.47,0
2024-05-01,South,Apparel,50,18.68,933.83,0
2024-05-01,South,Electronics,49,21.16,1036.99,0
2024-05-01,South,Home & Garden,33,19.22,634.26,0
2024-05-01,West,Apparel,41,24.41,1000.92,0
2024-05-01,West,Electronics,55,21.76,1196.85,0
2024-05-01,West,Home & Garden,42,18.79,789.09,0
2024-05-02,North,Apparel,54,21.85,1180.13,0
2024-05-02,North,Electronics,75,18.9,1417.29,0
2024-05-02,North,Home & Garden,36,23.1,831.7,0
2024-05-02,South,Apparel,46,18.48,850.29,0
2024-05-02,South,Electronics,53,21.26,1126.56,0
2024-05-02,South,Home & Garden,29,18.9,548.09,0
2024-05-02,West,Apparel,40,24.36,974.25,0
2024-05-02,West,Electronics,57,21.88,1247.15,0
2024-05-02,West,Home & Garden,39,18.74,730.88,0
2024-05-03,North,Apparel,70,21.9,1532.96,1
2024-05-03,North,Electronics,76,19.04,1447.14,0
2024-05-03,North,Home & Garden,36,23.16,833.69,0
2024-05-03,South,Apparel,48,18.48,887.27,0
2024-05-03,South,Electronics,53,21.44,1136.19,0
2024-05-03,South,Home & Garden,31,19.39,601.16,0
2024-05-03,West,Apparel,43,24.14,1038.21,0
2024-05-03,West,Electronics,53,21.74,1152.04,0
2024-05-03,West,Home & Garden,38,18.67,709.52,0
2024-05-04,North,Apparel,61,21.98,1340.75,0
2024-05-04,North,Electronics,75,18.97,1422.9,0
2024-05-04,North,Home & Garden,40,23.51,940.5,0
2024-05-04,South,Apparel,57,18.46,1052.14,0
2024-05-04,South,Electronics,51,21.17,1079.58,0
2024-05-04,South,Home & Garden,40,19.26,770.54,0
2024-05-04,West,Apparel,48,24.28,1165.52,0
2024-05-04,West,Electronics,56,22.08,1236.31,0
2024-05-04,West,Home & Garden,45,18.64,838.64,0
2024-05-05,North,Apparel,62,21.96,1361.49,0
2024-05-05,North,Electronics,78,18.91,1475.31,0
2024-05-05,North,Home & Garden,48,23.25,1115.94,1
2024-05-05,South,Apparel,56,18.43,1031.84,0
2024-05-05,South,Electronics,53,21.28,1127.95,0
2024-05-05,South,Home & Garden,43,18.97,815.77,0
2024-05-05,West,Apparel,47,24.36,1144.86,0
2024-05-05,West,Electronics,60,21.71,1302.79,0
2024-05-05,West,Home & Garden,45,18.84,847.91,0
2024-05-06,North,Apparel,52,21.8,1133.7,0
2024-05-06,North,Electronics,92,18.95,1743.32,1
2024-05-06,North,Home & Garden,35,23.21,812.44,0
2024-05-06,South,Apparel,51,18.41,938.75,0
2024-05-06,South,Electronics,69,21.27,1467.9,1
2024-05-06,South,Home & Garden,50,19.18,959.0,1
2024-05-06,West,Apparel,40,24.51,980.39,0
2024-05-06,West,Electronics,57,22.07,1257.89,0
2024-05-06,West,Home & Garden,40,18.8,751.9,0
2024-05-07,North,Apparel,69,21.88,1509.8,1
2024-05-07,North,Electronics,75,19.05,1428.67,0
2024-05-07,North,Home & Garden,37,23.65,875.2,0
2024-05-07,South,Apparel,73,18.47,1348.07,1
2024-05-07,South,Electronics,50,21.54,1076.78,0
2024-05-07,South,Home & Garden,49,19.26,943.89,1
2024-05-07,West,Apparel,41,24.51,1004.94,0
2024-05-07,West,Electronics,58,21.74,1261.19,0
2024-05-07,West,Home & Garden,37,18.83,696.69,0
2024-05-08,North,Apparel,53,22.0,1165.89,0
2024-05-08,North,Electronics,73,18.9,1379.68,0
2024-05-08,North,Home & Garden,37,23.41,866.32,0
2024-05-08,South,Apparel,51,18.55,946.14,0
2024-05-08,South,Electronics,52,21.27,1106.26,0
2024-05-08,South,Home & Garden,34,19.39,659.2,0
2024-05-08,West,Apparel,42,24.44,1026.42,0
2024-05-08,West,Electronics,55,21.81,1199.34,0
2024-05-08,West,Home & Garden,41,18.86,773.27,0
2024-05-09,North,Apparel,51,21.96,1119.78,0
2024-05-09,North,Electronics,74,18.98,1404.35,0
2024-05-09,North,Home & Garden,32,23.68,757.78,0
2024-05-09,South,Apparel,49,18.58,910.47,0
2024-05-09,South,Electronics,55,21.42,1178.31,0
2024-05-09,South,Home & Garden,38,18.96,720.4,0
2024-05-09,West,Apparel,44,24.07,1059.12,0
2024-05-09,West,Electronics,55,21.69,1193.12,0
2024-05-09,West,Home & Garden,38,19.02,722.94,0
2024-05-10,North,Apparel,57,21.92,1249.25,0
2024-05-10,North,Electronics,73,18.91,1380.61,0
2024-05-10,North,Home & Garden,37,23.25,860.43,0
2024-05-10,South,Apparel,49,18.47,904.79,0
2024-05-10,South,Electronics,51,21.55,1099.27,0
2024-05-10,South,Home & Garden,39,18.93,738.23,0
2024-05-10,West,Apparel,40,24.27,970.93,0
2024-05-10,West,Electronics,56,21.73,1216.7,0
2024-05-10,West,Home & Garden,39,18.88,736.15,0
2024-05-11,North,Apparel,59,22.05,1300.7,0
2024-05-11,North,Electronics,80,18.97,1517.37,0
2024-05-11,North,Home & Garden,39,23.15,903.01,0
2024-05-11,South,Apparel,55,18.59,1022.61,0
2024-05-11,South,Electronics,54,21.39,1154.91,0
2024-05-11,South,Home & Garden,38,19.32,734.01,0
2024-05-11,West,Apparel,47,24.14,1134.36,0
2024-05-11,West,Electronics,60,21.88,1312.6,0
2024-05-11,West,Home & Garden,40,18.78,751.09,0
2024-05-12,North,Apparel,58,21.95,1273.23,0
2024-05-12,North,Electronics,80,19.12,1529.31,0
2024-05-12,North,Home & Garden,39,23.6,920.32,0
2024-05-12,South,Apparel,56,18.54,1038.45,0
2024-05-12,South,Electronics,73,21.45,1566.2,1
2024-05-12,South,Home & Garden,36,19.06,686.03,0
2024-05-12,West,Apparel,47,24.33,1143.4,0
2024-05-12,West,Electronics,63,21.76,1370.92,0
2024-05-12,West,Home & Garden,43,18.93,813.79,0
2024-05-13,North,Apparel,54,21.88,1181.77,0
2024-05-13,North,Electronics,75,18.97,1422.68,0
2024-05-13,North,Home & Garden,36,23.47,844.93,0
2024-05-13,South,Apparel,50,18.45,922.43,0
2024-05-13,South,Electronics,56,21.52,1205.07,0
2024-05-13,South,Home & Garden,31,19.16,594.04,0
2024-05-13,West,Apparel,43,24.16,1038.72,0
2024-05-13,West,Electronics,53,21.78,1154.16,0
2024-05-13,West,Home & Garden,38,19.08,725.18,0
2024-05-14,North,Apparel,53,22.06,1169.37,0
2024-05-14,North,Electronics,76,18.91,1437.47,0
2024-05-14,North,Home & Garden,39,23.31,909.21,0
2024-05-14,South,Apparel,51,18.53,944.84,0
2024-05-14,South,Electronics,54,21.18,1143.71,0
2024-05-14,South,Home & Garden,37,19.33,715.16,0
2024-05-14,West,Apparel,41,24.21,992.49,0
2024-05-14,West,Electronics,57,21.73,1238.54,0
2024-05-14,West,Home & Garden,40,18.97,758.99,0
2024-05-15,North,Apparel,54,21.78,1176.27,0
2024-05-15,North,Electronics,72,19.07,1373.02,0
2024-05-15,North,Home & Garden,35,23.43,819.98,0
2024-05-15,South,Apparel,52,18.53,963.41,0
2024-05-15,South,Electronics,53,21.25,1126.41,0
2024-05-15,South,Home & Garden,35,19.1,668.63,0
2024-05-15,West,Apparel,43,24.15,1038.27,0
2024-05-15,West,Electronics,54,22.05,1190.65,0
2024-05-15,West,Home & Garden,39,18.63,726.38,0
2024-05-16,North,Apparel,55,21.78,1197.9,0
2024-05-16,North,Electronics,75,19.03,1427.13,0
2024-05-16,North,Home & Garden,35,23.12,809.07,0
2024-05-16,South,Apparel,52,18.5,961.84,0
2024-05-16,South,Electronics,52,21.23,1103.84,0
2024-05-16,South,Home & Garden,35,19.37,678.05,0
2024-05-16,West,Apparel,43,24.11,1036.94,0
2024-05-16,West,Electronics,54,21.82,1178.36,0
2024-05-16,West,Home & Garden,37,18.64,689.51,0
2024-05-17,North,Apparel,58,22.05,1278.67,0
2024-05-17,North,Electronics,76,18.96,1440.72,0
2024-05-17,North,Home & Garden,37,23.67,875.66,0
2024-05-17,South,Apparel,51,18.66,951.8,0
2024-05-17,South,Electronics,54,21.36,1153.53,0
2024-05-17,South,Home & Garden,32,19.07,610.29,0
2024-05-17,West,Apparel,42,24.05,1010.18,0
2024-05-17,West,Electronics,59,22.0,1298.27,0
2024-05-17,West,Home & Garden,40,18.91,756.27,0
2024-05-18,North,Apparel,60,21.76,1305.4,0
2024-05-18,North,Electronics,85,19.1,1623.22,0
2024-05-18,North,Home & Garden,41,23.18,950.57,0
2024-05-18,South,Apparel,58,18.56,1076.61,0
2024-05-18,South,Electronics,57,21.42,1220.78,0
2024-05-18,South,Home & Garden,39,18.92,737.9,0
2024-05-18,West,Apparel,48,24.36,1169.24,0
2024-05-18,West,Electronics,61,21.99,1341.28,0
2024-05-18,West,Home & Garden,44,18.87,830.41,0
2024-05-19,North,Apparel,64,21.89,1400.98,0
2024-05-19,North,Electronics,77,18.93,1457.5,0
2024-05-19,North,Home & Garden,43,23.15,995.41,0
2024-05-19,South,Apparel,63,18.6,1171.99,0
2024-05-19,South,Electronics,54,21.2,1144.56,0
2024-05-19,South,Home & Garden,39,19.36,755.18,0
2024-05-19,West,Apparel,48,24.05,1154.53,0
2024-05-19,West,Electronics,61,21.95,1338.95,0
2024-05-19,West,Home & Garden,43,18.96,815.08,0
2024-05-20,North,Apparel,57,21.95,1251.04,0
2024-05-20,North,Electronics,80,18.95,1515.63,0
2024-05-20,North,Home & Garden,36,23.68,852.39,0
2024-05-20,South,Apparel,50,18.47,923.61,0
2024-05-20,South,Electronics,55,21.19,1165.48,0
2024-05-20,South,Home & Garden,36,19.0,684.02,0
2024-05-20,West,Apparel,45,23.96,1078.16,0
2024-05-20,West,Electronics,59,22.07,1302.09,0
2024-05-20,West,Home & Garden,40,18.88,755.01,0
2024-05-21,North,Apparel,56,22.06,1235.36,0
2024-05-21,North,Electronics,79,18.95,1496.75,0
2024-05-21,North,Home & Garden,39,23.3,908.64,0
2024-05-21,South,Apparel,51,18.68,952.93,0
2024-05-21,South,Electronics,53,21.31,1129.46,0
2024-05-21,South,Home & Garden,49,19.31,946.08,1
2024-05-21,West,Apparel,56,24.19,1354.72,1
2024-05-21,West,Electronics,57,21.77,1240.92,0
2024-05-21,West,Home & Garden,37,18.68,690.98,0
2024-05-22,North,Apparel,57,21.96,1251.79,0
2024-05-22,North,Electronics,77,19.05,1466.61,0
2024-05-22,North,Home & Garden,37,23.47,868.32,0
2024-05-22,South,Apparel,48,18.43,884.83,0
2024-05-22,South,Electronics,53,21.49,1139.01,0
2024-05-22,South,Home & Garden,34,18.91,642.81,0
2024-05-22,West,Apparel,44,24.23,1066.09,0
2024-05-22,West,Electronics,57,21.84,1244.86,0
2024-05-22,West,Home & Garden,41,18.93,776.29,0
2024-05-23,North,Apparel,56,21.87,1224.71,0
2024-05-23,North,Electronics,81,18.95,1535.16,0
2024-05-23,North,Home & Garden,38,23.36,887.72,0
2024-05-23,South,Apparel,67,18.45,1236.13,1
2024-05-23,South,Electronics,51,21.56,1099.7,0
2024-05-23,South,Home & Garden,34,19.2,652.78,0
2024-05-23,West,Apparel,43,24.0,1032.15,0
2024-05-23,West,Electronics,62,22.01,1364.46,0
2024-05-23,West,Home & Garden,40,18.74,749.43,0
2024-05-24,North,Apparel,58,22.03,1277.82,0
2024-05-24,North,Electronics,91,18.95,1724.83,1
2024-05-24,North,Home & Garden,40,23.19,927.44,0
2024-05-24,South,Apparel,50,18.48,923.82,0
2024-05-24,South,Electronics,53,21.19,1123.05,0
2024-05-24,South,Home & Garden,38,19.04,723.63,0
2024-05-24,West,Apparel,43,24.24,1042.43,0
2024-05-24,West,Electronics,57,22.05,1256.74,0
2024-05-24,West,Home & Garden,40,18.69,747.69,0
2024-05-25,North,Apparel,63,21.77,1371.22,0
2024-05-25,North,Electronics,81,18.98,1537.45,0
2024-05-25,North,Home & Garden,41,23.32,956.11,0
2024-05-25,South,Apparel,57,18.46,1052.27,0
2024-05-25,South,Electronics,54,21.41,1156.2,0
2024-05-25,South,Home & Garden,41,19.05,780.98,0
2024-05-25,West,Apparel,50,24.0,1200.18,0
2024-05-25,West,Electronics,62,21.98,1362.59,0
2024-05-25,West,Home & Garden,47,18.76,881.58,0
2024-05-26,North,Apparel,73,21.91,1599.5,1
2024-05-26,North,Electronics,80,18.99,1519.42,0
2024-05-26,North,Home & Garden,51,23.17,1181.62,1
2024-05-26,South,Apparel,56,18.49,1035.67,0
2024-05-26,South,Electronics,54,21.4,1155.51,0
2024-05-26,South,Home & Garden,41,19.39,794.87,0
2024-05-26,West,Apparel,50,23.99,1199.5,0
2024-05-26,West,Electronics,61,21.83,1331.43,0
2024-05-26,West,Home & Garden,44,18.88,830.62,0
2024-05-27,North,Apparel,57,21.83,1244.49,0
2024-05-27,North,Electronics,80,18.98,1518.69,0
2024-05-27,North,Home & Garden,36,23.7,853.08,0
2024-05-27,South,Apparel,49,18.58,910.59,0
2024-05-27,South,Electronics,54,21.53,1162.42,0
2024-05-27,South,Home & Garden,34,19.21,652.98,0
2024-05-27,West,Apparel,44,23.98,1055.18,0
2024-05-27,West,Electronics,54,22.03,1189.55,0
2024-05-27,West,Home & Garden,41,18.77,769.54,0
2024-05-28,North,Apparel,58,21.83,1265.95,0
2024-05-28,North,Electronics,96,18.98,1822.47,1
2024-05-28,North,Home & Garden,38,23.26,883.75,0
2024-05-28,South,Apparel,52,18.67,971.1,0
2024-05-28,South,Electronics,53,21.34,1130.85,0
2024-05-28,South,Home & Garden,30,19.4,582.02,0
2024-05-28,West,Apparel,44,24.15,1062.78,0
2024-05-28,West,Electronics,54,21.89,1182.25,0
2024-05-28,West,Home & Garden,40,18.93,757.02,0
2024-05-29,North,Apparel,56,21.87,1224.91,0
2024-05-29,North,Electronics,76,18.93,1438.95,0
2024-05-29,North,Home & Garden,35,23.61,826.41,0
2024-05-29,South,Apparel,54,18.45,996.09,0
2024-05-29,South,Electronics,51,21.37,1089.68,0
2024-05-29,South,Home & Garden,35,19.09,668.02,0
2024-05-29,West,Apparel,42,24.22,1017.05,0
2024-05-29,West,Electronics,57,21.92,1249.69,0
2024-05-29,West,Home & Garden,46,19.02,875.15,0
2024-05-30,North,Apparel,70,21.98,1538.51,1
2024-05-30,North,Electronics,74,19.05,1409.38,0
2024-05-30,North,Home & Garden,37,23.26,860.47,0
2024-05-30,South,Apparel,51,18.4,938.23,0
2024-05-30,South,Electronics,58,21.51,1247.42,0
2024-05-30,South,Home & Garden,34,19.32,656.89,0
2024-05-30,West,Apparel,47,24.1,1132.88,0
2024-05-30,West,Electronics,61,21.72,1324.7,0
2024-05-30,West,Home & Garden,41,19.04,780.67,0
2024-05-31,North,Apparel,72,21.94,1579.84,1
2024-05-31,North,Electronics,77,18.98,1461.21,0
2024-05-31,North,Home & Garden,36,23.39,842.18,0
2024-05-31,South,Apparel,48,18.53,889.34,0
2024-05-31,South,Electronics,51,21.57,1100.09,0
2024-05-31,South,Home & Garden,37,18.93,700.3,0
2024-05-31,West,Apparel,46,24.04,1105.78,0
2024-05-31,West,Electronics,60,21.9,1314.03,0
2024-05-31,West,Home & Garden,38,19.07,724.58,0
2024-06-01,North,Apparel,60,21.78,1306.59,0
2024-06-01,North,Electronics,101,19.05,1924.15,1
2024-06-01,North,Home & Garden,43,23.56,1012.99,0
2024-06-01,South,Apparel,59,18.58,1096.2,0
2024-06-01,South,Electronics,59,21.37,1261.05,0
2024-06-01,South,Home & Garden,57,19.22,1095.42,1
2024-06-01,West,Apparel,51,24.04,1225.79,0
2024-06-01,West,Electronics,63,21.92,1381.02,0
2024-06-01,West,Home & Garden,49,18.71,916.78,0
2024-06-02,North,Apparel,59,22.06,1301.27,0
2024-06-02,North,Electronics,81,18.89,1530.49,0
2024-06-02,North,Home & Garden,44,23.46,1032.13,0
2024-06-02,South,Apparel,60,18.53,1111.79,0
2024-06-02,South,Electronics,54,21.23,1146.61,0
2024-06-02,South,Home & Garden,42,19.14,804.02,0
2024-06-02,West,Apparel,47,24.2,1137.32,0
2024-06-02,West,Electronics,73,21.96,1602.93,1
2024-06-02,West,Home & Garden,47,19.0,892.83,0
2024-06-03,North,Apparel,54,21.91,1183.33,0
2024-06-03,North,Electronics,81,18.89,1530.45,0
2024-06-03,North,Home & Garden,37,23.51,869.82,0
2024-06-03,South,Apparel,54,18.54,1001.15,0
2024-06-03,South,Electronics,55,21.36,1174.71,0
2024-06-03,South,Home & Garden,41,19.18,786.2,0
2024-06-03,West,Apparel,44,24.06,1058.63,0
2024-06-03,West,Electronics,62,21.86,1355.12,0
2024-06-03,West,Home & Garden,41,18.75,768.73,0
2024-06-04,North,Apparel,58,21.95,1273.03,0
2024-06-04,North,Electronics,77,18.9,1455.54,0
2024-06-04,North,Home & Garden,37,23.14,856.09,0
2024-06-04,South,Apparel,50,18.69,934.49,0
2024-06-04,South,Electronics,54,21.18,1143.95,0
2024-06-04,South,Home & Garden,37,19.22,711.07,0
2024-06-04,West,Apparel,44,24.33,1070.33,0
2024-06-04,West,Electronics,57,21.76,1240.16,0
2024-06-04,West,Home & Garden,40,18.82,752.65,0
2024-06-05,North,Apparel,52,22.08,1148.04,0
2024-06-05,North,Electronics,78,18.92,1475.49,0
2024-06-05,North,Home & Garden,36,23.28,838.03,0
2024-06-05,South,Apparel,51,18.67,952.19,0
2024-06-05,South,Electronics,53,21.28,1127.93,0
2024-06-05,South,Home & Garden,35,19.14,669.79,0
2024-06-05,West,Apparel,42,23.99,1007.67,0
2024-06-05,West,Electronics,59,21.94,1294.29,0
2024-06-05,West,Home & Garden,38,19.01,722.29,0
2024-06-06,North,Apparel,56,21.83,1222.3,0
2024-06-06,North,Electronics,78,18.99,1481.27,0
2024-06-06,North,Home & Garden,38,23.53,894.1,0
2024-06-06,South,Apparel,50,18.66,933.05,0
2024-06-06,South,Electronics,55,21.2,1166.06,0
2024-06-06,South,Home & Garden,37,19.04,704.66,0
2024-06-06,West,Apparel,46,24.38,1121.65,0
2024-06-06,West,Electronics,59,21.79,1285.32,0
2024-06-06,West,Home & Garden,42,18.68,784.49,0
2024-06-07,North,Apparel,68,21.89,1488.33,1
2024-06-07,North,Electronics,80,18.98,1518.01,0
2024-06-07,North,Home & Garden,37,23.37,864.53,0
2024-06-07,South,Apparel,51,18.6,948.84,0
2024-06-07,South,Electronics,54,21.5,1160.93,0
2024-06-07,South,Home & Garden,39,19.37,755.41,0
2024-06-07,West,Apparel,47,24.37,1145.28,0
2024-06-07,West,Electronics,58,22.05,1278.99,0
2024-06-07,West,Home & Garden,40,18.66,746.47,0
2024-06-08,North,Apparel,62,21.94,1360.07,0
2024-06-08,North,Electronics,76,18.95,1439.84,0
2024-06-08,North,Home & Garden,41,23.34,957.14,0
2024-06-08,South,Apparel,58,18.41,1067.73,0
2024-06-08,South,Electronics,55,21.5,1182.45,0
2024-06-08,South,Home & Garden,44,19.27,847.69,0
2024-06-08,West,Apparel,53,24.35,1290.61,0
2024-06-08,West,Electronics,64,22.0,1408.02,0
2024-06-08,West,Home & Garden,44,18.86,829.93,0
2024-06-09,North,Apparel,69,21.86,1508.56,1
2024-06-09,North,Electronics,80,18.93,1514.71,0
2024-06-09,North,Home & Garden,44,23.5,1034.06,0
2024-06-09,South,Apparel,58,18.62,1079.78,0
2024-06-09,South,Electronics,55,21.48,1181.24,0
2024-06-09,South,Home & Garden,40,19.1,764.06,0
2024-06-09,West,Apparel,48,24.32,1167.25,0
2024-06-09,West,Electronics,60,21.95,1316.98,0
2024-06-09,West,Home & Garden,47,18.9,888.47,0
2024-06-10,North,Apparel,58,21.89,1269.62,0
2024-06-10,North,Electronics,79,18.89,1492.52,0
2024-06-10,North,Home & Garden,38,23.09,877.29,0
2024-06-10,South,Apparel,52,18.67,970.91,0
2024-06-10,South,Electronics,51,21.37,1089.79,0
2024-06-10,South,Home & Garden,37,19.01,703.55,0
2024-06-10,West,Apparel,45,24.33,1094.66,0
2024-06-10,West,Electronics,56,21.94,1228.84,0
2024-06-10,West,Home & Garden,44,18.77,825.95,0
2024-06-11,North,Apparel,55,21.88,1203.48,0
2024-06-11,North,Electronics,81,18.99,1537.95,0
2024-06-11,North,Home & Garden,39,23.3,908.78,0
2024-06-11,South,Apparel,53,18.61,986.29,0
2024-06-11,South,Electronics,55,21.37,1175.1,0
2024-06-11,South,Home & Garden,34,18.97,645.13,0
2024-06-11,West,Apparel,47,24.33,1143.7,0
2024-06-11,West,Electronics,59,21.89,1291.29,0
2024-06-11,West,Home & Garden,40,18.89,755.72,0
2024-06-12,North,Apparel,59,22.04,1300.57,0
2024-06-12,North,Electronics,77,19.0,1462.69,0
2024-06-12,North,Home & Garden,38,23.44,890.64,0
2024-06-12,South,Apparel,51,18.6,948.56,0
2024-06-12,South,Electronics,52,21.26,1105.61,0
2024-06-12,South,Home & Garden,38,19.06,724.44,0
2024-06-12,West,Apparel,45,24.03,1081.39,0
2024-06-12,West,Electronics,58,21.95,1273.16,0
2024-06-12,West,Home & Garden,43,18.63,801.07,0
2024-06-13,North,Apparel,56,21.99,1231.19,0
2024-06-13,North,Electronics,74,18.94,1401.19,0
2024-06-13,North,Home & Garden,36,23.38,841.85,0
2024-06-13,South,Apparel,53,18.44,977.42,0
2024-06-13,South,Electronics,54,21.53,1162.85,0
2024-06-13,South,Home & Garden,39,19.24,750.33,0
2024-06-13,West,Apparel,44,24.31,1069.55,0
2024-06-13,West,Electronics,66,21.88,1443.84,0
2024-06-13,West,Home & Garden,41,19.04,780.72,0
2024-06-14,North,Apparel,57,21.98,1252.96,0
2024-06-14,North,Electronics,80,18.93,1514.28,0
2024-06-14,North,Home & Garden,35,23.58,825.16,0
2024-06-14,South,Apparel,51,18.57,947.29,0
2024-06-14,South,Electronics,56,21.25,1189.93,0
2024-06-14,South,Home & Garden,36,19.38,697.7,0
2024-06-14,West,Apparel,42,24.24,1018.21,0
2024-06-14,West,Electronics,60,22.05,1322.96,0
2024-06-14,West,Home & Garden,42,18.72,786.24,0
2024-06-15,North,Apparel,63,21.87,1377.57,0
2024-06-15,North,Electronics,80,18.98,1518.49,0
2024-06-15,North,Home & Garden,43,23.19,997.19,0
2024-06-15,South,Apparel,56,18.46,1033.86,0
2024-06-15,South,Electronics,58,21.26,1233.17,0
2024-06-15,South,Home & Garden,40,19.08,763.26,0
2024-06-15,West,Apparel,52,24.21,1258.72,0
2024-06-15,West,Electronics,61,21.88,1334.7,0
2024-06-15,West,Home & Garden,44,18.99,835.37,0
2024-06-16,North,Apparel,63,22.03,1387.76,0
2024-06-16,North,Electronics,79,18.91,1494.18,0
2024-06-16,North,Home & Garden,52,23.32,1212.72,1
2024-06-16,South,Apparel,61,18.46,1126.14,0
2024-06-16,South,Electronics,56,21.28,1191.76,0
2024-06-16,South,Home & Garden,42,19.04,799.5,0
2024-06-16,West,Apparel,50,24.26,1213.14,0
2024-06-16,West,Electronics,60,21.77,1306.14,0
2024-06-16,West,Home & Garden,45,19.04,856.9,0
2024-06-17,North,Apparel,57,22.1,1259.97,0
2024-06-17,North,Electronics,98,19.01,1862.98,1
2024-06-17,North,Home & Garden,39,23.12,901.81,0
2024-06-17,South,Apparel,52,18.43,958.39,0
2024-06-17,South,Electronics,56,21.53,1205.65,0
2024-06-17,South,Home & Garden,37,19.24,711.75,0
2024-06-17,West,Apparel,44,24.21,1065.16,0
2024-06-17,West,Electronics,55,21.99,1209.55,0
2024-06-17,West,Home & Garden,39,18.88,736.21,0
2024-06-18,North,Apparel,57,21.79,1241.82,0
2024-06-18,North,Electronics,78,18.98,1480.5,0
2024-06-18,North,Home & Garden,39,23.41,912.88,0
2024-06-18,South,Apparel,49,18.69,915.91,0
2024-06-18,South,Electronics,54,21.24,1146.79,0
2024-06-18,South,Home & Garden,37,18.92,700.18,0
2024-06-18,West,Apparel,46,24.04,1106.05,0
2024-06-18,West,Electronics,57,21.9,1248.47,0
2024-06-18,West,Home & Garden,39,18.77,732.03,0
2024-06-19,North,Apparel,58,21.95,1272.97,0
2024-06-19,North,Electronics,77,18.99,1462.03,0
2024-06-19,North,Home & Garden,37,23.23,859.58,0
2024-06-19,South,Apparel,54,18.67,1007.92,0
2024-06-19,South,Electronics,52,21.26,1105.46,0
2024-06-19,South,Home & Garden,37,19.02,703.75,0
2024-06-19,West,Apparel,45,24.47,1101.12,0
2024-06-19,West,Electronics,59,22.04,1300.17,0
2024-06-19,West,Home & Garden,42,18.88,793.14,0
2024-06-20,North,Apparel,58,22.04,1278.16,0
2024-06-20,North,Electronics,87,18.96,1649.87,1
2024-06-20,North,Home & Garden,40,23.17,926.93,0
2024-06-20,South,Apparel,53,18.41,975.68,0
2024-06-20,South,Electronics,54,21.35,1153.03,0
2024-06-20,South,Home & Garden,36,19.21,691.54,0
2024-06-20,West,Apparel,45,24.49,1101.96,0
2024-06-20,West,Electronics,62,21.93,1359.56,0
2024-06-20,West,Home & Garden,40,18.92,756.79,0
2024-06-21,North,Apparel,56,21.95,1229.1,0
2024-06-21,North,Electronics,81,18.89,1530.33,0
2024-06-21,North,Home & Garden,40,23.17,926.61,0
2024-06-21,South,Apparel,54,18.59,1003.97,0
2024-06-21,South,Electronics,56,21.29,1192.46,0
2024-06-21,South,Home & Garden,51,19.08,972.97,1
2024-06-21,West,Apparel,45,24.15,1086.72,0
2024-06-21,West,Electronics,62,21.71,1346.09,0
2024-06-21,West,Home & Garden,39,19.06,743.21,0
2024-06-22,North,Apparel,64,21.83,1396.88,0
2024-06-22,North,Electronics,85,18.91,1607.59,0
2024-06-22,North,Home & Garden,48,23.59,1132.11,1
2024-06-22,South,Apparel,60,18.71,1122.69,0
2024-06-22,South,Electronics,56,21.36,1195.91,0
2024-06-22,South,Home & Garden,42,19.37,813.53,0
2024-06-22,West,Apparel,53,24.16,1280.4,0
2024-06-22,West,Electronics,62,22.03,1366.16,0
2024-06-22,West,Home & Garden,44,18.7,822.96,0
2024-06-23,North,Apparel,65,21.96,1427.54,0
2024-06-23,North,Electronics,83,19.03,1579.75,0
2024-06-23,North,Home & Garden,43,23.27,1000.69,0
2024-06-23,South,Apparel,57,18.64,1062.21,0
2024-06-23,South,Electronics,59,21.46,1265.94,0
2024-06-23,South,Home & Garden,39,19.32,753.37,0
2024-06-23,West,Apparel,50,24.2,1210.2,0
2024-06-23,West,Electronics,61,21.99,1341.48,0
2024-06-23,West,Home & Garden,43,18.89,812.33,0
2024-06-24,North,Apparel,59,21.83,1288.08,0
2024-06-24,North,Electronics,76,18.94,1439.38,0
2024-06-24,North,Home & Garden,35,23.71,829.75,0
2024-06-24,South,Apparel,55,18.6,1023.18,0
2024-06-24,South,Electronics,53,21.36,1131.87,0
2024-06-24,South,Home & Garden,35,18.93,662.38,0
2024-06-24,West,Apparel,48,24.17,1160.29,0
2024-06-24,West,Electronics,60,21.8,1308.25,0
2024-06-24,West,Home & Garden,38,18.6,706.81,0
2024-06-25,North,Apparel,59,21.98,1297.03,0
2024-06-25,North,Electronics,78,18.99,1481.58,0
2024-06-25,North,Home & Garden,49,23.34,1143.49,1
2024-06-25,South,Apparel,49,18.62,912.57,0
2024-06-25,South,Electronics,53,21.47,1138.06,0
2024-06-25,South,Home & Garden,36,19.13,688.79,0
2024-06-25,West,Apparel,46,24.3,1117.99,0
2024-06-25,West,Electronics,58,21.95,1272.88,0
2024-06-25,West,Home & Garden,41,19.0,779.1,0
2024-06-26,North,Apparel,58,21.84,1266.43,0
2024-06-26,North,Electronics,78,19.11,1490.38,0
2024-06-26,North,Home & Garden,37,23.55,871.34,0
2024-06-26,South,Apparel,52,18.65,969.85,0
2024-06-26,South,Electronics,52,21.53,1119.54,0
2024-06-26,South,Home & Garden,38,19.04,723.38,0
2024-06-26,West,Apparel,46,24.12,1109.31,0
2024-06-26,West,Electronics,63,21.8,1373.56,0
2024-06-26,West,Home & Garden,36,18.98,683.15,0
2024-06-27,North,Apparel,56,21.82,1221.86,0
2024-06-27,North,Electronics,80,18.97,1517.58,0
2024-06-27,North,Home & Garden,36,23.56,848.25,0
2024-06-27,South,Apparel,52,18.6,967.01,0
2024-06-27,South,Electronics,56,21.38,1197.35,0
2024-06-27,South,Home & Garden,37,18.99,702.64,0
2024-06-27,West,Apparel,45,24.23,1090.51,0
2024-06-27,West,Electronics,59,21.83,1287.69,0
2024-06-27,West,Home & Garden,42,18.84,791.45,0
2024-06-28,North,Apparel,56,21.9,1226.59,0
2024-06-28,North,Electronics,80,19.01,1520.6,0
2024-06-28,North,Home & Garden,39,23.21,905.07,0
2024-06-28,South,Apparel,51,18.71,954.22,0
2024-06-28,South,Electronics,54,21.56,1164.1,0
2024-06-28,South,Home & Garden,35,19.28,674.78,0
2024-06-28,West,Apparel,47,24.12,1133.72,0
2024-06-28,West,Electronics,59,21.9,1292.23,0
2024-06-28,West,Home & Garden,52,18.78,976.53,1
2024-06-29,North,Apparel,63,22.09,1391.37,0
2024-06-29,North,Electronics,80,18.97,1517.33,0
2024-06-29,North,Home & Garden,39,23.56,918.7,0
2024-06-29,South,Apparel,62,18.61,1154.01,0
2024-06-29,South,Electronics,55,21.5,1182.28,0
2024-06-29,South,Home & Garden,42,18.96,796.23,0
2024-06-29,West,Apparel,50,24.38,1218.93,0
2024-06-29,West,Electronics,57,22.04,1256.26,0
2024-06-29,West,Home & Garden,46,18.72,861.06,0
2024-06-30,North,Apparel,65,21.78,1415.8,0
2024-06-30,North,Electronics,82,18.95,1553.83,0
2024-06-30,North,Home & Garden,42,23.63,992.38,0
2024-06-30,South,Apparel,60,18.61,1116.64,0
2024-06-30,South,Electronics,57,21.2,1208.37,0
2024-06-30,South,Home & Garden,40,19.38,775.26,0
2024-06-30,West,Apparel,49,24.01,1176.71,0
2024-06-30,West,Electronics,62,21.73,1346.98,0
2024-06-30,West,Home & Garden,46,18.84,866.85,0
2024-07-01,North,Apparel,62,22.08,1368.98,0
2024-07-01,North,Electronics,79,19.12,1510.44,0
2024-07-01,North,Home & Garden,43,23.54,1012.12,1
2024-07-01,South,Apparel,50,18.56,927.84,0
2024-07-01,South,Electronics,48,21.41,1027.78,0
2024-07-01,South,Home & Garden,38,19.14,727.37,0
2024-07-01,West,Apparel,44,23.97,1054.9,0
2024-07-01,West,Electronics,61,21.86,1333.17,0
2024-07-01,West,Home & Garden,41,18.63,763.96,0
2024-07-02,North,Apparel,59,21.97,1296.19,0
2024-07-02,North,Electronics,82,18.96,1555.03,0
2024-07-02,North,Home & Garden,36,23.4,842.51,0
2024-07-02,South,Apparel,50,18.66,933.14,0
2024-07-02,South,Electronics,56,21.44,1200.72,0
2024-07-02,South,Home & Garden,37,19.13,707.89,0
2024-07-02,West,Apparel,46,24.13,1109.87,0
2024-07-02,West,Electronics,57,21.88,1247.18,0
2024-07-02,West,Home & Garden,41,19.06,781.47,0
2024-07-03,North,Apparel,55,21.99,1209.4,0
2024-07-03,North,Electronics,80,19.01,1520.82,0
2024-07-03,North,Home & Garden,38,23.45,891.27,0
2024-07-03,South,Apparel,58,18.44,1069.3,0
2024-07-03,South,Electronics,54,21.44,1157.71,0
2024-07-03,South,Home & Garden,36,19.02,684.84,0
2024-07-03,West,Apparel,44,24.0,1056.07,0
2024-07-03,West,Electronics,58,21.74,1261.1,0
2024-07-03,West,Home & Garden,41,19.04,780.67,0
2024-07-04,North,Apparel,56,21.87,1224.76,0
2024-07-04,North,Electronics,80,19.05,1524.16,0
2024-07-04,North,Home & Garden,38,23.23,882.64,0
2024-07-04,South,Apparel,65,18.69,1214.6,1
2024-07-04,South,Electronics,49,21.57,1056.75,0
2024-07-04,South,Home & Garden,37,19.02,703.59,0
2024-07-04,West,Apparel,45,24.2,1089.21,0
2024-07-04,West,Electronics,61,21.81,1330.15,0
2024-07-04,West,Home & Garden,43,19.03,818.31,0
2024-07-05,North,Apparel,61,22.06,1345.75,0
2024-07-05,North,Electronics,78,19.13,1491.9,0
2024-07-05,North,Home & Garden,40,23.48,939.12,0
2024-07-05,South,Apparel,51,18.63,950.03,0
2024-07-05,South,Electronics,51,21.55,1099.07,0
2024-07-05,South,Home & Garden,39,19.0,741.08,0
2024-07-05,West,Apparel,47,24.11,1133.25,0
2024-07-05,West,Electronics,56,21.92,1227.58,0
2024-07-05,West,Home & Garden,44,18.77,825.93,0
2024-07-06,North,Apparel,62,22.02,1365.12,0
2024-07-06,North,Electronics,85,18.95,1611.02,0
2024-07-06,North,Home & Garden,40,23.31,932.57,0
2024-07-06,South,Apparel,79,18.66,1473.95,1
2024-07-06,South,Electronics,56,21.52,1205.2,0
2024-07-06,South,Home & Garden,40,19.12,764.66,0
2024-07-06,West,Apparel,50,24.45,1222.33,0
2024-07-06,West,Electronics,64,21.89,1401.12,0
2024-07-06,West,Home & Garden,49,18.66,914.35,0
2024-07-07,North,Apparel,63,21.82,1374.61,0
2024-07-07,North,Electronics,82,19.09,1565.35,0
2024-07-07,North,Home & Garden,44,23.3,1025.02,0
2024-07-07,South,Apparel,55,18.71,1029.29,0
2024-07-07,South,Electronics,54,21.57,1164.53,0
2024-07-07,South,Home & Garden,42,19.0,798.19,0
2024-07-07,West,Apparel,49,24.09,1180.42,0
2024-07-07,West,Electronics,61,21.79,1329.02,0
2024-07-07,West,Home & Garden,44,18.94,833.29,0
2024-07-08,North,Apparel,55,22.06,1213.23,0
2024-07-08,North,Electronics,76,19.05,1447.46,0
2024-07-08,North,Home & Garden,36,23.51,846.4,0
2024-07-08,South,Apparel,56,18.48,1035.03,0
2024-07-08,South,Electronics,56,21.41,1198.82,0
2024-07-08,South,Home & Garden,36,19.2,691.09,0
2024-07-08,West,Apparel,47,24.36,1144.79,0
2024-07-08,West,Electronics,58,21.98,1274.87,0
2024-07-08,West,Home & Garden,42,18.98,797.14,0
2024-07-09,North,Apparel,60,21.89,1313.12,0
2024-07-09,North,Electronics,81,19.12,1548.6,0
2024-07-09,North,Home & Garden,39,23.53,917.67,0
2024-07-09,South,Apparel,51,18.56,946.75,0
2024-07-09,South,Electronics,55,21.48,1181.36,0
2024-07-09,South,Home & Garden,37,19.13,707.93,0
2024-07-09,West,Apparel,46,24.12,1109.32,0
2024-07-09,West,Electronics,57,21.77,1241.12,0
2024-07-09,West,Home & Garden,42,18.75,787.7,0
2024-07-10,North,Apparel,74,22.07,1632.97,1
2024-07-10,North,Electronics,80,18.95,1516.04,0
2024-07-10,North,Home & Garden,39,23.68,923.42,0
2024-07-10,South,Apparel,54,18.49,998.32,0
2024-07-10,South,Electronics,55,21.42,1178.07,0
2024-07-10,South,Home & Garden,35,19.13,669.47,0
2024-07-10,West,Apparel,47,23.98,1127.08,0
2024-07-10,West,Electronics,76,21.85,1660.41,1
2024-07-10,West,Home & Garden,40,18.66,746.6,0
2024-07-11,North,Apparel,55,22.13,1217.06,0
2024-07-11,North,Electronics,77,19.01,1463.83,0
2024-07-11,North,Home & Garden,38,23.56,895.14,0
2024-07-11,South,Apparel,52,18.41,957.58,0
2024-07-11,South,Electronics,49,21.31,1044.01,0
2024-07-11,South,Home & Garden,36,19.32,695.6,0
2024-07-11,West,Apparel,41,24.26,994.56,0
2024-07-11,West,Electronics,64,21.89,1400.92,0
2024-07-11,West,Home & Garden,39,18.91,737.58,0
2024-07-12,North,Apparel,55,21.94,1206.96,0
2024-07-12,North,Electronics,77,18.98,1461.26,0
2024-07-12,North,Home & Garden,37,23.12,855.34,0
2024-07-12,South,Apparel,49,18.63,912.71,0
2024-07-12,South,Electronics,53,21.45,1136.83,0
2024-07-12,South,Home & Garden,38,19.21,729.84,0
2024-07-12,West,Apparel,45,24.39,1097.33,0
2024-07-12,West,Electronics,61,21.71,1324.59,0
2024-07-12,West,Home & Garden,40,18.87,754.67,0
2024-07-13,North,Apparel,63,21.87,1377.59,0
2024-07-13,North,Electronics,82,18.97,1555.2,0
2024-07-13,North,Home & Garden,39,23.56,918.82,0
2024-07-13,South,Apparel,59,18.67,1101.72,0
2024-07-13,South,Electronics,56,21.22,1188.32,0
2024-07-13,South,Home & Garden,39,19.17,747.56,0
2024-07-13,West,Apparel,51,24.25,1236.55,0
2024-07-13,West,Electronics,60,21.83,1309.67,0
2024-07-13,West,Home & Garden,44,18.63,819.93,0
2024-07-14,North,Apparel,62,22.03,1365.59,0
2024-07-14,North,Electronics,101,19.05,1924.29,1
2024-07-14,North,Home & Garden,39,23.15,902.86,0
2024-07-14,South,Apparel,61,18.55,1131.34,0
2024-07-14,South,Electronics,55,21.38,1175.96,0
2024-07-14,South,Home & Garden,38,19.29,733.08,0
2024-07-14,West,Apparel,52,24.42,1269.59,0
2024-07-14,West,Electronics,64,21.86,1398.76,0
2024-07-14,West,Home & Garden,43,18.78,807.61,0
2024-07-15,North,Apparel,58,21.99,1275.56,0
2024-07-15,North,Electronics,78,19.08,1488.59,0
2024-07-15,North,Home & Garden,40,23.63,945.01,0
2024-07-15,South,Apparel,47,18.69,878.28,0
2024-07-15,South,Electronics,53,21.5,1139.35,0
2024-07-15,South,Home & Garden,34,18.93,643.63,0
2024-07-15,West,Apparel,42,24.33,1021.69,0
2024-07-15,West,Electronics,58,21.94,1272.45,0
2024-07-15,West,Home & Garden,42,18.64,782.78,0
2024-07-16,North,Apparel,58,21.77,1262.54,0
2024-07-16,North,Electronics,79,18.89,1492.57,0
2024-07-16,North,Home & Garden,37,23.48,868.75,0
2024-07-16,South,Apparel,50,18.49,924.72,0
2024-07-16,South,Electronics,52,21.28,1106.45,0
2024-07-16,South,Home & Garden,34,19.03,647.05,0
2024-07-16,West,Apparel,47,23.98,1127.08,0
2024-07-16,West,Electronics,62,21.73,1347.55,0
2024-07-16,West,Home & Garden,41,18.67,765.61,0
2024-07-17,North,Apparel,56,21.94,1228.4,0
2024-07-17,North,Electronics,82,18.95,1553.85,0
2024-07-17,North,Home & Garden,36,23.32,839.39,0
2024-07-17,South,Apparel,55,18.53,1019.15,0
2024-07-17,South,Electronics,55,21.2,1165.87,0
2024-07-17,South,Home & Garden,37,19.14,708.01,0
2024-07-17,West,Apparel,47,24.32,1143.15,0
2024-07-17,West,Electronics,60,22.02,1320.95,0
2024-07-17,West,Home & Garden,41,18.65,764.49,0
2024-07-18,North,Apparel,55,22.1,1215.48,0
2024-07-18,North,Electronics,80,19.05,1524.3,0
2024-07-18,North,Home & Garden,36,23.25,836.92,0
2024-07-18,South,Apparel,53,18.57,984.17,0
2024-07-18,South,Electronics,56,21.24,1189.69,0
2024-07-18,South,Home & Garden,33,19.31,637.09,0
2024-07-18,West,Apparel,41,24.27,995.16,0
2024-07-18,West,Electronics,53,21.72,1151.11,0
2024-07-18,West,Home & Garden,42,18.93,794.99,0
2024-07-19,North,Apparel,56,21.95,1229.02,0
2024-07-19,North,Electronics,78,19.02,1483.35,0
2024-07-19,North,Home & Garden,38,23.2,881.64,0
2024-07-19,South,Apparel,53,18.59,985.41,0
2024-07-19,South,Electronics,55,21.54,1184.78,0
2024-07-19,South,Home & Garden,35,19.28,674.96,0
2024-07-19,West,Apparel,45,24.3,1093.42,0
2024-07-19,West,Electronics,57,21.71,1237.22,0
2024-07-19,West,Home & Garden,40,18.87,754.68,0
2024-07-20,North,Apparel,61,21.83,1331.51,0
2024-07-20,North,Electronics,83,18.99,1575.76,0
2024-07-20,North,Home & Garden,41,23.19,950.74,0
2024-07-20,South,Apparel,81,18.46,1495.36,1
2024-07-20,South,Electronics,76,21.39,1625.43,1
2024-07-20,South,Home & Garden,42,18.95,796.08,0
2024-07-20,West,Apparel,50,24.35,1217.35,0
2024-07-20,West,Electronics,63,21.96,1383.71,0
2024-07-20,West,Home & Garden,47,18.71,879.55,0
2024-07-21,North,Apparel,61,22.07,1346.39,0
2024-07-21,North,Electronics,78,19.05,1485.51,0
2024-07-21,North,Home & Garden,38,23.58,896.14,0
2024-07-21,South,Apparel,59,18.69,1102.57,0
2024-07-21,South,Electronics,61,21.34,1301.95,0
2024-07-21,South,Home & Garden,41,19.22,788.05,0
2024-07-21,West,Apparel,49,24.04,1177.87,0
2024-07-21,West,Electronics,62,21.72,1346.8,0
2024-07-21,West,Home & Garden,44,18.72,823.54,0
2024-07-22,North,Apparel,56,21.97,1230.24,0
2024-07-22,North,Electronics,78,19.08,1488.41,0
2024-07-22,North,Home & Garden,39,23.14,902.29,0
2024-07-22,South,Apparel,52,18.62,968.18,0
2024-07-22,South,Electronics,56,21.47,1202.12,0
2024-07-22,South,Home & Garden,35,19.11,668.96,0
2024-07-22,West,Apparel,43,24.41,1049.6,0
2024-07-22,West,Electronics,56,22.01,1232.63,0
2024-07-22,West,Home & Garden,39,18.77,732.2,0
2024-07-23,North,Apparel,54,22.07,1191.6,0
2024-07-23,North,Electronics,82,18.91,1550.39,0
2024-07-23,North,Home & Garden,38,23.22,882.42,0
2024-07-23,South,Apparel,54,18.62,1005.31,0
2024-07-23,South,Electronics,54,21.2,1145.06,0
2024-07-23,South,Home & Garden,36,19.11,688.1,0
2024-07-23,West,Apparel,45,24.31,1094.12,0
2024-07-23,West,Electronics,57,21.91,1248.86,0
2024-07-23,West,Home & Garden,40,18.94,757.62,0
2024-07-24,North,Apparel,57,21.94,1250.61,0
2024-07-24,North,Electronics,77,18.93,1457.58,0
2024-07-24,North,Home & Garden,40,23.34,933.73,0
2024-07-24,South,Apparel,51,18.5,943.39,0
2024-07-24,South,Electronics,53,21.26,1126.69,0
2024-07-24,South,Home & Garden,36,19.0,684.1,0
2024-07-24,West,Apparel,43,24.21,1040.95,0
2024-07-24,West,Electronics,54,22.04,1190.21,0
2024-07-24,West,Home & Garden,44,18.87,830.19,0
2024-07-25,North,Apparel,55,21.97,1208.37,0
2024-07-25,North,Electronics,93,19.03,1770.05,1
2024-07-25,North,Home & Garden,39,23.28,907.85,0
2024-07-25,South,Apparel,52,18.4,956.61,0
2024-07-25,South,Electronics,56,21.56,1207.33,0
2024-07-25,South,Home & Garden,35,19.18,671.4,0
2024-07-25,West,Apparel,44,23.98,1054.95,0
2024-07-25,West,Electronics,58,21.91,1270.6,0
2024-07-25,West,Home & Garden,42,19.04,799.7,0
2024-07-26,North,Apparel,54,21.99,1187.25,0
2024-07-26,North,Electronics,75,19.13,1434.74,0
2024-07-26,North,Home & Garden,44,23.41,1030.14,1
2024-07-26,South,Apparel,53,18.65,988.54,0
2024-07-26,South,Electronics,56,21.27,1191.15,0
2024-07-26,South,Home & Garden,35,19.16,670.73,0
2024-07-26,West,Apparel,45,24.31,1094.17,0
2024-07-26,West,Electronics,63,21.79,1372.6,0
2024-07-26,West,Home & Garden,42,18.85,791.89,0
2024-07-27,North,Apparel,60,22.08,1324.54,0
2024-07-27,North,Electronics,78,18.89,1473.32,0
2024-07-27,North,Home & Garden,43,23.36,1004.58,0
2024-07-27,South,Apparel,56,18.63,1043.1,0
2024-07-27,South,Electronics,53,21.53,1140.98,0
2024-07-27,South,Home & Garden,44,19.21,845.19,0
2024-07-27,West,Apparel,52,24.04,1249.82,0
2024-07-27,West,Electronics,63,21.71,1367.83,0
2024-07-27,West,Home & Garden,42,18.91,794.15,0
2024-07-28,North,Apparel,75,21.99,1649.17,1
2024-07-28,North,Electronics,78,19.04,1485.26,0
2024-07-28,North,Home & Garden,43,23.16,995.73,0
2024-07-28,South,Apparel,61,18.51,1128.83,0
2024-07-28,South,Electronics,59,21.22,1251.92,0
2024-07-28,South,Home & Garden,41,19.37,794.08,0
2024-07-28,West,Apparel,50,23.98,1199.11,0
2024-07-28,West,Electronics,83,21.78,1807.6,1
2024-07-28,West,Home & Garden,45,18.8,845.92,0
2024-07-29,North,Apparel,55,22.13,1217.12,0
2024-07-29,North,Electronics,76,18.97,1442.08,0
2024-07-29,North,Home & Garden,36,23.23,836.13,0
2024-07-29,South,Apparel,52,18.49,961.58,0
2024-07-29,South,Electronics,53,21.41,1134.68,0
2024-07-29,South,Home & Garden,40,19.03,761.36,0
2024-07-29,West,Apparel,44,24.11,1060.81,0
2024-07-29,West,Electronics,60,21.8,1308.19,0
2024-07-29,West,Home & Garden,41,18.98,778.22,0
2024-07-30,North,Apparel,56,21.93,1228.19,0
2024-07-30,North,Electronics,73,19.09,1393.63,0
2024-07-30,North,Home & Garden,36,23.48,845.17,0
2024-07-30,South,Apparel,49,18.41,902.02,0
2024-07-30,South,Electronics,52,21.18,1101.42,0
2024-07-30,South,Home & Garden,34,19.29,655.89,0
2024-07-30,West,Apparel,43,24.02,1032.65,0
2024-07-30,West,Electronics,60,21.88,1313.09,0
2024-07-30,West,Home & Garden,44,18.66,821.08,0
2024-07-31,North,Apparel,57,21.84,1244.68,0
2024-07-31,North,Electronics,77,18.9,1455.66,0
2024-07-31,North,Home & Garden,37,23.6,873.08,0
2024-07-31,South,Apparel,51,18.4,938.23,0
2024-07-31,South,Electronics,49,21.42,1049.6,0
2024-07-31,South,Home & Garden,35,19.12,669.03,0
2024-07-31,West,Apparel,42,24.06,1010.66,0
2024-07-31,West,Electronics,62,21.84,1354.01,0
2024-07-31,West,Home & Garden,36,19.1,687.74,0
2024-08-01,North,Apparel,57,22.08,1258.34,0
2024-08-01,North,Electronics,79,18.91,1493.59,0
2024-08-01,North,Home & Garden,35,23.47,821.51,0
2024-08-01,South,Apparel,48,18.51,888.51,0
2024-08-01,South,Electronics,53,21.23,1125.02,0
2024-08-01,South,Home & Garden,33,18.91,624.07,0
2024-08-01,West,Apparel,45,24.29,1093.2,0
2024-08-01,West,Electronics,59,21.7,1280.45,0
2024-08-01,West,Home & Garden,54,18.93,1022.25,1
2024-08-02,North,Apparel,55,22.09,1214.9,0
2024-08-02,North,Electronics,74,19.06,1410.13,0
2024-08-02,North,Home & Garden,36,23.52,846.8,0
2024-08-02,South,Apparel,51,18.54,945.29,0
2024-08-02,South,Electronics,53,21.42,1135.0,0
2024-08-02,South,Home & Garden,33,19.43,641.03,0
2024-08-02,West,Apparel,43,24.19,1040.36,0
2024-08-02,West,Electronics,57,21.99,1253.3,0
2024-08-02,West,Home & Garden,41,19.05,780.99,0
2024-08-03,North,Apparel,58,22.03,1277.98,0
2024-08-03,North,Electronics,102,19.02,1940.15,1
2024-08-03,North,Home & Garden,42,23.3,978.56,0
2024-08-03,South,Apparel,56,18.65,1044.57,0
2024-08-03,South,Electronics,59,21.45,1265.37,0
2024-08-03,South,Home & Garden,57,19.25,1097.41,1
2024-08-03,West,Apparel,50,24.2,1210.17,0
2024-08-03,West,Electronics,62,22.04,1366.4,0
2024-08-03,West,Home & Garden,45,18.85,848.04,0
2024-08-04,North,Apparel,60,21.79,1307.22,0
2024-08-04,North,Electronics,80,19.12,1529.81,0
2024-08-04,North,Home & Garden,41,23.41,959.9,0
2024-08-04,South,Apparel,55,18.6,1022.97,0
2024-08-04,South,Electronics,58,21.3,1235.37,0
2024-08-04,South,Home & Garden,39,18.93,738.34,0
2024-08-04,West,Apparel,47,24.44,1148.55,0
2024-08-04,West,Electronics,63,21.96,1383.53,0
2024-08-04,West,Home & Garden,42,18.65,783.42,0
2024-08-05,North,Apparel,53,21.79,1154.99,0
2024-08-05,North,Electronics,78,19.12,1491.05,0
2024-08-05,North,Home & Garden,35,23.62,826.64,0
2024-08-05,South,Apparel,47,18.39,864.14,0
2024-08-05,South,Electronics,52,21.24,1104.39,0
2024-08-05,South,Home & Garden,38,19.27,732.37,0
2024-08-05,West,Apparel,42,24.13,1013.3,0
2024-08-05,West,Electronics,56,22.05,1234.64,0
2024-08-05,West,Home & Garden,40,18.7,747.97,0
2024-08-06,North,Apparel,57,22.11,1260.16,0
2024-08-06,North,Electronics,74,19.09,1412.89,0
2024-08-06,North,Home & Garden,38,23.26,883.93,0
2024-08-06,South,Apparel,49,18.4,901.42,0
2024-08-06,South,Electronics,72,21.41,1541.64,1
2024-08-06,South,Home & Garden,45,19.28,867.72,1
2024-08-06,West,Apparel,43,24.5,1053.6,0
2024-08-06,West,Electronics,56,21.82,1221.87,0
2024-08-06,West,Home & Garden,40,18.81,752.52,0
2024-08-07,North,Apparel,58,21.88,1268.85,0
2024-08-07,North,Electronics,78,18.96,1478.72,0
2024-08-07,North,Home & Garden,37,23.16,856.86,0
2024-08-07,South,Apparel,50,18.47,923.58,0
2024-08-07,South,Electronics,54,21.56,1164.34,0
2024-08-07,South,Home & Garden,33,18.95,625.42,0
2024-08-07,West,Apparel,43,23.98,1031.16,0
2024-08-07,West,Electronics,58,21.7,1258.65,0
2024-08-07,West,Home & Garden,39,19.03,742.1,0
2024-08-08,North,Apparel,55,22.04,1212.39,0
2024-08-08,North,Electronics,73,19.03,1388.86,0
2024-08-08,North,Home & Garden,37,23.07,853.76,0
2024-08-08,South,Apparel,49,18.64,913.59,0
2024-08-08,South,Electronics,53,21.31,1129.25,0
2024-08-08,South,Home & Garden,34,19.08,648.86,0
2024-08-08,West,Apparel,41,23.99,983.41,0
2024-08-08,West,Electronics,59,21.83,1287.85,0
2024-08-08,West,Home & Garden,38,18.69,710.25,0
2024-08-09,North,Apparel,56,21.74,1217.69,0
2024-08-09,North,Electronics,78,18.92,1475.74,0
2024-08-09,North,Home & Garden,35,23.55,824.4,0
2024-08-09,South,Apparel,47,18.5,869.3,0
2024-08-09,South,Electronics,51,21.51,1097.16,0
2024-08-09,South,Home & Garden,34,19.33,657.05,0
2024-08-09,West,Apparel,45,24.48,1101.7,0
2024-08-09,West,Electronics,59,21.77,1284.33,0
2024-08-09,West,Home & Garden,37,19.03,704.23,0
2024-08-10,North,Apparel,60,21.84,1310.31,0
2024-08-10,North,Electronics,79,19.0,1501.07,0
2024-08-10,North,Home & Garden,40,23.26,930.22,0
2024-08-10,South,Apparel,56,18.65,1044.55,0
2024-08-10,South,Electronics,72,21.4,1540.45,1
2024-08-10,South,Home & Garden,41,19.03,780.05,0
2024-08-10,West,Apparel,46,24.37,1121.25,0
2024-08-10,West,Electronics,57,21.79,1242.29,0
2024-08-10,West,Home & Garden,44,19.02,836.79,0
2024-08-11,North,Apparel,60,21.86,1311.8,0
2024-08-11,North,Electronics,80,18.95,1515.84,0
2024-08-11,North,Home & Garden,39,23.11,901.36,0
2024-08-11,South,Apparel,54,18.55,1001.83,0
2024-08-11,South,Electronics,56,21.38,1197.22,0
2024-08-11,South,Home & Garden,40,19.05,761.96,0
2024-08-11,West,Apparel,49,24.1,1180.72,0
2024-08-11,West,Electronics,64,21.72,1390.32,0
2024-08-11,West,Home & Garden,51,18.67,952.08,1
2024-08-12,North,Apparel,51,21.77,1110.09,0
2024-08-12,North,Electronics,72,19.11,1375.62,0
2024-08-12,North,Home & Garden,33,23.29,768.51,0
2024-08-12,South,Apparel,51,18.74,955.65,0
2024-08-12,South,Electronics,53,21.44,1136.56,0
2024-08-12,South,Home & Garden,33,19.39,640.02,0
2024-08-12,West,Apparel,44,23.97,1054.53,0
2024-08-12,West,Electronics,55,22.06,1213.34,0
2024-08-12,West,Home & Garden,37,19.04,704.45,0
2024-08-13,North,Apparel,53,22.03,1167.81,0
2024-08-13,North,Electronics,73,18.98,1385.78,0
2024-08-13,North,Home & Garden,35,23.56,824.58,0
2024-08-13,South,Apparel,52,18.44,959.02,0
2024-08-13,South,Electronics,52,21.21,1102.86,0
2024-08-13,South,Home & Garden,34,19.07,648.32,0
2024-08-13,West,Apparel,40,24.19,967.68,0
2024-08-13,West,Electronics,56,21.93,1228.12,0
2024-08-13,West,Home & Garden,38,18.96,720.65,0
2024-08-14,North,Apparel,52,21.77,1132.27,0
2024-08-14,North,Electronics,76,19.08,1450.44,0
2024-08-14,North,Home & Garden,35,23.66,828.01,0
2024-08-14,South,Apparel,49,18.44,903.42,0
2024-08-14,South,Electronics,47,21.2,996.23,0
2024-08-14,South,Home & Garden,33,19.4,640.19,0
2024-08-14,West,Apparel,40,24.38,975.13,0
2024-08-14,West,Electronics,55,21.77,1197.26,0
2024-08-14,West,Home & Garden,39,18.7,729.32,0
2024-08-15,North,Apparel,54,21.77,1175.47,0
2024-08-15,North,Electronics,73,18.88,1378.35,0
2024-08-15,North,Home & Garden,36,23.19,834.98,0
2024-08-15,South,Apparel,52,18.73,974.17,0
2024-08-15,South,Electronics,49,21.51,1054.03,0
2024-08-15,South,Home & Garden,32,19.3,617.69,0
2024-08-15,West,Apparel,41,24.4,1000.3,0
2024-08-15,West,Electronics,62,21.89,1357.1,0
2024-08-15,West,Home & Garden,40,18.96,758.25,0
2024-08-16,North,Apparel,53,21.86,1158.49,0
2024-08-16,North,Electronics,76,18.94,1439.3,0
2024-08-16,North,Home & Garden,47,23.33,1096.5,1
2024-08-16,South,Apparel,49,18.43,902.87,0
2024-08-16,South,Electronics,53,21.47,1137.98,0
2024-08-16,South,Home & Garden,32,19.28,616.95,0
2024-08-16,West,Apparel,40,24.37,974.83,0
2024-08-16,West,Electronics,57,21.83,1244.34,0
2024-08-16,West,Home & Garden,36,18.84,678.17,0
2024-08-17,North,Apparel,62,21.86,1355.36,0
2024-08-17,North,Electronics,74,19.11,1414.34,0
2024-08-17,North,Home & Garden,38,23.5,893.05,0
2024-08-17,South,Apparel,73,18.58,1356.16,1
2024-08-17,South,Electronics,50,21.44,1072.18,0
2024-08-17,South,Home & Garden,40,19.31,772.31,0
2024-08-17,West,Apparel,49,24.4,1195.57,0
2024-08-17,West,Electronics,57,21.98,1252.89,0
2024-08-17,West,Home & Garden,40,19.07,762.83,0
2024-08-18,North,Apparel,60,21.85,1310.73,0
2024-08-18,North,Electronics,80,18.89,1511.39,0
2024-08-18,North,Home & Garden,39,23.1,900.81,0
2024-08-18,South,Apparel,58,18.46,1070.59,0
2024-08-18,South,Electronics,57,21.39,1219.29,0
2024-08-18,South,Home & Garden,35,19.16,670.64,0
2024-08-18,West,Apparel,46,24.25,1115.53,0
2024-08-18,West,Electronics,61,21.77,1327.77,0
2024-08-18,West,Home & Garden,42,18.88,792.88,0
2024-08-19,North,Apparel,53,21.92,1161.98,0
2024-08-19,North,Electronics,71,19.09,1355.1,0
2024-08-19,North,Home & Garden,36,23.56,848.29,0
2024-08-19,South,Apparel,52,18.56,965.04,0
2024-08-19,South,Electronics,54,21.31,1150.54,0
2024-08-19,South,Home & Garden,36,19.43,699.5,0
2024-08-19,West,Apparel,43,24.1,1036.11,0
2024-08-19,West,Electronics,58,21.74,1261.18,0
2024-08-19,West,Home & Garden,35,18.61,651.32,0
2024-08-20,North,Apparel,52,21.85,1136.42,0
2024-08-20,North,Electronics,75,19.1,1432.72,0
2024-08-20,North,Home & Garden,34,23.32,792.9,0
2024-08-20,South,Apparel,50,18.75,937.52,0
2024-08-20,South,Electronics,52,21.22,1103.66,0
2024-08-20,South,Home & Garden,33,19.06,629.14,0
2024-08-20,West,Apparel,42,24.24,1018.03,0
2024-08-20,West,Electronics,56,21.71,1215.78,0
2024-08-20,West,Home & Garden,39,18.79,732.91,0
2024-08-21,North,Apparel,55,22.01,1210.61,0
2024-08-21,North,Electronics,75,19.11,1433.29,0
2024-08-21,North,Home & Garden,46,23.28,1071.09,1
2024-08-21,South,Apparel,47,18.39,864.41,0
2024-08-21,South,Electronics,53,21.26,1126.58,0
2024-08-21,South,Home & Garden,32,19.14,612.33,0
2024-08-21,West,Apparel,41,24.51,1004.97,0
2024-08-21,West,Electronics,58,21.72,1259.69,0
2024-08-21,West,Home & Garden,34,18.84,640.64,0
2024-08-22,North,Apparel,52,21.9,1138.8,0
2024-08-22,North,Electronics,72,19.04,1371.03,0
2024-08-22,North,Home & Garden,34,23.54,800.4,0
2024-08-22,South,Apparel,45,18.73,842.75,0
2024-08-22,South,Electronics,72,21.42,1542.47,1
2024-08-22,South,Home & Garden,35,18.96,663.48,0
2024-08-22,West,Apparel,41,24.22,992.91,0
2024-08-22,West,Electronics,54,21.89,1182.33,0
2024-08-22,West,Home & Garden,39,18.8,733.19,0
2024-08-23,North,Apparel,52,22.11,1149.66,0
2024-08-23,North,Electronics,75,19.01,1425.79,0
2024-08-23,North,Home & Garden,34,23.64,803.86,0
2024-08-23,South,Apparel,47,18.62,875.34,0
2024-08-23,South,Electronics,51,21.37,1090.08,0
2024-08-23,South,Home & Garden,36,19.1,687.76,0
2024-08-23,West,Apparel,43,24.13,1037.65,0
2024-08-23,West,Electronics,55,21.72,1194.86,0
2024-08-23,West,Home & Garden,40,18.63,745.24,0
2024-08-24,North,Apparel,57,22.01,1254.44,0
2024-08-24,North,Electronics,77,19.07,1468.51,0
2024-08-24,North,Home & Garden,40,23.16,926.6,0
2024-08-24,South,Apparel,60,18.43,1105.56,0
2024-08-24,South,Electronics,51,21.4,1091.32,0
2024-08-24,South,Home & Garden,40,19.08,763.08,0
2024-08-24,West,Apparel,44,24.36,1072.0,0
2024-08-24,West,Electronics,54,21.93,1184.14,0
2024-08-24,West,Home & Garden,43,18.69,803.49,0
2024-08-25,North,Apparel,56,22.02,1232.91,0
2024-08-25,North,Electronics,75,19.06,1429.71,0
2024-08-25,North,Home & Garden,38,23.28,884.64,0
2024-08-25,South,Apparel,52,18.4,956.55,0
2024-08-25,South,Electronics,56,21.33,1194.45,0
2024-08-25,South,Home & Garden,39,18.97,739.69,0
2024-08-25,West,Apparel,48,24.39,1170.86,0
2024-08-25,West,Electronics,55,22.05,1212.56,0
2024-08-25,West,Home & Garden,39,18.65,727.35,0
2024-08-26,North,Apparel,51,22.09,1126.84,0
2024-08-26,North,Electronics,71,18.95,1345.71,0
2024-08-26,North,Home & Garden,36,23.14,833.02,0
2024-08-26,South,Apparel,49,18.64,913.56,0
2024-08-26,South,Electronics,54,21.33,1152.01,0
2024-08-26,South,Home & Garden,48,19.35,928.7,1
2024-08-26,West,Apparel,38,24.4,927.1,0
2024-08-26,West,Electronics,59,21.88,1290.99,0
2024-08-26,West,Home & Garden,37,19.03,704.02,0
2024-08-27,North,Apparel,48,21.73,1043.17,0
2024-08-27,North,Electronics,68,19.12,1299.89,0
2024-08-27,North,Home & Garden,31,23.7,734.63,0
2024-08-27,South,Apparel,47,18.6,874.11,0
2024-08-27,South,Electronics,48,21.5,1032.04,0
2024-08-27,South,Home & Garden,30,18.94,568.33,0
2024-08-27,West,Apparel,42,23.97,1006.61,0
2024-08-27,West,Electronics,59,21.71,1281.0,0
2024-08-27,West,Home & Garden,36,18.62,670.34,0
2024-08-28,North,Apparel,48,22.0,1055.98,0
2024-08-28,North,Electronics,74,18.93,1401.03,0
2024-08-28,North,Home & Garden,32,23.45,750.52,0
2024-08-28,South,Apparel,49,18.63,912.64,0
2024-08-28,South,Electronics,48,21.26,1020.64,0
2024-08-28,South,Home & Garden,32,19.01,608.26,0
2024-08-28,West,Apparel,38,24.1,915.87,0
2024-08-28,West,Electronics,55,21.96,1207.57,0
2024-08-28,West,Home & Garden,35,18.69,654.07,0
2024-08-29,North,Apparel,51,22.12,1128.09,0
2024-08-29,North,Electronics,69,19.01,1311.95,0
2024-08-29,North,Home & Garden,31,23.13,717.0,0
2024-08-29,South,Apparel,44,18.67,821.51,0
2024-08-29,South,Electronics,50,21.51,1075.7,0
2024-08-29,South,Home & Garden,31,19.12,592.74,0
2024-08-29,West,Apparel,39,24.52,956.16,0
2024-08-29,West,Electronics,58,22.02,1276.89,0
2024-08-29,West,Home & Garden,38,18.8,714.32,0
2024-08-30,North,Apparel,53,22.13,1173.02,0
2024-08-30,North,Electronics,73,18.95,1383.71,0
2024-08-30,North,Home & Garden,32,23.59,754.9,0
2024-08-30,South,Apparel,46,18.67,858.94,0
2024-08-30,South,Electronics,49,21.46,1051.36,0
2024-08-30,South,Home & Garden,35,19.02,665.59,0
2024-08-30,West,Apparel,40,24.23,969.2,0
2024-08-30,West,Electronics,54,22.08,1192.29,0
2024-08-30,West,Home & Garden,38,18.91,718.76,0
2024-08-31,North,Apparel,57,21.76,1240.38,0
2024-08-31,North,Electronics,75,18.99,1424.59,0
2024-08-31,North,Home & Garden,41,23.13,948.24,0
2024-08-31,South,Apparel,51,18.63,950.0,0
2024-08-31,South,Electronics,54,21.18,1143.74,0
2024-08-31,South,Home & Garden,36,19.37,697.38,0
2024-08-31,West,Apparel,44,24.15,1062.67,0
2024-08-31,West,Electronics,57,21.86,1245.96,0
2024-08-31,West,Home & Garden,44,18.75,824.78,0
2024-09-01,North,Apparel,54,22.11,1193.78,0
2024-09-01,North,Electronics,98,19.06,1867.93,1
2024-09-01,North,Home & Garden,38,23.16,880.17,0
2024-09-01,South,Apparel,51,18.61,949.25,0
2024-09-01,South,Electronics,56,21.24,1189.24,0
2024-09-01,South,Home & Garden,39,18.94,738.47,0
2024-09-01,West,Apparel,44,24.35,1071.51,0
2024-09-01,West,Electronics,57,22.05,1256.85,0
2024-09-01,West,Home & Garden,41,18.72,767.67,0
2024-09-02,North,Apparel,47,22.15,1041.0,0
2024-09-02,North,Electronics,71,19.11,1356.85,0
2024-09-02,North,Home & Garden,33,23.12,763.06,0
2024-09-02,South,Apparel,48,18.53,889.33,0
2024-09-02,South,Electronics,45,21.59,971.47,0
2024-09-02,South,Home & Garden,44,19.13,841.54,1
2024-09-02,West,Apparel,37,24.32,899.92,0
2024-09-02,West,Electronics,54,21.96,1186.07,0
2024-09-02,West,Home & Garden,37,18.69,691.5,0
2024-09-03,North,Apparel,51,22.08,1126.19,0
2024-09-03,North,Electronics,71,19.05,1352.59,0
2024-09-03,North,Home & Garden,35,23.23,813.21,0
2024-09-03,South,Apparel,44,18.46,812.04,0
2024-09-03,South,Electronics,53,21.53,1141.31,0
2024-09-03,South,Home & Garden,31,18.86,584.8,0
2024-09-03,West,Apparel,38,24.01,912.51,0
2024-09-03,West,Electronics,54,21.84,1179.38,0
2024-09-03,West,Home & Garden,39,19.02,741.6,0
2024-09-04,North,Apparel,49,21.8,1068.2,0
2024-09-04,North,Electronics,74,18.88,1397.31,0
2024-09-04,North,Home & Garden,35,23.3,815.64,0
2024-09-04,South,Apparel,47,18.41,865.33,0
2024-09-04,South,Electronics,49,21.42,1049.47,0
2024-09-04,South,Home & Garden,31,19.11,592.48,0
2024-09-04,West,Apparel,40,24.21,968.53,0
2024-09-04,West,Electronics,57,21.72,1237.87,0
2024-09-04,West,Home & Garden,53,18.96,1004.83,1
2024-09-05,North,Apparel,51,21.82,1112.67,0
2024-09-05,North,Electronics,72,19.12,1376.4,0
2024-09-05,North,Home & Garden,32,23.06,738.05,0
2024-09-05,South,Apparel,46,18.54,852.88,0
2024-09-05,South,Electronics,51,21.34,1088.41,0
2024-09-05,South,Home & Garden,34,19.3,656.33,0
2024-09-05,West,Apparel,39,24.27,946.35,0
2024-09-05,West,Electronics,54,22.05,1190.51,0
2024-09-05,West,Home & Garden,38,18.86,716.76,0
2024-09-06,North,Apparel,50,21.97,1098.58,0
2024-09-06,North,Electronics,72,19.06,1372.47,0
2024-09-06,North,Home & Garden,37,23.4,865.69,0
2024-09-06,South,Apparel,44,18.4,809.4,0
2024-09-06,South,Electronics,51,21.39,1090.82,0
2024-09-06,South,Home & Garden,30,19.4,581.93,0
2024-09-06,West,Apparel,38,24.06,914.1,0
2024-09-06,West,Electronics,55,22.06,1213.15,0
2024-09-06,West,Home & Garden,35,18.99,664.49,0
2024-09-07,North,Apparel,56,21.75,1218.14,0
2024-09-07,North,Electronics,76,18.9,1436.28,0
2024-09-07,North,Home & Garden,37,23.66,875.39,0
2024-09-07,South,Apparel,50,18.7,934.93,0
2024-09-07,South,Electronics,54,21.36,1153.65,0
2024-09-07,South,Home & Garden,37,18.96,701.45,0
2024-09-07,West,Apparel,46,24.16,1111.24,0
2024-09-07,West,Electronics,59,21.78,1284.81,0
2024-09-07,West,Home & Garden,41,18.65,764.79,0
2024-09-08,North,Apparel,55,21.75,1196.36,0
2024-09-08,North,Electronics,71,18.91,1342.96,0
2024-09-08,North,Home & Garden,38,23.09,877.25,0
2024-09-08,South,Apparel,52,18.74,974.68,0
2024-09-08,South,Electronics,52,21.56,1120.92,0
2024-09-08,South,Home & Garden,35,19.08,667.7,0
2024-09-08,West,Apparel,42,23.95,1006.0,0
2024-09-08,West,Electronics,57,21.99,1253.18,0
2024-09-08,West,Home & Garden,40,18.9,756.08,0
2024-09-09,North,Apparel,50,21.73,1086.36,0
2024-09-09,North,Electronics,73,18.95,1383.01,0
2024-09-09,North,Home & Garden,34,23.18,788.01,0
2024-09-09,South,Apparel,45,18.6,837.18,0
2024-09-09,South,Electronics,50,21.38,1069.0,0
2024-09-09,South,Home & Garden,45,19.0,855.22,1
2024-09-09,West,Apparel,38,24.13,916.85,0
2024-09-09,West,Electronics,52,21.72,1129.34,0
2024-09-09,West,Home & Garden,37,18.78,694.79,0
2024-09-10,North,Apparel,48,22.13,1062.22,0
2024-09-10,North,Electronics,72,19.07,1373.4,0
2024-09-10,North,Home & Garden,34,23.1,785.37,0
2024-09-10,South,Apparel,45,18.59,836.58,0
2024-09-10,South,Electronics,50,21.33,1066.27,0
2024-09-10,South,Home & Garden,31,19.34,599.46,0
2024-09-10,West,Apparel,37,24.53,907.6,0
2024-09-10,West,Electronics,51,21.75,1109.41,0
2024-09-10,West,Home & Garden,34,18.8,639.17,0
2024-09-11,North,Apparel,47,22.08,1037.56,0
2024-09-11,North,Electronics,68,19.07,1296.96,0
2024-09-11,North,Home & Garden,32,23.24,743.72,0
2024-09-11,South,Apparel,44,18.7,822.59,0
2024-09-11,South,Electronics,48,21.3,1022.45,0
2024-09-11,South,Home & Garden,30,19.06,571.66,0
2024-09-11,West,Apparel,39,24.33,948.93,0
2024-09-11,West,Electronics,54,21.75,1174.27,0
2024-09-11,West,Home & Garden,36,18.8,676.87,0
2024-09-12,North,Apparel,47,21.71,1020.4,0
2024-09-12,North,Electronics,70,18.98,1328.59,0
2024-09-12,North,Home & Garden,36,23.25,836.83,0
2024-09-12,South,Apparel,44,18.56,816.84,0
2024-09-12,South,Electronics,45,21.54,969.25,0
2024-09-12,South,Home & Garden,29,19.43,563.43,0
2024-09-12,West,Apparel,38,24.28,922.74,0
2024-09-12,West,Electronics,53,21.83,1157.14,0
2024-09-12,West,Home & Garden,36,18.74,674.81,0
2024-09-13,North,Apparel,44,21.81,959.49,0
2024-09-13,North,Electronics,70,19.07,1334.67,0
2024-09-13,North,Home & Garden,32,23.45,750.32,0
2024-09-13,South,Apparel,64,18.71,1197.38,1
2024-09-13,South,Electronics,46,21.54,991.04,0
2024-09-13,South,Home & Garden,32,18.91,605.04,0
2024-09-13,West,Apparel,38,24.03,912.97,0
2024-09-13,West,Electronics,53,22.0,1166.05,0
2024-09-13,West,Home & Garden,36,18.74,674.57,0
2024-09-14,North,Apparel,53,21.95,1163.6,0
2024-09-14,North,Electronics,73,19.0,1387.23,0
2024-09-14,North,Home & Garden,38,23.19,881.23,0
2024-09-14,South,Apparel,54,18.52,999.97,0
2024-09-14,South,Electronics,51,21.54,1098.75,0
2024-09-14,South,Home & Garden,34,19.22,653.43,0
2024-09-14,West,Apparel,40,24.0,960.01,0
2024-09-14,West,Electronics,56,21.76,1218.66,0
2024-09-14,West,Home & Garden,38,18.77,713.1,0
2024-09-15,North,Apparel,56,21.92,1227.56,0
2024-09-15,North,Electronics,74,18.99,1405.16,0
2024-09-15,North,Home & Garden,35,23.67,828.5,0
2024-09-15,South,Apparel,52,18.47,960.39,0
2024-09-15,South,Electronics,50,21.31,1065.57,0
2024-09-15,South,Home & Garden,34,19.19,652.59,0
2024-09-15,West,Apparel,44,24.2,1064.85,0
2024-09-15,West,Electronics,61,21.85,1332.9,0
2024-09-15,West,Home & Garden,40,18.88,755.28,0
2024-09-16,North,Apparel,49,21.88,1071.93,0
2024-09-16,North,Electronics,73,19.06,1391.39,0
2024-09-16,North,Home & Garden,31,23.54,729.7,0
2024-09-16,South,Apparel,44,18.43,810.81,0
2024-09-16,South,Electronics,47,21.34,1003.2,0
2024-09-16,South,Home & Garden,29,19.17,556.07,0
2024-09-16,West,Apparel,37,24.27,898.0,0
2024-09-16,West,Electronics,50,21.88,1094.03,0
2024-09-16,West,Home & Garden,38,18.85,716.3,0
2024-09-17,North,Apparel,48,21.83,1047.77,0
2024-09-17,North,Electronics,72,19.06,1372.5,0
2024-09-17,North,Home & Garden,35,23.33,816.5,0
2024-09-17,South,Apparel,56,18.41,1030.78,1
2024-09-17,South,Electronics,52,21.48,1117.0,0
2024-09-17,South,Home & Garden,30,19.47,584.18,0
2024-09-17,West,Apparel,37,24.54,907.81,0
2024-09-17,West,Electronics,49,21.67,1061.6,0
2024-09-17,West,Home & Garden,34,18.71,636.12,0
2024-09-18,North,Apparel,46,21.85,1005.23,0
2024-09-18,North,Electronics,66,19.12,1261.61,0
2024-09-18,North,Home & Garden,32,23.24,743.54,0
2024-09-18,South,Apparel,55,18.5,1017.53,1
2024-09-18,South,Electronics,65,21.32,1385.82,1
2024-09-18,South,Home & Garden,32,19.31,617.9,0
2024-09-18,West,Apparel,36,24.16,869.7,0
2024-09-18,West,Electronics,53,21.95,1163.36,0
2024-09-18,West,Home & Garden,35,18.83,658.95,0
2024-09-19,North,Apparel,49,21.85,1070.42,0
2024-09-19,North,Electronics,71,18.95,1345.49,0
2024-09-19,North,Home & Garden,32,23.24,743.54,0
2024-09-19,South,Apparel,41,18.77,769.69,0
2024-09-19,South,Electronics,48,21.24,1019.74,0
2024-09-19,South,Home & Garden,33,19.26,635.56,0
2024-09-19,West,Apparel,36,23.89,859.87,0
2024-09-19,West,Electronics,52,21.71,1128.71,0
2024-09-19,West,Home & Garden,31,18.81,583.12,0
2024-09-20,North,Apparel,47,21.74,1021.68,0
2024-09-20,North,Electronics,72,19.09,1374.14,0
2024-09-20,North,Home & Garden,32,23.5,752.06,0
2024-09-20,South,Apparel,42,18.37,771.45,0
2024-09-20,South,Electronics,50,21.18,1058.85,0
2024-09-20,South,Home & Garden,42,19.26,808.85,1
2024-09-20,West,Apparel,39,24.42,952.54,0
2024-09-20,West,Electronics,53,21.83,1157.13,0
2024-09-20,West,Home & Garden,35,18.69,654.19,0
2024-09-21,North,Apparel,55,21.92,1205.39,0
2024-09-21,North,Electronics,73,19.02,1388.59,0
2024-09-21,North,Home & Garden,39,23.61,920.6,0
2024-09-21,South,Apparel,46,18.38,845.31,0
2024-09-21,South,Electronics,50,21.34,1067.23,0
2024-09-21,South,Home & Garden,39,19.08,744.03,0
2024-09-21,West,Apparel,39,24.05,938.11,0
2024-09-21,West,Electronics,56,21.9,1226.43,0
2024-09-21,West,Home & Garden,39,18.99,740.66,0
2024-09-22,North,Apparel,63,21.83,1375.06,1
2024-09-22,North,Electronics,75,18.89,1417.12,0
2024-09-22,North,Home & Garden,39,23.15,902.85,0
2024-09-22,South,Apparel,61,18.64,1137.09,1
2024-09-22,South,Electronics,51,21.35,1088.65,0
2024-09-22,South,Home & Garden,33,19.14,631.57,0
2024-09-22,West,Apparel,40,24.08,963.34,0
2024-09-22,West,Electronics,57,22.02,1255.2,0
2024-09-22,West,Home & Garden,39,18.84,734.9,0
2024-09-23,North,Apparel,45,21.87,984.27,0
2024-09-23,North,Electronics,73,19.12,1395.42,0
2024-09-23,North,Home & Garden,33,23.61,779.28,0
2024-09-23,South,Apparel,47,18.65,876.49,0
2024-09-23,South,Electronics,67,21.5,1440.47,1
2024-09-23,South,Home & Garden,32,19.14,612.63,0
2024-09-23,West,Apparel,39,24.13,941.2,0
2024-09-23,West,Electronics,49,21.77,1066.85,0
2024-09-23,West,Home & Garden,45,18.89,850.04,1
2024-09-24,North,Apparel,45,21.7,976.33,0
2024-09-24,North,Electronics,71,18.98,1347.79,0
2024-09-24,North,Home & Garden,36,23.1,831.64,0
2024-09-24,South,Apparel,43,18.57,798.45,0
2024-09-24,South,Electronics,47,21.28,999.95,0
2024-09-24,South,Home & Garden,42,19.33,812.02,1
2024-09-24,West,Apparel,37,24.43,904.08,0
2024-09-24,West,Electronics,51,21.7,1106.88,0
2024-09-24,West,Home & Garden,33,18.99,626.55,0
2024-09-25,North,Apparel,43,22.02,946.89,0
2024-09-25,North,Electronics,69,18.98,1309.8,0
2024-09-25,North,Home & Garden,30,23.2,696.12,0
2024-09-25,South,Apparel,44,18.56,816.54,0
2024-09-25,South,Electronics,46,21.42,985.45,0
2024-09-25,South,Home & Garden,28,19.29,540.18,0
2024-09-25,West,Apparel,36,23.94,861.92,0
2024-09-25,West,Electronics,52,22.09,1148.5,0
2024-09-25,West,Home & Garden,36,18.76,675.24,0
2024-09-26,North,Apparel,44,21.92,964.66,0
2024-09-26,North,Electronics,71,18.91,1342.48,0
2024-09-26,North,Home & Garden,32,23.42,749.56,0
2024-09-26,South,Apparel,44,18.7,822.68,0
2024-09-26,South,Electronics,50,21.38,1068.91,0
2024-09-26,South,Home & Garden,28,19.38,542.58,0
2024-09-26,West,Apparel,38,24.24,921.29,0
2024-09-26,West,Electronics,70,21.86,1529.89,1
2024-09-26,West,Home & Garden,32,18.78,600.92,0
2024-09-27,North,Apparel,46,21.79,1002.24,0
2024-09-27,North,Electronics,68,19.1,1298.84,0
2024-09-27,North,Home & Garden,31,23.44,726.68,0
2024-09-27,South,Apparel,41,18.77,769.67,0
2024-09-27,South,Electronics,49,21.2,1039.02,0
2024-09-27,South,Home & Garden,39,19.19,748.43,1
2024-09-27,West,Apparel,37,23.94,885.8,0
2024-09-27,West,Electronics,56,21.83,1222.46,0
2024-09-27,West,Home & Garden,36,18.89,680.1,0
2024-09-28,North,Apparel,49,22.16,1085.61,0
2024-09-28,North,Electronics,71,19.02,1350.28,0
2024-09-28,North,Home & Garden,32,23.42,749.54,0
2024-09-28,South,Apparel,48,18.53,889.2,0
2024-09-28,South,Electronics,45,21.5,967.49,0
2024-09-28,South,Home & Garden,35,19.28,674.92,0
2024-09-28,West,Apparel,41,24.24,993.74,0
2024-09-28,West,Electronics,56,21.86,1224.05,0
2024-09-28,West,Home & Garden,50,18.98,948.87,1
2024-09-29,North,Apparel,44,21.72,955.84,0
2024-09-29,North,Electronics,70,19.0,1330.28,0
2024-09-29,North,Home & Garden,35,23.57,825.11,0
2024-09-29,South,Apparel,45,18.64,838.99,0
2024-09-29,South,Electronics,48,21.59,1036.45,0
2024-09-29,South,Home & Garden,35,19.32,676.07,0
2024-09-29,West,Apparel,41,24.15,989.98,0
2024-09-29,West,Electronics,54,21.77,1175.79,0
2024-09-29,West,Home & Garden,38,18.75,712.63,0
2024-09-30,North,Apparel,47,21.9,1029.08,0
2024-09-30,North,Electronics,71,19.06,1353.36,0
2024-09-30,North,Home & Garden,30,23.31,699.18,0
2024-09-30,South,Apparel,42,18.56,779.62,0
2024-09-30,South,Electronics,45,21.53,968.93,0
2024-09-30,South,Home & Garden,28,18.84,527.59,0
2024-09-30,West,Apparel,36,24.34,876.1,0
2024-09-30,West,Electronics,49,21.95,1075.59,0
2024-09-30,West,Home & Garden,30,19.09,572.81,0
2024-10-01,North,Apparel,42,21.78,914.78,0
2024-10-01,North,Electronics,65,19.12,1243.09,0
2024-10-01,North,Home & Garden,33,23.26,767.49,0
2024-10-01,South,Apparel,42,18.35,770.87,0
2024-10-01,South,Electronics,46,21.17,973.73,0
2024-10-01,South,Home & Garden,27,19.41,524.0,0
2024-10-01,West,Apparel,36,24.29,874.26,0
2024-10-01,West,Electronics,50,21.75,1087.58,0
2024-10-01,West,Home & Garden,31,18.77,581.87,0
2024-10-02,North,Apparel,46,21.78,1001.76,0
2024-10-02,North,Electronics,71,18.96,1345.81,0
2024-10-02,North,Home & Garden,30,23.25,697.47,0
2024-10-02,South,Apparel,39,18.75,731.29,0
2024-10-02,South,Electronics,49,21.19,1038.09,0
2024-10-02,South,Home & Garden,27,19.43,524.58,0
2024-10-02,West,Apparel,39,24.06,938.44,0
2024-10-02,West,Electronics,50,21.67,1083.64,0
2024-10-02,West,Home & Garden,33,19.12,630.8,0
2024-10-03,North,Apparel,44,22.17,975.5,0
2024-10-03,North,Electronics,68,19.06,1296.3,0
2024-10-03,North,Home & Garden,30,23.1,692.97,0
2024-10-03,South,Apparel,44,18.37,808.4,0
2024-10-03,South,Electronics,47,21.23,997.75,0
2024-10-03,South,Home & Garden,39,19.23,750.01,1
2024-10-03,West,Apparel,47,24.33,1143.51,1
2024-10-03,West,Electronics,52,21.87,1137.14,0
2024-10-03,West,Home & Garden,31,19.07,591.24,0
2024-10-04,North,Apparel,48,21.98,1055.04,0
2024-10-04,North,Electronics,64,18.87,1207.8,0
2024-10-04,North,Home & Garden,32,23.75,759.94,0
2024-10-04,South,Apparel,39,18.68,728.33,0
2024-10-04,South,Electronics,44,21.18,931.98,0
2024-10-04,South,Home & Garden,28,19.48,545.39,0
2024-10-04,West,Apparel,35,23.92,837.21,0
2024-10-04,West,Electronics,51,21.89,1116.58,0
2024-10-04,West,Home & Garden,34,19.09,648.98,0
2024-10-05,North,Apparel,51,22.08,1126.33,0
2024-10-05,North,Electronics,71,18.93,1344.3,0
2024-10-05,North,Home & Garden,34,23.28,791.51,0
2024-10-05,South,Apparel,53,18.68,990.25,0
2024-10-05,South,Electronics,48,21.56,1034.91,0
2024-10-05,South,Home & Garden,32,18.99,607.54,0
2024-10-05,West,Apparel,38,23.97,910.92,0
2024-10-05,West,Electronics,50,22.06,1102.83,0
2024-10-05,West,Home & Garden,38,18.74,712.06,0
2024-10-06,North,Apparel,48,22.13,1062.41,0
2024-10-06,North,Electronics,65,18.93,1230.27,0
2024-10-06,North,Home & Garden,36,23.11,832.03,0
2024-10-06,South,Apparel,48,18.53,889.47,0
2024-10-06,South,Electronics,50,21.48,1074.2,0
2024-10-06,South,Home & Garden,34,19.07,648.3,0
2024-10-06,West,Apparel,39,24.49,954.96,0
2024-10-06,West,Electronics,52,21.93,1140.18,0
2024-10-06,West,Home & Garden,34,19.12,649.98,0
2024-10-07,North,Apparel,42,22.16,930.69,0
2024-10-07,North,Electronics,68,18.97,1289.95,0
2024-10-07,North,Home & Garden,31,23.02,713.74,0
2024-10-07,South,Apparel,40,18.74,749.47,0
2024-10-07,South,Electronics,46,21.25,977.61,0
2024-10-07,South,Home & Garden,33,18.97,626.14,0
2024-10-07,West,Apparel,37,24.55,908.23,0
2024-10-07,West,Electronics,52,21.86,1136.71,0
2024-10-07,West,Home & Garden,34,18.66,634.36,0
2024-10-08,North,Apparel,46,22.07,1015.08,0
2024-10-08,North,Electronics,68,19.1,1298.7,0
2024-10-08,North,Home & Garden,30,23.73,711.78,0
2024-10-08,South,Apparel,44,18.75,824.93,0
2024-10-08,South,Electronics,45,21.25,956.19,0
2024-10-08,South,Home & Garden,28,18.84,527.39,0
2024-10-08,West,Apparel,36,24.16,869.79,0
2024-10-08,West,Electronics,51,21.77,1110.49,0
2024-10-08,West,Home & Garden,41,18.62,763.62,1
2024-10-09,North,Apparel,54,21.94,1184.76,1
2024-10-09,North,Electronics,65,18.91,1229.31,0
2024-10-09,North,Home & Garden,29,23.64,685.52,0
2024-10-09,South,Apparel,35,18.66,653.11,0
2024-10-09,South,Electronics,47,21.23,997.83,0
2024-10-09,South,Home & Garden,28,18.86,528.01,0
2024-10-09,West,Apparel,33,24.41,805.4,0
2024-10-09,West,Electronics,51,21.92,1117.73,0
2024-10-09,West,Home & Garden,32,18.81,601.93,0
2024-10-10,North,Apparel,44,21.71,955.15,0
2024-10-10,North,Electronics,90,19.0,1710.2,1
2024-10-10,North,Home & Garden,30,23.64,709.27,0
2024-10-10,South,Apparel,39,18.72,730.09,0
2024-10-10,South,Electronics,49,21.5,1053.5,0
2024-10-10,South,Home & Garden,29,19.34,560.91,0
2024-10-10,West,Apparel,44,23.97,1054.86,1
2024-10-10,West,Electronics,51,21.7,1106.88,0
2024-10-10,West,Home & Garden,34,18.77,638.03,0
2024-10-11,North,Apparel,43,21.83,938.62,0
2024-10-11,North,Electronics,70,19.12,1338.22,0
2024-10-11,North,Home & Garden,29,23.61,684.76,0
2024-10-11,South,Apparel,39,18.5,721.34,0
2024-10-11,South,Electronics,47,21.26,999.24,0
2024-10-11,South,Home & Garden,38,19.21,729.96,1
2024-10-11,West,Apparel,32,24.03,768.9,0
2024-10-11,West,Electronics,53,21.89,1160.39,0
2024-10-11,West,Home & Garden,29,18.99,550.64,0
2024-10-12,North,Apparel,48,21.8,1046.55,0
2024-10-12,North,Electronics,68,18.89,1284.75,0
2024-10-12,North,Home & Garden,32,23.4,748.94,0
2024-10-12,South,Apparel,64,18.52,1185.55,1
2024-10-12,South,Electronics,51,21.47,1094.86,0
2024-10-12,South,Home & Garden,34,19.15,651.12,0
2024-10-12,West,Apparel,37,24.29,898.87,0
2024-10-12,West,Electronics,53,21.8,1155.42,0
2024-10-12,West,Home & Garden,34,19.06,648.09,0
2024-10-13,North,Apparel,49,21.86,1070.92,0
2024-10-13,North,Electronics,66,19.05,1257.16,0
2024-10-13,North,Home & Garden,33,23.37,771.18,0
2024-10-13,South,Apparel,46,18.74,862.17,0
2024-10-13,South,Electronics,47,21.45,1008.21,0
2024-10-13,South,Home & Garden,31,19.38,600.8,0
2024-10-13,West,Apparel,39,24.12,940.56,0
2024-10-13,West,Electronics,51,22.06,1125.07,0
2024-10-13,West,Home & Garden,37,18.84,696.9,0
2024-10-14,North,Apparel,43,21.88,940.94,0
2024-10-14,North,Electronics,69,18.97,1308.86,0
2024-10-14,North,Home & Garden,31,23.47,727.72,0
2024-10-14,South,Apparel,39,18.51,722.03,0
2024-10-14,South,Electronics,45,21.59,971.77,0
2024-10-14,South,Home & Garden,31,19.3,598.37,0
2024-10-14,West,Apparel,33,24.0,791.84,0
2024-10-14,West,Electronics,47,22.11,1038.95,0
2024-10-14,West,Home & Garden,28,19.08,534.14,0
2024-10-15,North,Apparel,43,22.05,948.35,0
2024-10-15,North,Electronics,70,18.97,1327.96,0
2024-10-15,North,Home & Garden,30,23.31,699.29,0
2024-10-15,South,Apparel,42,18.66,783.91,0
2024-10-15,South,Electronics,45,21.53,968.87,0
2024-10-15,South,Home & Garden,28,19.45,544.65,0
2024-10-15,West,Apparel,32,23.97,766.96,0
2024-10-15,West,Electronics,50,21.78,1089.18,0
2024-10-15,West,Home & Garden,30,19.02,570.51,0
2024-10-16,North,Apparel,43,21.68,932.44,0
2024-10-16,North,Electronics,80,18.93,1514.32,1
2024-10-16,North,Home & Garden,30,23.51,705.39,0
2024-10-16,South,Apparel,40,18.57,742.8,0
2024-10-16,South,Electronics,46,21.17,973.6,0
2024-10-16,South,Home & Garden,27,18.86,509.3,0
2024-10-16,West,Apparel,34,24.28,825.58,0
2024-10-16,West,Electronics,62,21.89,1357.06,1
2024-10-16,West,Home & Garden,33,18.92,624.24,0
2024-10-17,North,Apparel,43,21.87,940.57,0
2024-10-17,North,Electronics,67,19.11,1280.43,0
2024-10-17,North,Home & Garden,29,23.33,676.62,0
2024-10-17,South,Apparel,40,18.56,742.38,0
2024-10-17,South,Electronics,46,21.44,986.28,0
2024-10-17,South,Home & Garden,27,18.85,508.88,0
2024-10-17,West,Apparel,33,24.24,800.07,0
2024-10-17,West,Electronics,49,21.75,1065.55,0
2024-10-17,West,Home & Garden,31,18.86,584.51,0
2024-10-18,North,Apparel,42,22.02,924.77,0
2024-10-18,North,Electronics,68,19.02,1293.14,0
2024-10-18,North,Home & Garden,26,23.34,606.94,0
2024-10-18,South,Apparel,40,18.48,739.31,0
2024-10-18,South,Electronics,43,21.47,923.42,0
2024-10-18,South,Home & Garden,27,18.89,510.09,0
2024-10-18,West,Apparel,30,24.61,738.2,0
2024-10-18,West,Electronics,49,21.69,1062.71,0
2024-10-18,West,Home & Garden,29,18.57,538.64,0
2024-10-19,North,Apparel,62,21.9,1357.67,1
2024-10-19,North,Electronics,66,19.05,1257.4,0
2024-10-19,North,Home & Garden,31,23.24,720.34,0
2024-10-19,South,Apparel,42,18.74,787.24,0
2024-10-19,South,Electronics,49,21.48,1052.37,0
2024-10-19,South,Home & Garden,35,18.99,664.82,0
2024-10-19,West,Apparel,34,24.58,835.64,0
2024-10-19,West,Electronics,49,21.81,1068.87,0
2024-10-19,West,Home & Garden,36,18.94,681.92,0
2024-10-20,North,Apparel,65,21.87,1421.26,1
2024-10-20,North,Electronics,67,18.91,1267.23,0
2024-10-20,North,Home & Garden,32,23.48,751.49,0
2024-10-20,South,Apparel,46,18.37,845.03,0
2024-10-20,South,Electronics,44,21.56,948.63,0
2024-10-20,South,Home & Garden,30,19.04,571.19,0
2024-10-20,West,Apparel,37,24.16,893.81,0
2024-10-20,West,Electronics,50,21.74,1086.99,0
2024-10-20,West,Home & Garden,35,18.85,659.83,0
2024-10-21,North,Apparel,40,22.14,885.52,0
2024-10-21,North,Electronics,67,19.15,1282.98,0
2024-10-21,North,Home & Garden,27,23.35,630.58,0
2024-10-21,South,Apparel,51,18.41,938.91,1
2024-10-21,South,Electronics,42,21.44,900.62,0
2024-10-21,South,Home & Garden,26,19.28,501.21,0
2024-10-21,West,Apparel,30,24.38,731.34,0
2024-10-21,West,Electronics,50,22.08,1103.91,0
2024-10-21,West,Home & Garden,30,18.61,558.3,0
2024-10-22,North,Apparel,40,22.03,881.25,0
2024-10-22,North,Electronics,69,18.87,1302.25,0
2024-10-22,North,Home & Garden,28,23.25,650.91,0
2024-10-22,South,Apparel,36,18.59,669.13,0
2024-10-22,South,Electronics,49,21.55,1055.92,0
2024-10-22,South,Home & Garden,26,19.39,504.11,0
2024-10-22,West,Apparel,30,23.96,718.69,0
2024-10-22,West,Electronics,49,21.98,1076.84,0
2024-10-22,West,Home & Garden,37,19.09,706.44,0
2024-10-23,North,Apparel,41,21.9,897.83,0
2024-10-23,North,Electronics,66,18.95,1250.95,0
2024-10-23,North,Home & Garden,28,23.17,648.88,0
2024-10-23,South,Apparel,40,18.72,748.62,0
2024-10-23,South,Electronics,44,21.28,936.23,0
2024-10-23,South,Home & Garden,27,19.36,522.62,0
2024-10-23,West,Apparel,35,23.93,837.58,0
2024-10-23,West,Electronics,49,21.84,1070.34,0
2024-10-23,West,Home & Garden,32,18.79,601.42,0
2024-10-24,North,Apparel,41,22.09,905.83,0
2024-10-24,North,Electronics,62,19.12,1185.65,0
2024-10-24,North,Home & Garden,28,23.2,649.49,0
2024-10-24,South,Apparel,34,18.56,631.15,0
2024-10-24,South,Electronics,46,21.56,991.71,0
2024-10-24,South,Home & Garden,27,19.01,513.34,0
2024-10-24,West,Apparel,33,23.88,787.92,0
2024-10-24,West,Electronics,49,22.02,1079.21,0
2024-10-24,West,Home & Garden,30,19.03,571.0,0
2024-10-25,North,Apparel,42,21.71,911.94,0
2024-10-25,North,Electronics,69,19.05,1314.76,0
2024-10-25,North,Home & Garden,31,23.17,718.3,0
2024-10-25,South,Apparel,44,18.49,813.38,0
2024-10-25,South,Electronics,48,21.57,1035.39,0
2024-10-25,South,Home & Garden,25,18.82,470.59,0
2024-10-25,West,Apparel,32,24.41,781.15,0
2024-10-25,West,Electronics,49,21.83,1069.69,0
2024-10-25,West,Home & Garden,32,19.13,612.31,0
2024-10-26,North,Apparel,49,21.79,1067.79,0
2024-10-26,North,Electronics,66,19.12,1262.11,0
2024-10-26,North,Home & Garden,32,23.64,756.52,0
2024-10-26,South,Apparel,45,18.48,831.56,0
2024-10-26,South,Electronics,43,21.29,915.33,0
2024-10-26,South,Home & Garden,31,19.33,599.08,0
2024-10-26,West,Apparel,37,24.45,904.76,0
2024-10-26,West,Electronics,54,21.89,1182.02,0
2024-10-26,West,Home & Garden,35,18.89,661.01,0
2024-10-27,North,Apparel,46,22.01,1012.58,0
2024-10-27,North,Electronics,87,18.97,1650.5,1
2024-10-27,North,Home & Garden,34,23.29,791.96,0
2024-10-27,South,Apparel,43,18.6,799.92,0
2024-10-27,South,Electronics,50,21.42,1071.18,0
2024-10-27,South,Home & Garden,32,19.07,610.27,0
2024-10-27,West,Apparel,36,24.11,867.98,0
2024-10-27,West,Electronics,52,21.78,1132.78,0
2024-10-27,West,Home & Garden,35,18.68,653.81,0
2024-10-28,North,Apparel,42,21.97,922.64,0
2024-10-28,North,Electronics,65,19.15,1244.72,0
2024-10-28,North,Home & Garden,29,23.32,676.4,0
2024-10-28,South,Apparel,40,18.52,740.61,0
2024-10-28,South,Electronics,46,21.55,991.27,0
2024-10-28,South,Home & Garden,26,19.34,502.88,0
2024-10-28,West,Apparel,34,23.88,811.89,0
2024-10-28,West,Electronics,46,21.81,1003.35,0
2024-10-28,West,Home & Garden,32,18.55,593.67,0
2024-10-29,North,Apparel,42,21.97,922.71,0
2024-10-29,North,Electronics,68,19.15,1302.06,0
2024-10-29,North,Home & Garden,31,23.3,722.26,0
2024-10-29,South,Apparel,40,18.59,743.47,0
2024-10-29,South,Electronics,49,21.19,1038.08,0
2024-10-29,South,Home & Garden,29,18.98,550.5,0
2024-10-29,West,Apparel,33,24.03,793.03,0
2024-10-29,West,Electronics,52,22.01,1144.76,0
2024-10-29,West,Home & Garden,32,18.84,602.77,0
2024-10-30,North,Apparel,41,21.9,897.94,0
2024-10-30,North,Electronics,67,19.02,1274.23,0
2024-10-30,North,Home & Garden,30,23.71,711.16,0
2024-10-30,South,Apparel,43,18.69,803.63,0
2024-10-30,South,Electronics,43,21.26,913.98,0
2024-10-30,South,Home & Garden,29,19.34,560.77,0
2024-10-30,West,Apparel,32,24.12,771.69,0
2024-10-30,West,Electronics,50,21.83,1091.27,0
2024-10-30,West,Home & Garden,33,18.78,619.73,0
2024-10-31,North,Apparel,42,22.16,930.69,0
2024-10-31,North,Electronics,66,19.08,1259.1,0
2024-10-31,North,Home & Garden,28,23.51,658.19,0
2024-10-31,South,Apparel,43,18.54,797.35,0
2024-10-31,South,Electronics,48,21.58,1036.08,0
2024-10-31,South,Home & Garden,28,18.88,528.56,0
2024-10-31,West,Apparel,32,24.45,782.43,0
2024-10-31,West,Electronics,48,21.92,1052.12,0
2024-10-31,West,Home & Garden,34,18.83,640.17,0
2024-11-01,North,Apparel,44,22.15,974.57,0
2024-11-01,North,Electronics,67,18.91,1266.94,0
2024-11-01,North,Home & Garden,41,23.56,965.87,1
2024-11-01,South,Apparel,37,18.33,678.12,0
2024-11-01,South,Electronics,44,21.41,941.93,0
2024-11-01,South,Home & Garden,28,19.38,542.71,0
2024-11-01,West,Apparel,32,23.86,763.47,0
2024-11-01,West,Electronics,47,21.85,1027.16,0
2024-11-01,West,Home & Garden,34,18.69,635.61,0
2024-11-02,North,Apparel,49,21.84,1069.97,0
2024-11-02,North,Electronics,69,19.06,1314.8,0
2024-11-02,North,Home & Garden,40,23.4,936.11,1
2024-11-02,South,Apparel,58,18.65,1081.65,1
2024-11-02,South,Electronics,51,21.33,1087.95,0
2024-11-02,South,Home & Garden,29,19.07,553.0,0
2024-11-02,West,Apparel,38,24.3,923.32,0
2024-11-02,West,Electronics,53,22.02,1167.25,0
2024-11-02,West,Home & Garden,38,18.91,718.47,0
2024-11-03,North,Apparel,49,22.06,1081.02,0
2024-11-03,North,Electronics,71,18.96,1345.86,0
2024-11-03,North,Home & Garden,34,23.27,791.26,0
2024-11-03,South,Apparel,45,18.41,828.62,0
2024-11-03,South,Electronics,49,21.33,1045.05,0
2024-11-03,South,Home & Garden,32,19.33,618.6,0
2024-11-03,West,Apparel,39,24.06,938.2,0
2024-11-03,West,Electronics,53,21.72,1151.02,0
2024-11-03,West,Home & Garden,39,18.65,727.28,0
2024-11-04,North,Apparel,43,21.74,934.63,0
2024-11-04,North,Electronics,61,18.95,1155.99,0
2024-11-04,North,Home & Garden,31,23.04,714.38,0
2024-11-04,South,Apparel,42,18.65,783.21,0
2024-11-04,South,Electronics,48,21.43,1028.45,0
2024-11-04,South,Home & Garden,30,19.46,583.92,0
2024-11-04,West,Apparel,34,24.12,819.96,0
2024-11-04,West,Electronics,54,21.76,1175.02,0
2024-11-04,West,Home & Garden,35,18.61,651.19,0
2024-11-05,North,Apparel,48,21.96,1053.94,0
2024-11-05,North,Electronics,67,18.91,1266.74,0
2024-11-05,North,Home & Garden,31,23.42,726.12,0
2024-11-05,South,Apparel,44,18.63,819.79,0
2024-11-05,South,Electronics,47,21.36,1004.01,0
2024-11-05,South,Home & Garden,28,19.29,540.07,0
2024-11-05,West,Apparel,35,24.29,850.2,0
2024-11-05,West,Electronics,50,21.95,1097.55,0
2024-11-05,West,Home & Garden,47,19.02,893.81,1
2024-11-06,North,Apparel,44,21.89,963.06,0
2024-11-06,North,Electronics,69,18.88,1302.41,0
2024-11-06,North,Home & Garden,32,23.3,745.67,0
2024-11-06,South,Apparel,39,18.5,721.33,0
2024-11-06,South,Electronics,43,21.58,928.0,0
2024-11-06,South,Home & Garden,28,19.14,535.96,0
2024-11-06,West,Apparel,35,24.48,856.85,0
2024-11-06,West,Electronics,50,21.71,1085.4,0
2024-11-06,West,Home & Garden,30,18.96,568.69,0
2024-11-07,North,Apparel,43,21.8,937.5,0
2024-11-07,North,Electronics,66,18.98,1252.37,0
2024-11-07,North,Home & Garden,30,23.37,700.99,0
2024-11-07,South,Apparel,42,18.65,783.37,0
2024-11-07,South,Electronics,41,21.47,880.23,0
2024-11-07,South,Home & Garden,34,19.09,649.05,0
2024-11-07,West,Apparel,36,24.51,882.46,0
2024-11-07,West,Electronics,54,21.75,1174.37,0
2024-11-07,West,Home & Garden,34,19.12,650.01,0
2024-11-08,North,Apparel,48,21.98,1055.17,0
2024-11-08,North,Electronics,70,19.08,1335.26,0
2024-11-08,North,Home & Garden,33,23.12,762.93,0
2024-11-08,South,Apparel,42,18.42,773.58,0
2024-11-08,South,Electronics,49,21.24,1040.83,0
2024-11-08,South,Home & Garden,33,19.43,641.23,0
2024-11-08,West,Apparel,38,24.35,925.34,0
2024-11-08,West,Electronics,54,21.99,1187.62,0
2024-11-08,West,Home & Garden,37,18.65,689.93,0
2024-11-09,North,Apparel,53,21.77,1153.94,0
2024-11-09,North,Electronics,73,18.95,1383.39,0
2024-11-09,North,Home & Garden,37,23.23,859.64,0
2024-11-09,South,Apparel,52,18.59,966.55,0
2024-11-09,South,Electronics,51,21.39,1091.03,0
2024-11-09,South,Home & Garden,36,19.24,692.78,0
2024-11-09,West,Apparel,43,24.34,1046.8,0
2024-11-09,West,Electronics,56,21.9,1226.36,0
2024-11-09,West,Home & Garden,38,18.78,713.47,0
2024-11-10,North,Apparel,53,21.99,1165.26,0
2024-11-10,North,Electronics,78,19.07,1487.17,0
2024-11-10,North,Home & Garden,36,23.65,851.3,0
2024-11-10,South,Apparel,52,18.54,963.89,0
2024-11-10,South,Electronics,53,21.38,1133.01,0
2024-11-10,South,Home & Garden,38,19.1,725.65,0
2024-11-10,West,Apparel,44,24.49,1077.64,0
2024-11-10,West,Electronics,58,21.77,1262.76,0
2024-11-10,West,Home & Garden,39,18.93,738.26,0
2024-11-11,North,Apparel,48,21.98,1055.27,0
2024-11-11,North,Electronics,76,18.88,1435.25,0
2024-11-11,North,Home & Garden,33,23.25,767.17,0
2024-11-11,South,Apparel,48,18.54,889.97,0
2024-11-11,South,Electronics,49,21.56,1056.49,0
2024-11-11,South,Home & Garden,28,18.85,527.69,0
2024-11-11,West,Apparel,37,24.4,902.69,0
2024-11-11,West,Electronics,54,21.94,1184.79,0
2024-11-11,West,Home & Garden,36,18.63,670.78,0
2024-11-12,North,Apparel,53,22.12,1172.3,0
2024-11-12,North,Electronics,72,18.89,1360.32,0
2024-11-12,North,Home & Garden,32,23.7,758.47,0
2024-11-12,South,Apparel,45,18.71,842.02,0
2024-11-12,South,Electronics,55,21.31,1171.81,0
2024-11-12,South,Home & Garden,31,18.97,588.15,0
2024-11-12,West,Apparel,39,23.95,933.95,0
2024-11-12,West,Electronics,55,22.03,1211.63,0
2024-11-12,West,Home & Garden,37,18.67,690.78,0
2024-11-13,North,Apparel,52,21.78,1132.33,0
2024-11-13,North,Electronics,90,18.92,1702.61,1
2024-11-13,North,Home & Garden,35,23.34,816.73,0
2024-11-13,South,Apparel,47,18.52,870.4,0
2024-11-13,South,Electronics,52,21.25,1104.76,0
2024-11-13,South,Home & Garden,32,19.05,609.57,0
2024-11-13,West,Apparel,41,24.35,998.44,0
2024-11-13,West,Electronics,58,21.87,1268.41,0
2024-11-13,West,Home & Garden,36,18.78,676.15,0
2024-11-14,North,Apparel,53,21.9,1160.9,0
2024-11-14,North,Electronics,74,19.08,1412.22,0
2024-11-14,North,Home & Garden,34,23.24,790.01,0
2024-11-14,South,Apparel,64,18.56,1187.95,1
2024-11-14,South,Electronics,51,21.33,1087.71,0
2024-11-14,South,Home & Garden,33,19.03,628.1,0
2024-11-14,West,Apparel,42,24.22,1017.22,0
2024-11-14,West,Electronics,58,21.71,1259.05,0
2024-11-14,West,Home & Garden,38,18.66,709.07,0
2024-11-15,North,Apparel,53,22.0,1165.91,0
2024-11-15,North,Electronics,96,19.06,1829.7,1
2024-11-15,North,Home & Garden,36,23.18,834.48,0
2024-11-15,South,Apparel,48,18.68,896.52,0
2024-11-15,South,Electronics,53,21.44,1136.26,0
2024-11-15,South,Home & Garden,33,19.07,629.41,0
2024-11-15,West,Apparel,41,23.93,981.03,0
2024-11-15,West,Electronics,57,21.72,1238.02,0
2024-11-15,West,Home & Garden,39,18.88,736.36,0
2024-11-16,North,Apparel,60,21.83,1310.08,0
2024-11-16,North,Electronics,80,18.97,1517.69,0
2024-11-16,North,Home & Garden,40,23.13,925.25,0
2024-11-16,South,Apparel,57,18.51,1054.88,0
2024-11-16,South,Electronics,55,21.36,1174.64,0
2024-11-16,South,Home & Garden,34,19.33,657.2,0
2024-11-16,West,Apparel,48,24.37,1169.93,0
2024-11-16,West,Electronics,63,21.92,1380.78,0
2024-11-16,West,Home & Garden,40,18.73,749.03,0
2024-11-17,North,Apparel,74,21.89,1620.01,1
2024-11-17,North,Electronics,78,19.11,1490.41,0
2024-11-17,North,Home & Garden,38,23.53,894.11,0
2024-11-17,South,Apparel,60,18.48,1108.51,0
2024-11-17,South,Electronics,57,21.23,1210.34,0
2024-11-17,South,Home & Garden,40,19.23,769.36,0
2024-11-17,West,Apparel,46,24.44,1124.15,0
2024-11-17,West,Electronics,56,21.91,1227.09,0
2024-11-17,West,Home & Garden,44,18.92,832.45,0
2024-11-18,North,Apparel,55,21.92,1205.69,0
2024-11-18,North,Electronics,75,19.04,1428.19,0
2024-11-18,North,Home & Garden,35,23.69,829.29,0
2024-11-18,South,Apparel,56,18.51,1036.78,0
2024-11-18,South,Electronics,52,21.21,1102.74,0
2024-11-18,South,Home & Garden,36,19.27,693.61,0
2024-11-18,West,Apparel,44,24.46,1076.4,0
2024-11-18,West,Electronics,63,21.88,1378.49,0
2024-11-18,West,Home & Garden,51,18.73,955.26,1
2024-11-19,North,Apparel,53,22.14,1173.31,0
2024-11-19,North,Electronics,80,19.0,1520.23,0
2024-11-19,North,Home & Garden,38,23.32,886.21,0
2024-11-19,South,Apparel,51,18.52,944.32,0
2024-11-19,South,Electronics,55,21.23,1167.43,0
2024-11-19,South,Home & Garden,39,18.94,738.54,0
2024-11-19,West,Apparel,44,24.32,1069.89,0
2024-11-19,West,Electronics,56,21.8,1220.8,0
2024-11-19,West,Home & Garden,37,18.88,698.56,0
2024-11-20,North,Apparel,58,22.07,1280.14,0
2024-11-20,North,Electronics,81,18.91,1532.02,0
2024-11-20,North,Home & Garden,37,23.31,862.49,0
2024-11-20,South,Apparel,57,18.61,1060.58,0
2024-11-20,South,Electronics,54,21.39,1155.3,0
2024-11-20,South,Home & Garden,35,18.91,661.76,0
2024-11-20,West,Apparel,42,24.47,1027.59,0
2024-11-20,West,Electronics,72,22.02,1585.3,1
2024-11-20,West,Home & Garden,42,18.71,785.69,0
2024-11-21,North,Apparel,58,22.01,1276.79,0
2024-11-21,North,Electronics,78,18.94,1477.08,0
2024-11-21,North,Home & Garden,37,23.48,868.6,0
2024-11-21,South,Apparel,52,18.53,963.59,0
2024-11-21,South,Electronics,53,21.39,1133.78,0
2024-11-21,South,Home & Garden,35,18.99,664.62,0
2024-11-21,West,Apparel,44,24.45,1075.61,0
2024-11-21,West,Electronics,60,21.9,1314.05,0
2024-11-21,West,Home & Garden,42,18.65,783.2,0
2024-11-22,North,Apparel,58,21.9,1270.16,0
2024-11-22,North,Electronics,82,19.04,1561.03,0
2024-11-22,North,Home & Garden,37,23.43,867.08,0
2024-11-22,South,Apparel,55,18.64,1025.42,0
2024-11-22,South,Electronics,60,21.32,1279.05,0
2024-11-22,South,Home & Garden,32,18.93,605.71,0
2024-11-22,West,Apparel,49,24.25,1188.02,0
2024-11-22,West,Electronics,60,21.93,1315.79,0
2024-11-22,West,Home & Garden,42,18.64,783.0,0
2024-11-23,North,Apparel,64,22.04,1410.79,0
2024-11-23,North,Electronics,82,18.99,1557.49,0
2024-11-23,North,Home & Garden,51,23.23,1184.97,1
2024-11-23,South,Apparel,59,18.57,1095.67,0
2024-11-23,South,Electronics,56,21.53,1205.42,0
2024-11-23,South,Home & Garden,41,19.08,782.27,0
2024-11-23,West,Apparel,51,24.2,1234.16,0
2024-11-23,West,Electronics,65,22.03,1432.17,0
2024-11-23,West,Home & Garden,47,18.98,891.97,0
2024-11-24,North,Apparel,63,21.91,1380.28,0
2024-11-24,North,Electronics,84,19.05,1600.05,0
2024-11-24,North,Home & Garden,56,23.29,1304.01,1
2024-11-24,South,Apparel,58,18.56,1076.73,0
2024-11-24,South,Electronics,59,21.3,1256.65,0
2024-11-24,South,Home & Garden,43,19.2,825.65,0
2024-11-24,West,Apparel,55,24.01,1320.81,0
2024-11-24,West,Electronics,61,21.99,1341.67,0
2024-11-24,West,Home & Garden,47,18.8,883.59,0
2024-11-25,North,Apparel,58,22.0,1276.04,0
2024-11-25,North,Electronics,82,19.1,1565.82,0
2024-11-25,North,Home & Garden,45,23.54,1059.44,1
2024-11-25,South,Apparel,56,18.69,1046.9,0
2024-11-25,South,Electronics,54,21.49,1160.41,0
2024-11-25,South,Home & Garden,36,18.96,682.74,0
2024-11-25,West,Apparel,43,24.44,1051.12,0
2024-11-25,West,Electronics,61,21.99,1341.22,0
2024-11-25,West,Home & Garden,40,18.91,756.56,0
2024-11-26,North,Apparel,58,21.84,1266.96,0
2024-11-26,North,Electronics,80,19.06,1525.12,0
2024-11-26,North,Home & Garden,41,23.16,949.39,0
2024-11-26,South,Apparel,54,18.4,993.69,0
2024-11-26,South,Electronics,57,21.2,1208.12,0
2024-11-26,South,Home & Garden,41,18.97,777.67,0
2024-11-26,West,Apparel,47,24.18,1136.31,0
2024-11-26,West,Electronics,59,22.06,1301.49,0
2024-11-26,West,Home & Garden,43,18.74,806.03,0
2024-11-27,North,Apparel,57,21.8,1242.52,0
2024-11-27,North,Electronics,81,19.04,1542.32,0
2024-11-27,North,Home & Garden,38,23.22,882.4,0
2024-11-27,South,Apparel,56,18.61,1042.29,0
2024-11-27,South,Electronics,53,21.39,1133.67,0
2024-11-27,South,Home & Garden,36,19.18,690.65,0
2024-11-27,West,Apparel,41,24.38,999.66,0
2024-11-27,West,Electronics,61,21.91,1336.63,0
2024-11-27,West,Home & Garden,43,18.81,808.67,0
2024-11-28,North,Apparel,59,22.11,1304.75,0
2024-11-28,North,Electronics,78,19.12,1491.42,0
2024-11-28,North,Home & Garden,37,23.39,865.36,0
2024-11-28,South,Apparel,55,18.44,1013.96,0
2024-11-28,South,Electronics,57,21.46,1223.2,0
2024-11-28,South,Home & Garden,37,18.93,700.29,0
2024-11-28,West,Apparel,45,24.29,1093.19,0
2024-11-28,West,Electronics,60,21.9,1314.18,0
2024-11-28,West,Home & Garden,39,18.83,734.38,0
2024-11-29,North,Apparel,54,22.02,1188.89,0
2024-11-29,North,Electronics,79,18.94,1496.33,0
2024-11-29,North,Home & Garden,38,23.53,894.16,0
2024-11-29,South,Apparel,53,18.7,991.09,0
2024-11-29,South,Electronics,59,21.52,1269.59,0
2024-11-29,South,Home & Garden,33,19.44,641.55,0
2024-11-29,West,Apparel,46,24.09,1108.19,0
2024-11-29,West,Electronics,60,21.88,1313.03,0
2024-11-29,West,Home & Garden,42,18.97,796.66,0
2024-11-30,North,Apparel,66,21.9,1445.44,0
2024-11-30,North,Electronics,81,19.07,1544.31,0
2024-11-30,North,Home & Garden,41,23.5,963.41,0
2024-11-30,South,Apparel,60,18.42,1105.44,0
2024-11-30,South,Electronics,56,21.27,1191.1,0
2024-11-30,South,Home & Garden,41,19.08,782.14,0
2024-11-30,West,Apparel,51,24.0,1223.95,0
2024-11-30,West,Electronics,61,21.87,1334.01,0
2024-11-30,West,Home & Garden,53,18.88,1000.81,1
2024-12-01,North,Apparel,62,22.09,1369.39,0
2024-12-01,North,Electronics,79,19.07,1506.47,0
2024-12-01,North,Home & Garden,40,23.6,944.0,0
2024-12-01,South,Apparel,60,18.56,1113.86,0
2024-12-01,South,Electronics,60,21.22,1273.08,0
2024-12-01,South,Home & Garden,36,19.29,694.49,0
2024-12-01,West,Apparel,47,24.34,1143.94,0
2024-12-01,West,Electronics,61,21.71,1324.06,0
2024-12-01,West,Home & Garden,46,18.7,860.07,0
2024-12-02,North,Apparel,51,22.05,1124.45,0
2024-12-02,North,Electronics,77,18.92,1456.96,0
2024-12-02,North,Home & Garden,37,23.15,856.69,0
2024-12-02,South,Apparel,52,18.71,972.72,0
2024-12-02,South,Electronics,53,21.31,1129.27,0
2024-12-02,South,Home & Garden,36,19.13,688.71,0
2024-12-02,West,Apparel,45,24.03,1081.19,0
2024-12-02,West,Electronics,59,21.81,1286.77,0
2024-12-02,West,Home & Garden,39,19.07,743.57,0
2024-12-03,North,Apparel,53,22.0,1166.19,0
2024-12-03,North,Electronics,73,18.89,1378.7,0
2024-12-03,North,Home & Garden,36,23.26,837.29,0
2024-12-03,South,Apparel,49,18.44,903.51,0
2024-12-03,South,Electronics,56,21.45,1201.28,0
2024-12-03,South,Home & Garden,35,19.42,679.61,0
2024-12-03,West,Apparel,41,24.4,1000.53,0
2024-12-03,West,Electronics,59,22.07,1301.93,0
2024-12-03,West,Home & Garden,38,18.97,720.93,0
2024-12-04,North,Apparel,52,22.05,1146.67,0
2024-12-04,North,Electronics,74,19.04,1408.66,0
2024-12-04,North,Home & Garden,35,23.27,814.6,0
2024-12-04,South,Apparel,50,18.39,919.59,0
2024-12-04,South,Electronics,57,21.37,1218.21,0
2024-12-04,South,Home & Garden,36,19.19,690.99,0
2024-12-04,West,Apparel,41,24.3,996.41,0
2024-12-04,West,Electronics,56,21.74,1217.22,0
2024-12-04,West,Home & Garden,39,18.81,733.78,0
2024-12-05,North,Apparel,64,21.81,1395.72,1
2024-12-05,North,Electronics,74,18.91,1399.52,0
2024-12-05,North,Home & Garden,36,23.35,840.43,0
2024-12-05,South,Apparel,51,18.53,944.92,0
2024-12-05,South,Electronics,51,21.47,1094.79,0
2024-12-05,South,Home & Garden,40,19.29,771.64,1
2024-12-05,West,Apparel,40,24.15,965.88,0
2024-12-05,West,Electronics,54,22.02,1189.03,0
2024-12-05,West,Home & Garden,37,18.67,690.67,0
2024-12-06,North,Apparel,49,21.79,1067.8,0
2024-12-06,North,Electronics,73,18.93,1381.89,0
2024-12-06,North,Home & Garden,32,23.19,742.18,0
2024-12-06,South,Apparel,47,18.48,868.45,0
2024-12-06,South,Electronics,48,21.29,1022.09,0
2024-12-06,South,Home & Garden,33,18.97,626.09,0
2024-12-06,West,Apparel,38,24.14,917.48,0
2024-12-06,West,Electronics,57,21.74,1239.28,0
2024-12-06,West,Home & Garden,39,18.65,727.22,0
2024-12-07,North,Apparel,55,21.91,1205.07,0
2024-12-07,North,Electronics,75,18.98,1423.42,0
2024-12-07,North,Home & Garden,36,23.22,835.79,0
2024-12-07,South,Apparel,51,18.6,948.42,0
2024-12-07,South,Electronics,55,21.42,1178.2,0
2024-12-07,South,Home & Garden,50,19.2,959.78,1
2024-12-07,West,Apparel,46,24.46,1125.21,0
2024-12-07,West,Electronics,57,21.99,1253.57,0
2024-12-07,West,Home & Garden,43,18.84,809.92,0
2024-12-08,North,Apparel,54,21.77,1175.42,0
2024-12-08,North,Electronics,74,19.09,1412.44,0
2024-12-08,North,Home & Garden,35,23.58,825.24,0
2024-12-08,South,Apparel,50,18.5,924.92,0
2024-12-08,South,Electronics,53,21.33,1130.7,0
2024-12-08,South,Home & Garden,37,18.99,702.47,0
2024-12-08,West,Apparel,43,24.28,1043.89,0
2024-12-08,West,Electronics,58,22.0,1275.82,0
2024-12-08,West,Home & Garden,39,18.83,734.18,0
2024-12-09,North,Apparel,46,21.9,1007.62,0
2024-12-09,North,Electronics,88,18.99,1671.3,1
2024-12-09,North,Home & Garden,30,23.7,711.06,0
2024-12-09,South,Apparel,46,18.38,845.63,0
2024-12-09,South,Electronics,50,21.37,1068.5,0
2024-12-09,South,Home & Garden,29,19.14,555.18,0
2024-12-09,West,Apparel,39,24.24,945.34,0
2024-12-09,West,Electronics,51,21.99,1121.37,0
2024-12-09,West,Home & Garden,34,18.96,644.66,0
2024-12-10,North,Apparel,45,21.77,979.57,0
2024-12-10,North,Electronics,71,19.12,1357.57,0
2024-12-10,North,Home & Garden,32,23.02,736.78,0
2024-12-10,South,Apparel,42,18.68,784.45,0
2024-12-10,South,Electronics,48,21.17,1016.36,0
2024-12-10,South,Home & Garden,26,18.87,490.53,0
2024-12-10,West,Apparel,38,24.32,924.08,0
2024-12-10,West,Electronics,49,21.76,1066.2,0
2024-12-10,West,Home & Garden,33,18.94,624.96,0
2024-12-11,North,Apparel,47,21.91,1029.78,0
2024-12-11,North,Electronics,67,18.98,1271.47,0
2024-12-11,North,Home & Garden,32,23.05,737.7,0
2024-12-11,South,Apparel,43,18.41,791.64,0
2024-12-11,South,Electronics,46,21.26,978.14,0
2024-12-11,South,Home & Garden,30,19.19,575.63,0
2024-12-11,West,Apparel,34,24.26,824.79,0
2024-12-11,West,Electronics,51,21.71,1107.06,0
2024-12-11,West,Home & Garden,34,18.8,639.23,0
2024-12-12,North,Apparel,41,22.06,904.64,0
2024-12-12,North,Electronics,65,18.92,1229.94,0
2024-12-12,North,Home & Garden,27,23.64,638.25,0
2024-12-12,South,Apparel,40,18.74,749.57,0
2024-12-12,South,Electronics,49,21.57,1057.15,0
2024-12-12,South,Home & Garden,29,18.89,547.92,0
2024-12-12,West,Apparel,37,24.17,894.3,0
2024-12-12,West,Electronics,49,22.08,1082.11,0
2024-12-12,West,Home & Garden,35,18.87,660.58,0
2024-12-13,North,Apparel,44,22.1,972.34,0
2024-12-13,North,Electronics,64,19.09,1221.58,0
2024-12-13,North,Home & Garden,29,23.38,678.06,0
2024-12-13,South,Apparel,43,18.44,792.96,0
2024-12-13,South,Electronics,47,21.43,1007.11,0
2024-12-13,South,Home & Garden,27,19.4,523.81,0
2024-12-13,West,Apparel,35,24.26,849.03,0
2024-12-13,West,Electronics,50,21.99,1099.47,0
2024-12-13,West,Home & Garden,29,18.82,545.68,0
2024-12-14,North,Apparel,50,21.74,1087.19,0
2024-12-14,North,Electronics,68,19.0,1292.04,0
2024-12-14,North,Home & Garden,33,23.09,761.98,0
2024-12-14,South,Apparel,46,18.65,857.98,0
2024-12-14,South,Electronics,46,21.23,976.41,0
2024-12-14,South,Home & Garden,34,19.16,651.44,0
2024-12-14,West,Apparel,37,24.1,891.66,0
2024-12-14,West,Electronics,51,22.0,1121.75,0
2024-12-14,West,Home & Garden,34,18.66,634.48,0
2024-12-15,North,Apparel,47,21.92,1030.05,0
2024-12-15,North,Electronics,68,18.89,1284.8,0
2024-12-15,North,Home & Garden,32,23.52,752.72,0
2024-12-15,South,Apparel,48,18.67,896.18,0
2024-12-15,South,Electronics,50,21.24,1061.84,0
2024-12-15,South,Home & Garden,32,19.22,614.91,0
2024-12-15,West,Apparel,39,24.02,936.91,0
2024-12-15,West,Electronics,54,21.71,1172.16,0
2024-12-15,West,Home & Garden,36,18.67,672.05,0
2024-12-16,North,Apparel,41,22.09,905.87,0
2024-12-16,North,Electronics,63,18.95,1193.86,0
2024-12-16,North,Home & Garden,35,23.23,813.21,1
2024-12-16,South,Apparel,41,18.61,762.96,0
2024-12-16,South,Electronics,46,21.38,983.32,0
2024-12-16,South,Home & Garden,25,18.91,472.82,0
2024-12-16,West,Apparel,31,24.03,744.97,0
2024-12-16,West,Electronics,48,21.99,1055.3,0
2024-12-16,West,Home & Garden,31,18.81,583.16,0
2024-12-17,North,Apparel,43,21.79,936.77,0
2024-12-17,North,Electronics,61,19.0,1159.28,0
2024-12-17,North,Home & Garden,28,22.98,643.56,0
2024-12-17,South,Apparel,37,18.73,693.18,0
2024-12-17,South,Electronics,44,21.32,938.27,0
2024-12-17,South,Home & Garden,23,19.33,444.64,0
2024-12-17,West,Apparel,35,23.95,838.37,0
2024-12-17,West,Electronics,49,21.75,1065.55,0
2024-12-17,West,Home & Garden,28,19.15,536.21,0
2024-12-18,North,Apparel,39,21.79,849.96,0
2024-12-18,North,Electronics,62,19.15,1187.36,0
2024-12-18,North,Home & Garden,26,23.65,614.94,0
2024-12-18,South,Apparel,40,18.51,740.58,0
2024-12-18,South,Electronics,48,21.21,1018.19,0
2024-12-18,South,Home & Garden,24,19.45,466.7,0
2024-12-18,West,Apparel,33,24.13,796.16,0
2024-12-18,West,Electronics,48,22.03,1057.43,0
2024-12-18,West,Home & Garden,30,18.96,568.79,0
2024-12-19,North,Apparel,38,22.2,843.43,0
2024-12-19,North,Electronics,64,18.87,1207.5,0
2024-12-19,North,Home & Garden,27,23.27,628.34,0
2024-12-19,South,Apparel,36,18.48,665.4,0
2024-12-19,South,Electronics,43,21.18,910.79,0
2024-12-19,South,Home & Garden,31,18.86,584.66,0
2024-12-19,West,Apparel,41,24.45,1002.44,1
2024-12-19,West,Electronics,48,21.91,1051.67,0
2024-12-19,West,Home & Garden,28,18.95,530.62,0
2024-12-20,North,Apparel,38,22.06,838.38,0
2024-12-20,North,Electronics,64,19.04,1218.67,0
2024-12-20,North,Home & Garden,25,22.96,573.92,0
2024-12-20,South,Apparel,37,18.44,682.28,0
2024-12-20,South,Electronics,43,21.52,925.18,0
2024-12-20,South,Home & Garden,27,19.32,521.56,0
2024-12-20,West,Apparel,33,24.15,796.85,0
2024-12-20,West,Electronics,47,22.03,1035.34,0
2024-12-20,West,Home & Garden,28,19.13,535.76,0
2024-12-21,North,Apparel,46,22.1,1016.79,0
2024-12-21,North,Electronics,64,19.07,1220.42,0
2024-12-21,North,Home & Garden,30,23.58,707.53,0
2024-12-21,South,Apparel,41,18.39,754.17,0
2024-12-21,South,Electronics,48,21.3,1022.37,0
2024-12-21,South,Home & Garden,31,19.0,588.86,0
2024-12-21,West,Apparel,33,24.12,796.01,0
2024-12-21,West,Electronics,51,21.84,1113.85,0
2024-12-21,West,Home & Garden,36,18.93,681.39,0
2024-12-22,North,Apparel,46,22.07,1015.04,0
2024-12-22,North,Electronics,64,19.09,1221.5,0
2024-12-22,North,Home & Garden,29,23.78,689.48,0
2024-12-22,South,Apparel,43,18.69,803.76,0
2024-12-22,South,Electronics,46,21.46,987.0,0
2024-12-22,South,Home & Garden,30,19.08,572.49,0
2024-12-22,West,Apparel,34,24.22,823.38,0
2024-12-22,West,Electronics,61,21.8,1329.95,1
2024-12-22,West,Home & Garden,33,18.82,621.16,0
2024-12-23,North,Apparel,36,21.72,781.79,0
2024-12-23,North,Electronics,60,18.9,1133.86,0
2024-12-23,North,Home & Garden,26,23.53,611.8,0
2024-12-23,South,Apparel,36,18.54,667.58,0
2024-12-23,South,Electronics,40,21.44,857.71,0
2024-12-23,South,Home & Garden,25,19.09,477.33,0
2024-12-23,West,Apparel,43,24.36,1047.35,1
2024-12-23,West,Electronics,50,21.7,1085.2,0
2024-12-23,West,Home & Garden,43,18.71,804.51,1
2024-12-24,North,Apparel,40,21.83,873.14,0
2024-12-24,North,Electronics,62,18.88,1170.44,0
2024-12-24,North,Home & Garden,27,23.28,628.49,0
2024-12-24,South,Apparel,36,18.68,672.4,0
2024-12-24,South,Electronics,43,21.52,925.38,0
2024-12-24,South,Home & Garden,27,19.43,524.48,0
2024-12-24,West,Apparel,46,24.18,1112.34,1
2024-12-24,West,Electronics,46,21.92,1008.36,0
2024-12-24,West,Home & Garden,29,18.69,541.97,0
2024-12-25,North,Apparel,39,22.1,861.82,0
2024-12-25,North,Electronics,59,19.16,1130.71,0
2024-12-25,North,Home & Garden,26,23.61,613.95,0
2024-12-25,South,Apparel,32,18.58,594.42,0
2024-12-25,South,Electronics,42,21.34,896.14,0
2024-12-25,South,Home & Garden,39,19.12,745.74,1
2024-12-25,West,Apparel,28,24.22,678.1,0
2024-12-25,West,Electronics,44,21.76,957.41,0
2024-12-25,West,Home & Garden,42,18.89,793.37,1
2024-12-26,North,Apparel,40,22.2,888.18,0
2024-12-26,North,Electronics,63,18.93,1192.37,0
2024-12-26,North,Home & Garden,27,23.75,641.35,0
2024-12-26,South,Apparel,31,18.29,566.89,0
2024-12-26,South,Electronics,45,21.15,951.54,0
2024-12-26,South,Home & Garden,26,19.25,500.39,0
2024-12-26,West,Apparel,27,24.07,650.0,0
2024-12-26,West,Electronics,47,21.76,1022.88,0
2024-12-26,West,Home & Garden,28,19.0,532.04,0
2024-12-27,North,Apparel,38,22.08,839.12,0
2024-12-27,North,Electronics,57,19.03,1084.49,0
2024-12-27,North,Home & Garden,26,23.06,599.47,0
2024-12-27,South,Apparel,32,18.73,599.34,0
2024-12-27,South,Electronics,43,21.36,918.43,0
2024-12-27,South,Home & Garden,24,19.45,466.84,0
2024-12-27,West,Apparel,27,24.39,658.5,0
2024-12-27,West,Electronics,45,21.66,974.61,0
2024-12-27,West,Home & Garden,27,18.99,512.72,0
2024-12-28,North,Apparel,43,21.87,940.26,0
2024-12-28,North,Electronics,64,18.87,1207.46,0
2024-12-28,North,Home & Garden,31,23.31,722.67,0
2024-12-28,South,Apparel,54,18.66,1007.79,1
2024-12-28,South,Electronics,46,21.19,974.93,0
2024-12-28,South,Home & Garden,33,19.28,636.09,0
2024-12-28,West,Apparel,36,24.2,871.06,0
2024-12-28,West,Electronics,50,22.04,1101.8,0
2024-12-28,West,Home & Garden,34,18.87,641.58,0
2024-12-29,North,Apparel,45,21.93,986.7,0
2024-12-29,North,Electronics,65,19.02,1236.43,0
2024-12-29,North,Home & Garden,32,23.11,739.65,0
2024-12-29,South,Apparel,43,18.36,789.37,0
2024-12-29,South,Electronics,43,21.46,922.91,0
2024-12-29,South,Home & Garden,31,19.15,593.59,0
2024-12-29,West,Apparel,33,24.55,810.05,0
2024-12-29,West,Electronics,53,22.09,1170.63,0
2024-12-29,West,Home & Garden,34,19.09,649.12,0
2024-12-30,North,Apparel,39,21.75,848.18,0
2024-12-30,North,Electronics,62,18.88,1170.77,0
2024-12-30,North,Home & Garden,26,23.82,619.43,0
2024-12-30,South,Apparel,37,18.57,687.09,0
2024-12-30,South,Electronics,42,21.42,899.43,0
2024-12-30,South,Home & Garden,27,19.29,520.86,0
2024-12-30,West,Apparel,29,24.38,706.88,0
2024-12-30,West,Electronics,45,21.68,975.47,0
2024-12-30,West,Home & Garden,30,19.01,570.36,0
2024-12-31,North,Apparel,41,22.19,909.77,0
2024-12-31,North,Electronics,68,18.88,1283.65,0
2024-12-31,North,Home & Garden,26,23.42,608.95,0
2024-12-31,South,Apparel,34,18.4,625.54,0
2024-12-31,South,Electronics,45,21.19,953.41,0
2024-12-31,South,Home & Garden,24,19.03,456.68,0
2024-12-31,West,Apparel,31,23.99,743.54,0
2024-12-31,West,Electronics,47,21.83,1025.79,0
2024-12-31,West,Home & Garden,28,18.89,528.9,0
